ANVITA	F-score: 0.370
ANVITA	F-score: 0.396
ANVITA	F-score: 0.647
ANVITA	F-score: 0.463
ANVITA	F-score: 0.389
ANVITA	F-score: 0.361
ANVITA	F-score: 0.174
ANVITA	F-score: 0.597
ANVITA	F-score: 0.506
ANVITA	F-score: 0.778
ANVITA	F-score: 0.737
ANVITA	F-score: 0.594
ANVITA	F-score: 0.400
ANVITA	F-score: 0.421
ANVITA	F-score: 0.647
ANVITA	F-score: 0.500
ANVITA	F-score: 0.309
ANVITA	F-score: 0.333
ANVITA	F-score: 0.593
ANVITA	F-score: 0.414
ANVITA	F-score: 0.388
ANVITA	F-score: 0.419
ANVITA	F-score: 0.238
ANVITA	F-score: 0.625
ANVITA	F-score: 0.647
ANVITA	F-score: 1.000
ANVITA	F-score: 0.486
ANVITA	F-score: 0.571
ANVITA	F-score: 0.353
ANVITA	F-score: 0.545
ANVITA	F-score: 0.865
ANVITA	F-score: 0.462
ANVITA	F-score: 0.556
ANVITA	F-score: 1.000
ANVITA	F-score: 0.462
ANVITA	F-score: 0.400
ANVITA	F-score: 0.667
ANVITA	F-score: 1.000
ANVITA	F-score: 0.542
ANVITA	F-score: 0.421
ANVITA	F-score: 0.500
ANVITA	F-score: 0.547
ANVITA	F-score: 0.357
ANVITA	F-score: 0.567
ANVITA	F-score: 0.578
ANVITA	F-score: 0.471
ANVITA	F-score: 0.571
ANVITA	F-score: 0.333
ANVITA	F-score: 0.351
ANVITA	F-score: 0.200
ANVITA	F-score: 0.600
ANVITA	F-score: 0.346
ANVITA	F-score: 0.318
ANVITA	F-score: 0.375
ANVITA	F-score: 0.396
ANVITA	F-score: 0.336
ANVITA	F-score: 0.381
ANVITA	F-score: 0.565
ANVITA	F-score: 0.286
ANVITA	F-score: 0.400
ANVITA	F-score: 0.333
ANVITA	F-score: 0.353
ANVITA	F-score: 0.667
ANVITA	F-score: 0.500
ANVITA	F-score: 0.333
ANVITA	F-score: 0.370
ANVITA	F-score: 0.437
ANVITA	F-score: 0.714
ANVITA	F-score: 0.643
ANVITA	F-score: 0.407
ANVITA	F-score: 0.769
ANVITA	F-score: 0.200
ANVITA	F-score: 0.388
ANVITA	F-score: 0.333
ANVITA	F-score: 1.000
ANVITA	F-score: 0.167
ANVITA	F-score: 0.490
ANVITA	F-score: 0.435
ANVITA	F-score: 0.286
ANVITA	F-score: 0.467
ANVITA	F-score: 0.714
ANVITA	F-score: 0.667
ANVITA	F-score: 0.905
ANVITA	F-score: 0.833
ANVITA	F-score: 0.562
ANVITA	F-score: 0.538
ANVITA	F-score: 0.600
ANVITA	F-score: 0.429
ANVITA	F-score: 0.357
ANVITA	F-score: 0.433
ANVITA	F-score: 0.872
ANVITA	F-score: 0.800
ANVITA	F-score: 0.234
ANVITA	F-score: 0.400
ANVITA	F-score: 0.818
ANVITA	F-score: 0.568
ANVITA	F-score: 0.400
ANVITA	F-score: 0.624
ANVITA	F-score: 0.727
ANVITA	F-score: 0.554
ANVITA	F-score: 0.800
ANVITA	F-score: 0.435
ANVITA	F-score: 0.281
ANVITA	F-score: 0.400
ANVITA	F-score: 0.429
ANVITA	F-score: 0.348
ANVITA	F-score: 0.800
ANVITA	F-score: 0.600
ANVITA	F-score: 0.649
ANVITA	F-score: 0.385
ANVITA	F-score: 0.341
ANVITA	F-score: 0.333
ANVITA	F-score: 0.308
ANVITA	F-score: 0.500
ANVITA	F-score: 0.472
ANVITA	F-score: 0.545
ANVITA	F-score: 0.333
ANVITA	F-score: 0.231
ANVITA	F-score: 0.182
ANVITA	F-score: 0.400
ANVITA	F-score: 0.333
ANVITA	F-score: 1.000
ANVITA	F-score: 0.299
ANVITA	F-score: 0.667
ANVITA	F-score: 0.400
ANVITA	F-score: 0.347
ANVITA	F-score: 0.333
ANVITA	F-score: 1.000
ANVITA	F-score: 0.429
ANVITA	F-score: 0.621
ANVITA	F-score: 0.500
ANVITA	F-score: 0.200
ANVITA	F-score: 0.200
ANVITA	F-score: 0.333
ANVITA	F-score: 0.167
ANVITA	F-score: 0.207
ANVITA	F-score: 0.316
ANVITA	F-score: 0.400
ANVITA	F-score: 0.333
ANVITA	F-score: 0.167
ANVITA	F-score: 0.308
ANVITA	F-score: 0.465
ANVITA	F-score: 0.667
ANVITA	F-score: 0.200
ANVITA	F-score: 0.583
ANVITA	F-score: 0.564
ANVITA	F-score: 0.444
ANVITA	F-score: 0.421
ANVITA	F-score: 0.456
ANVITA	F-score: 0.541
ANVITA	F-score: 0.538
ANVITA	F-score: 0.275
ANVITA	F-score: 0.519
ANVITA	F-score: 0.409
ANVITA	F-score: 0.415
ANVITA	F-score: 0.524
ANVITA	F-score: 0.500
ANVITA	F-score: 0.317
ANVITA	F-score: 0.800
ANVITA	F-score: 0.211
ANVITA	F-score: 0.167
ANVITA	F-score: 0.754
ANVITA	F-score: 0.875
ANVITA	F-score: 0.944
ANVITA	F-score: 0.629
ANVITA	F-score: 0.637
ANVITA	F-score: 0.439
ANVITA	F-score: 0.667
ANVITA	F-score: 0.691
ANVITA	F-score: 0.615
ANVITA	F-score: 0.913
ANVITA	F-score: 0.375
ANVITA	F-score: 0.364
ANVITA	F-score: 0.333
ANVITA	F-score: 0.341
ANVITA	F-score: 0.364
ANVITA	F-score: 0.467
ANVITA	F-score: 0.294
ANVITA	F-score: 0.154
ANVITA	F-score: 0.154
ANVITA	F-score: 0.400
ANVITA	F-score: 0.267
ANVITA	F-score: 0.167
ANVITA	F-score: 0.384
ANVITA	F-score: 0.413
ANVITA	F-score: 0.326
ANVITA	F-score: 0.356
ANVITA	F-score: 0.308
ANVITA	F-score: 0.333
ANVITA	F-score: 1.000
ANVITA	F-score: 1.000
ANVITA	F-score: 0.596
ANVITA	F-score: 0.786
ANVITA	F-score: 0.554
ANVITA	F-score: 0.405
ANVITA	F-score: 0.750
ANVITA	F-score: 0.429
ANVITA	F-score: 0.588
ANVITA	F-score: 0.443
ANVITA	F-score: 0.308
ANVITA	F-score: 0.350
ANVITA	F-score: 0.314
ANVITA	F-score: 0.367
ANVITA	F-score: 0.379
ANVITA	F-score: 0.273
ANVITA	F-score: 0.512
ANVITA	F-score: 0.465
ANVITA	F-score: 0.556
ANVITA	F-score: 0.286
ANVITA	F-score: 0.415
ANVITA	F-score: 0.372
ANVITA	F-score: 0.471
ANVITA	F-score: 0.179
ANVITA	F-score: 0.290
ANVITA	F-score: 0.382
ANVITA	F-score: 0.600
ANVITA	F-score: 0.408
ANVITA	F-score: 0.301
ANVITA	F-score: 0.273
ANVITA	F-score: 0.320
ANVITA	F-score: 0.391
ANVITA	F-score: 0.267
ANVITA	F-score: 0.387
ANVITA	F-score: 0.244
ANVITA	F-score: 0.263
ANVITA	F-score: 0.438
ANVITA	F-score: 0.586
ANVITA	F-score: 0.590
ANVITA	F-score: 0.437
ANVITA	F-score: 0.390
ANVITA	F-score: 0.411
ANVITA	F-score: 0.493
ANVITA	F-score: 0.250
ANVITA	F-score: 0.364
ANVITA	F-score: 0.267
ANVITA	F-score: 1.000
ANVITA	F-score: 0.818
ANVITA	F-score: 1.000
ANVITA	F-score: 0.703
ANVITA	F-score: 0.759
ANVITA	F-score: 0.800
ANVITA	F-score: 0.976
ANVITA	F-score: 0.984
ANVITA	F-score: 0.833
ANVITA	F-score: 0.679
ANVITA	F-score: 0.511
ANVITA	F-score: 0.400
ANVITA	F-score: 0.568
ANVITA	F-score: 0.609
ANVITA	F-score: 0.491
ANVITA	F-score: 0.295
ANVITA	F-score: 0.357
ANVITA	F-score: 0.478
ANVITA	F-score: 0.367
ANVITA	F-score: 0.420
ANVITA	F-score: 0.387
ANVITA	F-score: 0.833
ANVITA	F-score: 0.500
ANVITA	F-score: 0.333
ANVITA	F-score: 0.435
ANVITA	F-score: 0.505
ANVITA	F-score: 0.540
ANVITA	F-score: 0.400
ANVITA	F-score: 0.607
ANVITA	F-score: 0.630
ANVITA	F-score: 0.611
ANVITA	F-score: 0.381
ANVITA	F-score: 0.320
ANVITA	F-score: 0.548
ANVITA	F-score: 0.542
ANVITA	F-score: 0.739
ANVITA	F-score: 0.490
ANVITA	F-score: 0.545
ANVITA	F-score: 0.211
ANVITA	F-score: 0.593
ANVITA	F-score: 0.368
ANVITA	F-score: 0.375
ANVITA	F-score: 0.198
ANVITA	F-score: 0.429
ANVITA	F-score: 0.760
ANVITA	F-score: 1.000
ANVITA	F-score: 0.568
ANVITA	F-score: 0.774
ANVITA	F-score: 0.962
ANVITA	F-score: 0.303
ANVITA	F-score: 0.833
ANVITA	F-score: 0.608
ANVITA	F-score: 0.612
ANVITA	F-score: 0.897
ANVITA	F-score: 0.624
ANVITA	F-score: 0.326
ANVITA	F-score: 0.211
ANVITA	F-score: 0.405
ANVITA	F-score: 0.246
ANVITA	F-score: 0.355
ANVITA	F-score: 0.384
ANVITA	F-score: 0.515
ANVITA	F-score: 0.432
ANVITA	F-score: 0.571
ANVITA	F-score: 0.609
ANVITA	F-score: 0.667
ANVITA	F-score: 0.500
ANVITA	F-score: 0.333
ANVITA	F-score: 0.551
ANVITA	F-score: 0.373
ANVITA	F-score: 0.833
ANVITA	F-score: 0.656
ANVITA	F-score: 0.426
ANVITA	F-score: 0.507
ANVITA	F-score: 0.404
ANVITA	F-score: 0.345
ANVITA	F-score: 0.769
ANVITA	F-score: 0.377
ANVITA	F-score: 0.557
ANVITA	F-score: 0.875
ANVITA	F-score: 0.909
ANVITA	F-score: 0.727
ANVITA	F-score: 0.785
ANVITA	F-score: 0.711
ANVITA	F-score: 0.836
ANVITA	F-score: 0.889
ANVITA	F-score: 0.875
ANVITA	F-score: 0.814
ANVITA	F-score: 0.941
ANVITA	F-score: 0.536
ANVITA	F-score: 0.337
ANVITA	F-score: 0.291
ANVITA	F-score: 0.264
ANVITA	F-score: 0.279
ANVITA	F-score: 0.419
ANVITA	F-score: 0.610
ANVITA	F-score: 0.469
ANVITA	F-score: 0.600
ANVITA	F-score: 0.359
ANVITA	F-score: 0.312
ANVITA	F-score: 0.347
ANVITA	F-score: 0.255
ANVITA	F-score: 0.352
ANVITA	F-score: 0.370
ANVITA	F-score: 0.450
ANVITA	F-score: 0.562
ANVITA	F-score: 0.463
ANVITA	F-score: 0.593
ANVITA	F-score: 0.190
ANVITA	F-score: 0.326
ANVITA	F-score: 0.394
ANVITA	F-score: 0.231
ANVITA	F-score: 0.459
ANVITA	F-score: 0.457
ANVITA	F-score: 1.000
ANVITA	F-score: 0.596
ANVITA	F-score: 0.566
ANVITA	F-score: 0.727
ANVITA	F-score: 0.810
ANVITA	F-score: 0.636
ANVITA	F-score: 0.690
ANVITA	F-score: 0.658
ANVITA	F-score: 0.839
ANVITA	F-score: 0.809
ANVITA	F-score: 0.769
ANVITA	F-score: 0.333
ANVITA	F-score: 0.644
ANVITA	F-score: 0.611
ANVITA	F-score: 0.615
ANVITA	F-score: 0.623
ANVITA	F-score: 0.617
ANVITA	F-score: 0.621
ANVITA	F-score: 0.667
ANVITA	F-score: 0.591
ANVITA	F-score: 0.721
ANVITA	F-score: 0.615
ANVITA	F-score: 0.769
ANVITA	F-score: 0.505
ANVITA	F-score: 0.667
ANVITA	F-score: 0.575
ANVITA	F-score: 0.655
ANVITA	F-score: 0.566
ANVITA	F-score: 0.642
ANVITA	F-score: 0.795
ANVITA	F-score: 1.000
ANVITA	F-score: 0.400
ANVITA	F-score: 0.200
ANVITA	F-score: 0.708
ANVITA	F-score: 0.217
ANVITA	F-score: 1.000
ANVITA	F-score: 0.196
ANVITA	F-score: 0.958
ANVITA	F-score: 0.483
ANVITA	F-score: 0.522
ANVITA	F-score: 0.791
ANVITA	F-score: 0.525
ANVITA	F-score: 0.172
ANVITA	F-score: 0.500
ANVITA	F-score: 0.286
ANVITA	F-score: 0.540
ANVITA	F-score: 0.519
ANVITA	F-score: 1.000
ANVITA	F-score: 1.000
ANVITA	F-score: 0.276
ANVITA	F-score: 0.459
ANVITA	F-score: 0.571
ANVITA	F-score: 0.118
ANVITA	F-score: 0.476
ANVITA	F-score: 0.444
ANVITA	F-score: 0.187
ANVITA	F-score: 0.480
ANVITA	F-score: 0.583
ANVITA	F-score: 0.227
ANVITA	F-score: 1.000
ANVITA	F-score: 0.476
ANVITA	F-score: 0.444
ANVITA	F-score: 0.333
ANVITA	F-score: 0.292
ANVITA	F-score: 0.352
ANVITA	F-score: 0.750
ANVITA	F-score: 0.516
ANVITA	F-score: 0.231
ANVITA	F-score: 0.425
ANVITA	F-score: 0.667
ANVITA	F-score: 0.818
ANVITA	F-score: 0.500
ANVITA	F-score: 0.154
ANVITA	F-score: 0.182
ANVITA	F-score: 0.345
ANVITA	F-score: 0.300
ANVITA	F-score: 0.500
ANVITA	F-score: 0.557
ANVITA	F-score: 0.364
ANVITA	F-score: 0.357
ANVITA	F-score: 0.426
ANVITA	F-score: 0.947
ANVITA	F-score: 0.510
ANVITA	F-score: 1.000
ANVITA	F-score: 0.467
ANVITA	F-score: 0.714
ANVITA	F-score: 0.533
ANVITA	F-score: 0.174
ANVITA	F-score: 0.429
ANVITA	F-score: 0.467
ANVITA	F-score: 0.385
ANVITA	F-score: 0.480
ANVITA	F-score: 0.588
ANVITA	F-score: 1.000
ANVITA	F-score: 0.875
ANVITA	F-score: 0.457
ANVITA	F-score: 0.600
ANVITA	F-score: 0.333
ANVITA	F-score: 1.000
ANVITA	F-score: 0.507
ANVITA	F-score: 0.340
ANVITA	F-score: 0.667
ANVITA	F-score: 0.406
ANVITA	F-score: 0.619
ANVITA	F-score: 0.667
ANVITA	F-score: 1.000
ANVITA	F-score: 0.957
ANVITA	F-score: 0.706
ANVITA	F-score: 0.344
ANVITA	F-score: 0.568
ANVITA	F-score: 0.500
ANVITA	F-score: 0.348
ANVITA	F-score: 0.345
ANVITA	F-score: 0.308
ANVITA	F-score: 0.700
ANVITA	F-score: 0.778
ANVITA	F-score: 0.714
ANVITA	F-score: 0.378
ANVITA	F-score: 0.390
ANVITA	F-score: 0.457
ANVITA	F-score: 0.600
ANVITA	F-score: 0.336
ANVITA	F-score: 0.467
ANVITA	F-score: 0.500
ANVITA	F-score: 0.500
ANVITA	F-score: 0.615
ANVITA	F-score: 0.875
ANVITA	F-score: 0.375
ANVITA	F-score: 0.667
ANVITA	F-score: 0.571
ANVITA	F-score: 0.282
ANVITA	F-score: 0.381
ANVITA	F-score: 0.571
ANVITA	F-score: 0.455
ANVITA	F-score: 0.525
ANVITA	F-score: 0.400
ANVITA	F-score: 0.450
ANVITA	F-score: 0.375
ANVITA	F-score: 0.563
ANVITA	F-score: 0.642
ANVITA	F-score: 0.599
ANVITA	F-score: 0.600
ANVITA	F-score: 0.857
ANVITA	F-score: 0.640
ANVITA	F-score: 1.000
ANVITA	F-score: 0.935
ANVITA	F-score: 0.810
ANVITA	F-score: 0.533
ANVITA	F-score: 0.632
ANVITA	F-score: 0.619
ANVITA	F-score: 0.579
ANVITA	F-score: 0.429
ANVITA	F-score: 0.519
ANVITA	F-score: 0.706
ANVITA	F-score: 0.626
ANVITA	F-score: 0.506
ANVITA	F-score: 0.467
ANVITA	F-score: 0.681
ANVITA	F-score: 0.835
ANVITA	F-score: 0.551
ANVITA	F-score: 0.658
ANVITA	F-score: 0.717
ANVITA	F-score: 0.437
ANVITA	F-score: 0.538
ANVITA	F-score: 0.524
ANVITA	F-score: 0.483
ANVITA	F-score: 0.509
ANVITA	F-score: 0.497
ANVITA	F-score: 0.507
ANVITA	F-score: 0.530
ANVITA	F-score: 0.500
ANVITA	F-score: 0.431
ANVITA	F-score: 0.588
ANVITA	F-score: 1.000
ANVITA	F-score: 0.692
ANVITA	F-score: 0.543
ANVITA	F-score: 0.619
ANVITA	F-score: 0.548
ANVITA	F-score: 0.267
ANVITA	F-score: 0.486
ANVITA	F-score: 0.323
ANVITA	F-score: 0.200
ANVITA	F-score: 0.297
ANVITA	F-score: 0.257
ANVITA	F-score: 0.276
ANVITA	F-score: 0.275
ANVITA	F-score: 0.457
ANVITA	F-score: 0.349
ANVITA	F-score: 0.213
ANVITA	F-score: 0.364
ANVITA	F-score: 0.207
ANVITA	F-score: 0.345
ANVITA	F-score: 0.298
ANVITA	F-score: 0.231
ANVITA	F-score: 0.407
ANVITA	F-score: 0.364
ANVITA	F-score: 0.444
ANVITA	F-score: 0.465
ANVITA	F-score: 0.333
ANVITA	F-score: 0.840
ANVITA	F-score: 0.915
ANVITA	F-score: 0.612
ANVITA	F-score: 0.479
ANVITA	F-score: 0.538
ANVITA	F-score: 0.687
ANVITA	F-score: 0.537
ANVITA	F-score: 0.455
ANVITA	F-score: 0.400
ANVITA	F-score: 0.486
ANVITA	F-score: 0.545
ANVITA	F-score: 0.390
ANVITA	F-score: 0.419
ANVITA	F-score: 0.462
ANVITA	F-score: 0.265
ANVITA	F-score: 0.333
ANVITA	F-score: 0.545
ANVITA	F-score: 0.635
ANVITA	F-score: 0.462
ANVITA	F-score: 0.456
ANVITA	F-score: 0.741
ANVITA	F-score: 0.469
ANVITA	F-score: 0.543
ANVITA	F-score: 0.457
ANVITA	F-score: 0.625
ANVITA	F-score: 0.448
ANVITA	F-score: 0.667
ANVITA	F-score: 0.148
ANVITA	F-score: 0.465
ANVITA	F-score: 0.145
ANVITA	F-score: 0.182
ANVITA	F-score: 0.725
ANVITA	F-score: 0.383
ANVITA	F-score: 0.418
ANVITA	F-score: 0.484
ANVITA	F-score: 0.279
ANVITA	F-score: 0.543
ANVITA	F-score: 0.500
ANVITA	F-score: 0.484
ANVITA	F-score: 0.375
ANVITA	F-score: 0.318
ANVITA	F-score: 0.269
ANVITA	F-score: 0.324
ANVITA	F-score: 0.318
ANVITA	F-score: 0.481
ANVITA	F-score: 0.382
ANVITA	F-score: 0.299
ANVITA	F-score: 0.375
ANVITA	F-score: 0.383
ANVITA	F-score: 0.525
ANVITA	F-score: 0.857
ANVITA	F-score: 0.778
ANVITA	F-score: 0.448
ANVITA	F-score: 0.852
ANVITA	F-score: 0.419
ANVITA	F-score: 0.952
ANVITA	F-score: 0.705
ANVITA	F-score: 0.270
ANVITA	F-score: 0.295
ANVITA	F-score: 0.351
ANVITA	F-score: 0.452
ANVITA	F-score: 0.288
ANVITA	F-score: 0.621
ANVITA	F-score: 0.429
ANVITA	F-score: 0.482
ANVITA	F-score: 0.422
ANVITA	F-score: 0.444
ANVITA	F-score: 0.350
ANVITA	F-score: 0.397
ANVITA	F-score: 0.500
ANVITA	F-score: 0.600
ANVITA	F-score: 0.450
ANVITA	F-score: 0.926
ANVITA	F-score: 0.818
ANVITA	F-score: 0.816
ANVITA	F-score: 0.705
ANVITA	F-score: 0.411
ANVITA	F-score: 0.872
ANVITA	F-score: 0.719
ANVITA	F-score: 0.582
ANVITA	F-score: 0.350
ANVITA	F-score: 0.476
ANVITA	F-score: 0.315
ANVITA	F-score: 0.419
ANVITA	F-score: 0.439
ANVITA	F-score: 0.483
ANVITA	F-score: 0.406
ANVITA	F-score: 0.182
ANVITA	F-score: 0.483
ANVITA	F-score: 0.542
ANVITA	F-score: 0.406
ANVITA	F-score: 0.529
ANVITA	F-score: 0.747
ANVITA	F-score: 0.719
ANVITA	F-score: 0.612
ANVITA	F-score: 0.545
ANVITA	F-score: 0.603
ANVITA	F-score: 0.394
ANVITA	F-score: 0.492
ANVITA	F-score: 0.433
ANVITA	F-score: 0.461
ANVITA	F-score: 0.383
ANVITA	F-score: 0.537
ANVITA	F-score: 0.370
ANVITA	F-score: 0.333
ANVITA	F-score: 0.463
ANVITA	F-score: 0.343
ANVITA	F-score: 0.500
ANVITA	F-score: 0.231
ANVITA	F-score: 0.270
ANVITA	F-score: 0.308
ANVITA	F-score: 0.317
ANVITA	F-score: 0.571
ANVITA	F-score: 0.541
ANVITA	F-score: 0.337
ANVITA	F-score: 0.376
ANVITA	F-score: 0.624
ANVITA	F-score: 0.580
ANVITA	F-score: 0.400
ANVITA	F-score: 0.427
ANVITA	F-score: 0.365
ANVITA	F-score: 0.710
ANVITA	F-score: 0.639
ANVITA	F-score: 0.839
ANVITA	F-score: 0.519
ANVITA	F-score: 0.571
ANVITA	F-score: 0.500
ANVITA	F-score: 0.588
ANVITA	F-score: 0.256
ANVITA	F-score: 0.435
ANVITA	F-score: 0.315
ANVITA	F-score: 0.270
ANVITA	F-score: 0.304
ANVITA	F-score: 0.341
ANVITA	F-score: 0.250
ANVITA	F-score: 0.253
ANVITA	F-score: 0.371
ANVITA	F-score: 0.118
ANVITA	F-score: 0.385
ANVITA	F-score: 0.200
ANVITA	F-score: 0.274
ANVITA	F-score: 0.588
ANVITA	F-score: 0.515
ANVITA	F-score: 0.625
ANVITA	F-score: 0.192
ANVITA	F-score: 0.654
ANVITA	F-score: 0.500
ANVITA	F-score: 0.500
ANVITA	F-score: 0.423
ANVITA	F-score: 0.530
ANVITA	F-score: 0.472
ANVITA	F-score: 0.316
ANVITA	F-score: 0.466
ANVITA	F-score: 0.400
ANVITA	F-score: 0.800
ANVITA	F-score: 0.474
ANVITA	F-score: 0.404
ANVITA	F-score: 0.344
ANVITA	F-score: 0.686
ANVITA	F-score: 0.519
ANVITA	F-score: 0.432
ANVITA	F-score: 0.400
ANVITA	F-score: 0.504
ANVITA	F-score: 0.419
ANVITA	F-score: 0.336
ANVITA	F-score: 0.500
ANVITA	F-score: 0.439
ANVITA	F-score: 0.571
ANVITA	F-score: 0.583
ANVITA	F-score: 0.478
ANVITA	F-score: 0.486
ANVITA	F-score: 0.779
ANVITA	F-score: 0.574
ANVITA	F-score: 0.495
ANVITA	F-score: 0.550
ANVITA	F-score: 0.600
ANVITA	F-score: 0.483
ANVITA	F-score: 0.851
ANVITA	F-score: 0.803
ANVITA	F-score: 0.632
ANVITA	F-score: 0.613
ANVITA	F-score: 0.778
ANVITA	F-score: 0.686
ANVITA	F-score: 0.800
ANVITA	F-score: 0.730
ANVITA	F-score: 0.588
ANVITA	F-score: 0.935
ANVITA	F-score: 0.676
ANVITA	F-score: 0.731
ANVITA	F-score: 0.748
ANVITA	F-score: 0.857
ANVITA	F-score: 0.544
ANVITA	F-score: 0.626
ANVITA	F-score: 0.528
ANVITA	F-score: 0.537
ANVITA	F-score: 0.484
ANVITA	F-score: 0.455
ANVITA	F-score: 0.526
ANVITA	F-score: 0.750
ANVITA	F-score: 0.608
ANVITA	F-score: 0.641
ANVITA	F-score: 0.403
ANVITA	F-score: 0.758
ANVITA	F-score: 0.430
ANVITA	F-score: 0.385
ANVITA	F-score: 0.450
ANVITA	F-score: 0.444
ANVITA	F-score: 0.625
ANVITA	F-score: 0.624
ANVITA	F-score: 0.667
ANVITA	F-score: 0.480
ANVITA	F-score: 0.545
ANVITA	F-score: 0.435
ANVITA	F-score: 0.583
ANVITA	F-score: 0.525
ANVITA	F-score: 0.655
ANVITA	F-score: 0.582
ANVITA	F-score: 0.674
ANVITA	F-score: 0.080
ANVITA	F-score: 0.574
ANVITA	F-score: 0.805
ANVITA	F-score: 0.674
ANVITA	F-score: 0.919
ANVITA	F-score: 0.733
ANVITA	F-score: 0.672
ANVITA	F-score: 0.862
ANVITA	F-score: 0.953
ANVITA	F-score: 0.730
ANVITA	F-score: 0.701
ANVITA	F-score: 0.825
ANVITA	F-score: 0.892
ANVITA	F-score: 0.634
ANVITA	F-score: 0.601
ANVITA	F-score: 0.500
ANVITA	F-score: 0.756
ANVITA	F-score: 0.750
ANVITA	F-score: 0.429
ANVITA	F-score: 0.871
ANVITA	F-score: 0.625
ANVITA	F-score: 0.438
ANVITA	F-score: 0.708
ANVITA	F-score: 0.810
ANVITA	F-score: 0.500
ANVITA	F-score: 0.714
ANVITA	F-score: 0.250
ANVITA	F-score: 0.738
ANVITA	F-score: 0.848
ANVITA	F-score: 0.474
ANVITA	F-score: 0.605
ANVITA	F-score: 0.773
ANVITA	F-score: 0.627
ANVITA	F-score: 0.465
ANVITA	F-score: 0.612
ANVITA	F-score: 0.656
ANVITA	F-score: 0.788
ANVITA	F-score: 0.667
ANVITA	F-score: 0.897
ANVITA	F-score: 0.757
ANVITA	F-score: 0.800
ANVITA	F-score: 0.643
ANVITA	F-score: 0.458
ANVITA	F-score: 0.564
ANVITA	F-score: 0.548
ANVITA	F-score: 0.558
ANVITA	F-score: 0.625
ANVITA	F-score: 0.800
ANVITA	F-score: 0.632
ANVITA	F-score: 0.500
ANVITA	F-score: 0.655
ANVITA	F-score: 0.642
ANVITA	F-score: 0.639
ANVITA	F-score: 0.950
ANVITA	F-score: 0.632
ANVITA	F-score: 0.867
ANVITA	F-score: 1.000
ANVITA	F-score: 0.680
ANVITA	F-score: 0.800
ANVITA	F-score: 0.632
ANVITA	F-score: 0.648
ANVITA	F-score: 0.606
ANVITA	F-score: 0.250
ANVITA	F-score: 0.400
ANVITA	F-score: 0.610
ANVITA	F-score: 0.481
ANVITA	F-score: 0.810
ANVITA	F-score: 0.800
ANVITA	F-score: 0.917
ANVITA	F-score: 0.697
ANVITA	F-score: 0.750
ANVITA	F-score: 0.667
ANVITA	F-score: 0.589
ANVITA	F-score: 0.545
ANVITA	F-score: 0.800
ANVITA	F-score: 1.000
ANVITA	F-score: 0.906
ANVITA	F-score: 0.727
ANVITA	F-score: 0.389
ANVITA	F-score: 0.675
ANVITA	F-score: 0.763
ANVITA	F-score: 0.721
ANVITA	F-score: 0.746
ANVITA	F-score: 0.800
ANVITA	F-score: 0.824
ANVITA	F-score: 0.696
ANVITA	F-score: 0.506
ANVITA	F-score: 0.564
ANVITA	F-score: 0.684
ANVITA	F-score: 0.756
ANVITA	F-score: 0.494
ANVITA	F-score: 0.800
ANVITA	F-score: 0.720
ANVITA	F-score: 0.618
ANVITA	F-score: 0.583
ANVITA	F-score: 0.542
ANVITA	F-score: 0.920
ANVITA	F-score: 0.684
ANVITA	F-score: 0.489
ANVITA	F-score: 0.683
ANVITA	F-score: 0.762
ANVITA	F-score: 0.597
ANVITA	F-score: 0.700
ANVITA	F-score: 0.561
ANVITA	F-score: 0.490
ANVITA	F-score: 0.795
ANVITA	F-score: 0.605
ANVITA	F-score: 0.835
ANVITA	F-score: 0.678
ANVITA	F-score: 0.609
ANVITA	F-score: 0.871
ANVITA	F-score: 0.444
ANVITA	F-score: 0.328
ANVITA	F-score: 0.360
ANVITA	F-score: 0.533
ANVITA	F-score: 0.471
ANVITA	F-score: 0.345
ANVITA	F-score: 0.667
ANVITA	F-score: 0.750
ANVITA	F-score: 0.738
ANVITA	F-score: 0.676
ANVITA	F-score: 0.842
ANVITA	F-score: 0.653
ANVITA	F-score: 0.854
ANVITA	F-score: 0.468
ANVITA	F-score: 0.438
ANVITA	F-score: 0.547
ANVITA	F-score: 0.611
ANVITA	F-score: 0.436
ANVITA	F-score: 0.808
ANVITA	F-score: 0.667
ANVITA	F-score: 0.435
ANVITA	F-score: 0.581
ANVITA	F-score: 0.385
ANVITA	F-score: 0.505
ANVITA	F-score: 0.300
ANVITA	F-score: 0.552
ANVITA	F-score: 0.593
ANVITA	F-score: 0.643
ANVITA	F-score: 0.718
ANVITA	F-score: 0.714
ANVITA	F-score: 0.571
ANVITA	F-score: 0.640
ANVITA	F-score: 0.529
ANVITA	F-score: 0.630
ANVITA	F-score: 0.578
ANVITA	F-score: 0.475
ANVITA	F-score: 0.388
ANVITA	F-score: 0.333
ANVITA	F-score: 0.342
ANVITA	F-score: 0.537
ANVITA	F-score: 0.552
ANVITA	F-score: 0.561
ANVITA	F-score: 0.737
ANVITA	F-score: 0.663
ANVITA	F-score: 0.463
ANVITA	F-score: 0.519
ANVITA	F-score: 0.324
ANVITA	F-score: 0.586
ANVITA	F-score: 0.660
ANVITA	F-score: 0.575
ANVITA	F-score: 0.182
ANVITA	F-score: 0.386
ANVITA	F-score: 0.558
ANVITA	F-score: 0.449
ANVITA	F-score: 0.550
ANVITA	F-score: 0.453
ANVITA	F-score: 0.700
ANVITA	F-score: 0.661
ANVITA	F-score: 0.571
ANVITA	F-score: 0.467
ANVITA	F-score: 0.857
ANVITA	F-score: 0.578
ANVITA	F-score: 0.464
ANVITA	F-score: 0.708
ANVITA	F-score: 0.721
ANVITA	F-score: 0.699
ANVITA	F-score: 0.660
ANVITA	F-score: 0.788
ANVITA	F-score: 0.816
ANVITA	F-score: 0.800
ANVITA	F-score: 0.553
ANVITA	F-score: 0.718
ANVITA	F-score: 0.771
ANVITA	F-score: 0.850
ANVITA	F-score: 0.618
ANVITA	F-score: 0.639
ANVITA	F-score: 0.700
ANVITA	F-score: 0.620
ANVITA	F-score: 0.460
ANVITA	F-score: 0.630
ANVITA	F-score: 0.923
ANVITA	F-score: 0.753
ANVITA	F-score: 0.557
ANVITA	F-score: 0.659
ANVITA	F-score: 0.667
ANVITA	F-score: 0.759
ANVITA	F-score: 0.613
ANVITA	F-score: 0.566
ANVITA	F-score: 0.607
ANVITA	F-score: 0.462
ANVITA	F-score: 0.488
ANVITA	F-score: 0.485
ANVITA	F-score: 0.644
ANVITA	F-score: 0.657
ANVITA	F-score: 0.703
ANVITA	F-score: 0.654
ANVITA	F-score: 0.701
ANVITA	F-score: 0.256
ANVITA	F-score: 0.616
ANVITA	F-score: 0.135
ANVITA	F-score: 0.893
ANVITA	F-score: 0.539
ANVITA	F-score: 0.400
ANVITA	F-score: 0.667
ANVITA	F-score: 0.601
ANVITA	F-score: 0.561
ANVITA	F-score: 0.431
ANVITA	F-score: 0.552
ANVITA	F-score: 0.712
ANVITA	F-score: 0.535
ANVITA	F-score: 0.553
ANVITA	F-score: 0.667
ANVITA	F-score: 0.584
ANVITA	F-score: 0.633
ANVITA	F-score: 0.091
ANVITA	F-score: 0.510
ANVITA	F-score: 0.643
ANVITA	F-score: 0.528
ANVITA	F-score: 0.657
ANVITA	F-score: 0.529
ANVITA	F-score: 0.536
ANVITA	F-score: 0.692
ANVITA	F-score: 0.653
ANVITA	F-score: 0.494
ANVITA	F-score: 0.444
ANVITA	F-score: 0.386
ANVITA	F-score: 0.721
ANVITA	F-score: 0.536
ANVITA	F-score: 0.577
ANVITA	F-score: 0.556
ANVITA	F-score: 0.448
ANVITA	F-score: 0.633
ANVITA	F-score: 0.600
ANVITA	F-score: 0.752
ANVITA	F-score: 0.231
ANVITA	F-score: 0.182
ANVITA	F-score: 0.575
ANVITA	F-score: 0.712
ANVITA	F-score: 0.509
ANVITA	F-score: 0.551
ANVITA	F-score: 0.500
ANVITA	F-score: 0.500
ANVITA	F-score: 0.532
ANVITA	F-score: 0.772
ANVITA	F-score: 0.625
ANVITA	F-score: 0.421
ANVITA	F-score: 0.684
ANVITA	F-score: 0.780
ANVITA	F-score: 0.706
ANVITA	F-score: 0.404
ANVITA	F-score: 0.742
ANVITA	F-score: 0.510
ANVITA	F-score: 0.652
ANVITA	F-score: 0.588
ANVITA	F-score: 0.548
ANVITA	F-score: 0.667
ANVITA	F-score: 0.465
ANVITA	F-score: 1.000
ANVITA	F-score: 0.423
ANVITA	F-score: 0.565
ANVITA	F-score: 0.300
ANVITA	F-score: 0.424
ANVITA	F-score: 0.538
ANVITA	F-score: 0.764
ANVITA	F-score: 0.750
ANVITA	F-score: 0.200
ANVITA	F-score: 0.731
ANVITA	F-score: 0.831
ANVITA	F-score: 0.769
ANVITA	F-score: 0.714
ANVITA	F-score: 0.933
ANVITA	F-score: 0.545
ANVITA	F-score: 0.844
ANVITA	F-score: 0.761
ANVITA	F-score: 0.769
ANVITA	F-score: 0.806
ANVITA	F-score: 0.068
ANVITA	F-score: 0.728
ANVITA	F-score: 0.605
ANVITA	F-score: 0.300
ANVITA	F-score: 0.609
ANVITA	F-score: 0.607
ANVITA	F-score: 0.699
ANVITA	F-score: 0.547
ANVITA	F-score: 0.579
ANVITA	F-score: 0.203
ANVITA	F-score: 0.432
ANVITA	F-score: 0.486
ANVITA	F-score: 0.607
ANVITA	F-score: 0.512
ANVITA	F-score: 0.553
ANVITA	F-score: 0.775
ANVITA	F-score: 0.630
ANVITA	F-score: 0.750
ANVITA	F-score: 0.632
ANVITA	F-score: 0.693
ANVITA	F-score: 0.677
ANVITA	F-score: 0.681
ANVITA	F-score: 0.613
ANVITA	F-score: 0.636
ANVITA	F-score: 0.327
ANVITA	F-score: 0.684
ANVITA	F-score: 0.725
ANVITA	F-score: 0.370
ANVITA	F-score: 0.650
ANVITA	F-score: 0.764
ANVITA	F-score: 0.547
ANVITA	F-score: 0.506
ANVITA	F-score: 0.560
ANVITA	F-score: 0.573
ANVITA	F-score: 0.618
ANVITA	F-score: 0.778
ANVITA	F-score: 0.367
ANVITA	F-score: 0.667
ANVITA	F-score: 0.644
ANVITA	F-score: 0.611
ANVITA	F-score: 0.447
ANVITA	F-score: 0.407
ANVITA	F-score: 0.783
ANVITA	F-score: 0.794
ANVITA	F-score: 0.846
ANVITA	F-score: 1.000
ANVITA	F-score: 0.726
ANVITA	F-score: 0.886
ANVITA	F-score: 0.767
ANVITA	F-score: 0.926
ANVITA	F-score: 0.923
ANVITA	F-score: 0.706
ANVITA	F-score: 0.766
ANVITA	F-score: 0.655
ANVITA	F-score: 0.700
ANVITA	F-score: 0.771
ANVITA	F-score: 0.689
ANVITA	F-score: 0.805
ANVITA	F-score: 0.228
ANVITA	F-score: 0.722
ANVITA	F-score: 0.852
ANVITA	F-score: 0.897
ANVITA	F-score: 0.874
ANVITA	F-score: 0.824
ANVITA	F-score: 0.845
ANVITA	F-score: 0.839
ANVITA	F-score: 0.821
ANVITA	F-score: 0.660
ANVITA	F-score: 0.774
ANVITA	F-score: 0.886
ANVITA	F-score: 0.783
ANVITA	F-score: 0.533
ANVITA	F-score: 0.830
ANVITA	F-score: 0.863
ANVITA	F-score: 0.943
ANVITA	F-score: 0.704
ANVITA	F-score: 0.750
ANVITA	F-score: 0.909
ANVITA	F-score: 0.667
ANVITA	F-score: 0.686
ANVITA	F-score: 1.000
ANVITA	F-score: 0.800
ANVITA	F-score: 0.556
ANVITA	F-score: 0.704
ANVITA	F-score: 0.597
ANVITA	F-score: 0.540
ANVITA	F-score: 0.769
ANVITA	F-score: 0.818
ANVITA	F-score: 0.857
ANVITA	F-score: 0.837
ANVITA	F-score: 0.833
ANVITA	F-score: 0.730
ANVITA	F-score: 0.812
ANVITA	F-score: 0.667
ANVITA	F-score: 1.000
ANVITA	F-score: 0.571
ANVITA	F-score: 1.000
ANVITA	F-score: 0.790
ANVITA	F-score: 0.775
ANVITA	F-score: 0.893
ANVITA	F-score: 0.775
ANVITA	F-score: 0.591
ANVITA	F-score: 0.929
ANVITA	F-score: 0.830
ANVITA	F-score: 0.729
ANVITA	F-score: 0.731
ANVITA	F-score: 0.736
ANVITA	F-score: 0.681
ANVITA	F-score: 0.691
ANVITA	F-score: 0.389
ANVITA	F-score: 0.730
ANVITA	F-score: 0.554
ANVITA	F-score: 0.758
ANVITA	F-score: 0.857
ANVITA	F-score: 0.538
ANVITA	F-score: 0.797
ANVITA	F-score: 0.739
ANVITA	F-score: 0.826
ANVITA	F-score: 0.667
ANVITA	F-score: 0.531
ANVITA	F-score: 0.689
ANVITA	F-score: 0.746
ANVITA	F-score: 0.603
ANVITA	F-score: 0.875
ANVITA	F-score: 0.794
ANVITA	F-score: 0.603
ANVITA	F-score: 0.771
ANVITA	F-score: 0.595
ANVITA	F-score: 0.753
ANVITA	F-score: 0.732
ANVITA	F-score: 0.286
ANVITA	F-score: 0.906
ANVITA	F-score: 0.846
ANVITA	F-score: 0.560
ANVITA	F-score: 0.492
ANVITA	F-score: 1.000
ANVITA	F-score: 0.732
ANVITA	F-score: 0.769
ANVITA	F-score: 0.667
ANVITA	F-score: 0.810
ANVITA	F-score: 0.578
ANVITA	F-score: 0.777
ANVITA	F-score: 0.628
ANVITA	F-score: 0.628
ANVITA	F-score: 0.806
ANVITA	F-score: 0.690
ANVITA	F-score: 0.717
ANVITA	F-score: 0.748
ANVITA	F-score: 0.792
ANVITA	F-score: 0.820
ANVITA	F-score: 0.776
ANVITA	F-score: 0.863
ANVITA	F-score: 0.721
ANVITA	F-score: 0.500
ANVITA	F-score: 1.000
ANVITA	F-score: 0.630
ANVITA	F-score: 0.854
ANVITA	F-score: 0.692
ANVITA	F-score: 0.618
ANVITA	F-score: 0.577
ANVITA	F-score: 0.915
ANVITA	F-score: 1.000
ANVITA	F-score: 0.585
ANVITA	F-score: 0.480
ANVITA	F-score: 0.632
ANVITA	F-score: 0.632
ANVITA	F-score: 0.576
ANVITA	F-score: 0.846
ANVITA	F-score: 0.632
ANVITA	F-score: 0.889
ANVITA	F-score: 0.675
ANVITA	F-score: 0.821
ANVITA	F-score: 0.609
ANVITA	F-score: 0.681
ANVITA	F-score: 0.500
ANVITA	F-score: 0.714
ANVITA	F-score: 0.167
ANVITA	F-score: 0.686
ANVITA	F-score: 0.842
ANVITA	F-score: 0.955
ANVITA	F-score: 0.957
ANVITA	F-score: 0.918
ANVITA	F-score: 1.000
ANVITA	F-score: 0.579
ANVITA	F-score: 0.938
ANVITA	F-score: 0.667
ANVITA	F-score: 0.593
ANVITA	F-score: 0.539
ANVITA	F-score: 0.615
ANVITA	F-score: 0.667
ANVITA	F-score: 0.710
ANVITA	F-score: 0.429
ANVITA	F-score: 0.636
ANVITA	F-score: 0.483
ANVITA	F-score: 0.630
ANVITA	F-score: 0.711
ANVITA	F-score: 0.667
ANVITA	F-score: 0.732
ANVITA	F-score: 0.615
ANVITA	F-score: 1.000
ANVITA	F-score: 0.596
ANVITA	F-score: 0.367
ANVITA	F-score: 0.583
ANVITA	F-score: 0.455
ANVITA	F-score: 0.720
ANVITA	F-score: 1.000
ANVITA	F-score: 0.822
ANVITA	F-score: 1.000
ANVITA	F-score: 1.000
ANVITA	F-score: 0.484
ANVITA	F-score: 0.562
ANVITA	F-score: 0.500
ANVITA	F-score: 0.900
ANVITA	F-score: 1.000
ANVITA	F-score: 0.393
ANVITA	F-score: 0.632
ANVITA	F-score: 0.449
ANVITA	F-score: 0.333
ANVITA	F-score: 0.593
ANVITA	F-score: 0.750
ANVITA	F-score: 0.258
ANVITA	F-score: 0.402
ANVITA	F-score: 0.712
ANVITA	F-score: 0.667
ANVITA	F-score: 0.293
ANVITA	F-score: 0.620
ANVITA	F-score: 0.423
ANVITA	F-score: 0.444
ANVITA	F-score: 0.667
ANVITA	F-score: 0.439
ANVITA	F-score: 0.554
ANVITA	F-score: 0.595
ANVITA	F-score: 0.333
ANVITA	F-score: 0.625
ANVITA	F-score: 0.625
ANVITA	F-score: 0.714
ANVITA	F-score: 0.625
ANVITA	F-score: 0.154
ANVITA	F-score: 0.230
ANVITA	F-score: 0.490
ANVITA	F-score: 0.638
ANVITA	F-score: 0.483
ANVITA	F-score: 0.875
ANVITA	F-score: 0.429
ANVITA	F-score: 0.769
ANVITA	F-score: 0.800
ANVITA	F-score: 0.538
ANVITA	F-score: 1.000
ANVITA	F-score: 1.000
ANVITA	F-score: 0.600
ANVITA	F-score: 0.538
ANVITA	F-score: 0.481
ANVITA	F-score: 0.245
ANVITA	F-score: 0.527
ANVITA	F-score: 0.759
ANVITA	F-score: 0.632
ANVITA	F-score: 0.494
ANVITA	F-score: 0.576
ANVITA	F-score: 0.844
ANVITA	F-score: 0.788
ANVITA	F-score: 0.380
ANVITA	F-score: 0.599
ANVITA	F-score: 0.521
ANVITA	F-score: 0.067
ANVITA	F-score: 0.608
ANVITA	F-score: 0.533
ANVITA	F-score: 0.400
ANVITA	F-score: 0.629
ANVITA	F-score: 1.000
ANVITA	F-score: 0.559
ANVITA	F-score: 0.252
ANVITA	F-score: 0.525
ANVITA	F-score: 0.320
ANVITA	F-score: 0.211
ANVITA	F-score: 0.923
ANVITA	F-score: 0.318
ANVITA	F-score: 0.333
ANVITA	F-score: 0.509
ANVITA	F-score: 0.308
ANVITA	F-score: 0.267
ANVITA	F-score: 0.436
ANVITA	F-score: 0.593
ANVITA	F-score: 0.500
ANVITA	F-score: 0.361
ANVITA	F-score: 0.900
ANVITA	F-score: 0.482
ANVITA	F-score: 0.448
ANVITA	F-score: 0.571
ANVITA	F-score: 0.514
ANVITA	F-score: 0.567
ANVITA	F-score: 0.400
ANVITA	F-score: 0.611
ANVITA	F-score: 0.722
ANVITA	F-score: 0.148
ANVITA	F-score: 0.297
ANVITA	F-score: 0.250
ANVITA	F-score: 0.250
ANVITA	F-score: 0.250
ANVITA	F-score: 0.127
ANVITA	F-score: 0.281
ANVITA	F-score: 0.316
ANVITA	F-score: 0.583
ANVITA	F-score: 0.250
ANVITA	F-score: 0.137
ANVITA	F-score: 0.714
ANVITA	F-score: 0.110
ANVITA	F-score: 0.909
ANVITA	F-score: 0.371
ANVITA	F-score: 0.537
ANVITA	F-score: 0.590
ANVITA	F-score: 0.326
ANVITA	F-score: 0.210
ANVITA	F-score: 0.280
ANVITA	F-score: 0.304
ANVITA	F-score: 0.316
ANVITA	F-score: 0.392
ANVITA	F-score: 0.491
ANVITA	F-score: 0.565
ANVITA	F-score: 0.576
ANVITA	F-score: 0.545
ANVITA	F-score: 0.656
ANVITA	F-score: 1.000
ANVITA	F-score: 0.700
ANVITA	F-score: 0.423
ANVITA	F-score: 0.750
ANVITA	F-score: 0.507
ANVITA	F-score: 0.385
ANVITA	F-score: 0.364
ANVITA	F-score: 0.316
ANVITA	F-score: 0.571
ANVITA	F-score: 0.818
ANVITA	F-score: 0.552
ANVITA	F-score: 0.776
ANVITA	F-score: 0.548
ANVITA	F-score: 0.250
ANVITA	F-score: 0.194
ANVITA	F-score: 0.750
ANVITA	F-score: 0.283
ANVITA	F-score: 0.500
ANVITA	F-score: 0.187
ANVITA	F-score: 0.344
ANVITA	F-score: 0.561
ANVITA	F-score: 0.873
ANVITA	F-score: 0.419
ANVITA	F-score: 0.900
ANVITA	F-score: 0.414
ANVITA	F-score: 0.357
ANVITA	F-score: 0.333
ANVITA	F-score: 0.462
ANVITA	F-score: 0.727
ANVITA	F-score: 0.392
ANVITA	F-score: 0.364
ANVITA	F-score: 0.629
ANVITA	F-score: 0.179
ANVITA	F-score: 0.448
ANVITA	F-score: 0.377
ANVITA	F-score: 0.154
ANVITA	F-score: 0.615
ANVITA	F-score: 0.678
ANVITA	F-score: 0.471
ANVITA	F-score: 0.528
ANVITA	F-score: 0.441
ANVITA	F-score: 0.769
ANVITA	F-score: 0.473
ANVITA	F-score: 0.857
ANVITA	F-score: 0.333
ANVITA	F-score: 0.589
ANVITA	F-score: 0.772
ANVITA	F-score: 0.453
ANVITA	F-score: 0.655
ANVITA	F-score: 0.491
ANVITA	F-score: 0.239
ANVITA	F-score: 0.273
ANVITA	F-score: 0.429
ANVITA	F-score: 0.714
ANVITA	F-score: 0.333
ANVITA	F-score: 0.435
ANVITA	F-score: 0.609
ANVITA	F-score: 0.333
ANVITA	F-score: 0.800
ANVITA	F-score: 0.500
ANVITA	F-score: 1.000
ANVITA	F-score: 0.158
ANVITA	F-score: 0.556
ANVITA	F-score: 1.000
ANVITA	F-score: 0.389
ANVITA	F-score: 0.320
ANVITA	F-score: 0.429
ANVITA	F-score: 0.384
ANVITA	F-score: 1.000
ANVITA	F-score: 0.160
ANVITA	F-score: 0.533
ANVITA	F-score: 0.548
ANVITA	F-score: 0.698
ANVITA	F-score: 0.602
ANVITA	F-score: 0.506
ANVITA	F-score: 0.224
ANVITA	F-score: 0.556
ANVITA	F-score: 0.628
ANVITA	F-score: 0.388
ANVITA	F-score: 0.276
ANVITA	F-score: 0.714
ANVITA	F-score: 0.679
ANVITA	F-score: 0.524
ANVITA	F-score: 0.594
ANVITA	F-score: 0.950
ANVITA	F-score: 0.564
ANVITA	F-score: 0.371
ANVITA	F-score: 0.417
ANVITA	F-score: 0.512
ANVITA	F-score: 0.779
ANVITA	F-score: 0.455
ANVITA	F-score: 0.656
ANVITA	F-score: 0.338
ANVITA	F-score: 0.345
ANVITA	F-score: 0.467
ANVITA	F-score: 0.667
ANVITA	F-score: 0.875
ANVITA	F-score: 0.657
ANVITA	F-score: 0.685
ANVITA	F-score: 0.421
ANVITA	F-score: 0.261
ANVITA	F-score: 0.739
ANVITA	F-score: 0.706
ANVITA	F-score: 0.667
ANVITA	F-score: 0.949
ANVITA	F-score: 0.492
ANVITA	F-score: 0.548
ANVITA	F-score: 0.577
ANVITA	F-score: 0.457
ANVITA	F-score: 0.643
ANVITA	F-score: 0.421
ANVITA	F-score: 0.681
ANVITA	F-score: 0.304
ANVITA	F-score: 0.485
ANVITA	F-score: 0.603
ANVITA	F-score: 0.640
ANVITA	F-score: 0.667
ANVITA	F-score: 0.818
ANVITA	F-score: 0.447
ANVITA	F-score: 0.553
ANVITA	F-score: 0.343
ANVITA	F-score: 0.521
ANVITA	F-score: 0.591
ANVITA	F-score: 0.333
ANVITA	F-score: 0.500
ANVITA	F-score: 0.455
ANVITA	F-score: 0.648
ANVITA	F-score: 0.800
ANVITA	F-score: 0.430
ANVITA	F-score: 0.552
ANVITA	F-score: 0.485
ANVITA	F-score: 0.541
ANVITA	F-score: 0.500
ANVITA	F-score: 0.148
ANVITA	F-score: 0.033
ANVITA	F-score: 0.261
ANVITA	F-score: 0.182
ANVITA	F-score: 0.500
ANVITA	F-score: 0.396
ANVITA	F-score: 0.233
ANVITA	F-score: 0.235
ANVITA	F-score: 0.259
ANVITA	F-score: 0.444
ANVITA	F-score: 0.343
ANVITA	F-score: 1.000
ANVITA	F-score: 0.167
ANVITA	F-score: 0.500
ANVITA	F-score: 0.489
ANVITA	F-score: 0.442
ANVITA	F-score: 0.500
ANVITA	F-score: 0.352
ANVITA	F-score: 0.364
ANVITA	F-score: 0.465
ANVITA	F-score: 0.833
ANVITA	F-score: 0.632
ANVITA	F-score: 0.635
ANVITA	F-score: 0.622
ANVITA	F-score: 0.701
ANVITA	F-score: 0.414
ANVITA	F-score: 0.470
ANVITA	F-score: 0.687
ANVITA	F-score: 0.433
ANVITA	F-score: 0.524
ANVITA	F-score: 0.262
ANVITA	F-score: 0.444
ANVITA	F-score: 0.435
ANVITA	F-score: 0.588
ANVITA	F-score: 0.567
ANVITA	F-score: 0.476
ANVITA	F-score: 0.673
ANVITA	F-score: 0.640
ANVITA	F-score: 0.400
ANVITA	F-score: 0.434
ANVITA	F-score: 0.533
ANVITA	F-score: 0.714
ANVITA	F-score: 0.391
ANVITA	F-score: 0.571
ANVITA	F-score: 0.190
ANVITA	F-score: 1.000
ANVITA	F-score: 0.250
ANVITA	F-score: 0.339
ANVITA	F-score: 0.593
ANVITA	F-score: 1.000
ANVITA	F-score: 0.583
ANVITA	F-score: 0.600
ANVITA	F-score: 0.400
ANVITA	F-score: 0.446
ANVITA	F-score: 0.464
ANVITA	F-score: 0.264
ANVITA	F-score: 0.692
ANVITA	F-score: 0.222
ANVITA	F-score: 0.480
ANVITA	F-score: 0.242
ANVITA	F-score: 0.720
ANVITA	F-score: 0.500
ANVITA	F-score: 0.636
ANVITA	F-score: 0.966
ANVITA	F-score: 0.526
ANVITA	F-score: 0.857
ANVITA	F-score: 0.533
ANVITA	F-score: 0.352
ANVITA	F-score: 0.800
ANVITA	F-score: 0.258
ANVITA	F-score: 0.286
ANVITA	F-score: 0.104
ANVITA	F-score: 0.818
ANVITA	F-score: 0.692
ANVITA	F-score: 0.512
ANVITA	F-score: 0.471
ANVITA	F-score: 0.562
ANVITA	F-score: 0.297
ANVITA	F-score: 0.375
ANVITA	F-score: 0.167
ANVITA	F-score: 0.540
ANVITA	F-score: 1.000
ANVITA	F-score: 0.472
ANVITA	F-score: 0.381
ANVITA	F-score: 0.583
ANVITA	F-score: 0.468
ANVITA	F-score: 0.364
ANVITA	F-score: 0.536
ANVITA	F-score: 0.444
ANVITA	F-score: 0.362
ANVITA	F-score: 0.917
ANVITA	F-score: 0.800
ANVITA	F-score: 0.379
ANVITA	F-score: 0.958
ANVITA	F-score: 0.700
ANVITA	F-score: 0.662
ANVITA	F-score: 0.593
ANVITA	F-score: 0.500
ANVITA	F-score: 0.225
ANVITA	F-score: 0.750
ANVITA	F-score: 0.545
ANVITA	F-score: 0.286
ANVITA	F-score: 0.750
ANVITA	F-score: 0.404
ANVITA	F-score: 1.000
ANVITA	F-score: 0.250
ANVITA	F-score: 0.750
ANVITA	F-score: 0.610
ANVITA	F-score: 0.554
ANVITA	F-score: 0.486
ANVITA	F-score: 0.899
ANVITA	F-score: 0.753
ANVITA	F-score: 0.706
ANVITA	F-score: 0.333
ANVITA	F-score: 0.957
ANVITA	F-score: 0.444
ANVITA	F-score: 0.168
ANVITA	F-score: 0.451
ANVITA	F-score: 0.360
ANVITA	F-score: 0.848
ANVITA	F-score: 0.800
ANVITA	F-score: 0.882
ANVITA	F-score: 0.800
ANVITA	F-score: 0.421
ANVITA	F-score: 0.531
ANVITA	F-score: 0.563
ANVITA	F-score: 0.900
ANVITA	F-score: 0.533
ANVITA	F-score: 0.444
ANVITA	F-score: 0.431
ANVITA	F-score: 0.373
ANVITA	F-score: 0.450
ANVITA	F-score: 0.605
ANVITA	F-score: 0.320
ANVITA	F-score: 0.708
ANVITA	F-score: 0.536
ANVITA	F-score: 1.000
ANVITA	F-score: 0.384
ANVITA	F-score: 0.417
ANVITA	F-score: 0.610
ANVITA	F-score: 0.395
ANVITA	F-score: 0.646
ANVITA	F-score: 0.412
ANVITA	F-score: 0.583
ANVITA	F-score: 0.296
ANVITA	F-score: 0.571
ANVITA	F-score: 0.152
ANVITA	F-score: 0.186
ANVITA	F-score: 0.381
ANVITA	F-score: 0.370
ANVITA	F-score: 0.727
ANVITA	F-score: 0.400
ANVITA	F-score: 0.216
ANVITA	F-score: 0.544
ANVITA	F-score: 0.375
ANVITA	F-score: 0.296
ANVITA	F-score: 0.447
ANVITA	F-score: 0.348
ANVITA	F-score: 0.429
ANVITA	F-score: 0.178
ANVITA	F-score: 0.300
ANVITA	F-score: 0.171
ANVITA	F-score: 0.508
ANVITA	F-score: 0.167
ANVITA	F-score: 0.522
ANVITA	F-score: 0.182
ANVITA	F-score: 0.222
ANVITA	F-score: 0.321
ANVITA	F-score: 0.235
ANVITA	F-score: 0.200
ANVITA	F-score: 0.880
ANVITA	F-score: 0.727
ANVITA	F-score: 0.542
ANVITA	F-score: 0.500
ANVITA	F-score: 0.727
ANVITA	F-score: 0.812
ANVITA	F-score: 0.500
ANVITA	F-score: 0.222
ANVITA	F-score: 0.830
ANVITA	F-score: 0.556
ANVITA	F-score: 0.500
ANVITA	F-score: 0.417
ANVITA	F-score: 0.421
ANVITA	F-score: 0.929
ANVITA	F-score: 0.133
ANVITA	F-score: 0.963
ANVITA	F-score: 0.426
ANVITA	F-score: 0.588
ANVITA	F-score: 0.449
ANVITA	F-score: 0.560
ANVITA	F-score: 0.350
ANVITA	F-score: 0.378
ANVITA	F-score: 0.250
ANVITA	F-score: 0.474
ANVITA	F-score: 0.714
ANVITA	F-score: 0.296
ANVITA	F-score: 0.500
ANVITA	F-score: 0.433
ANVITA	F-score: 0.493
ANVITA	F-score: 0.259
ANVITA	F-score: 0.454
ANVITA	F-score: 0.696
ANVITA	F-score: 0.917
ANVITA	F-score: 0.533
ANVITA	F-score: 0.304
ANVITA	F-score: 0.500
ANVITA	F-score: 0.549
ANVITA	F-score: 0.333
ANVITA	F-score: 0.588
ANVITA	F-score: 0.538
ANVITA	F-score: 0.419
ANVITA	F-score: 0.390
ANVITA	F-score: 0.581
ANVITA	F-score: 0.496
ANVITA	F-score: 0.508
ANVITA	F-score: 0.583
ANVITA	F-score: 0.200
ANVITA	F-score: 0.485
ANVITA	F-score: 0.645
ANVITA	F-score: 0.429
ANVITA	F-score: 0.637
ANVITA	F-score: 0.580
ANVITA	F-score: 0.667
ANVITA	F-score: 0.508
ANVITA	F-score: 0.375
ANVITA	F-score: 0.200
ANVITA	F-score: 1.000
ANVITA	F-score: 0.909
ANVITA	F-score: 0.149
ANVITA	F-score: 0.400
ANVITA	F-score: 0.267
ANVITA	F-score: 0.582
ANVITA	F-score: 0.333
ANVITA	F-score: 0.452
ANVITA	F-score: 0.536
ANVITA	F-score: 0.667
ANVITA	F-score: 0.322
ANVITA	F-score: 1.000
ANVITA	F-score: 0.603
ANVITA	F-score: 0.563
ANVITA	F-score: 0.899
ANVITA	F-score: 0.925
ANVITA	F-score: 0.421
ANVITA	F-score: 0.400
ANVITA	F-score: 0.488
ANVITA	F-score: 0.458
ANVITA	F-score: 0.692
ANVITA	F-score: 0.400
ANVITA	F-score: 0.516
ANVITA	F-score: 0.312
ANVITA	F-score: 0.581
ANVITA	F-score: 0.550
ANVITA	F-score: 0.600
ANVITA	F-score: 0.290
ANVITA	F-score: 0.488
ANVITA	F-score: 0.320
ANVITA	F-score: 0.434
ANVITA	F-score: 0.238
ANVITA	F-score: 0.486
ANVITA	F-score: 0.148
ANVITA	F-score: 0.684
ANVITA	F-score: 0.549
ANVITA	F-score: 0.645
ANVITA	F-score: 0.455
ANVITA	F-score: 1.000
ANVITA	F-score: 0.711
ANVITA	F-score: 0.211
ANVITA	F-score: 0.308
ANVITA	F-score: 0.333
ANVITA	F-score: 0.634
ANVITA	F-score: 0.667
ANVITA	F-score: 0.482
ANVITA	F-score: 0.364
ANVITA	F-score: 0.615
ANVITA	F-score: 0.838
ANVITA	F-score: 0.655
ANVITA	F-score: 0.648
ANVITA	F-score: 0.444
ANVITA	F-score: 0.519
ANVITA	F-score: 1.000
ANVITA	F-score: 0.582
ANVITA	F-score: 0.545
ANVITA	F-score: 1.000
ANVITA	F-score: 0.222
ANVITA	F-score: 0.316
ANVITA	F-score: 0.211
ANVITA	F-score: 0.145
ANVITA	F-score: 0.633
ANVITA	F-score: 0.080
ANVITA	F-score: 0.426
ANVITA	F-score: 0.387
ANVITA	F-score: 0.486
ANVITA	F-score: 0.375
ANVITA	F-score: 0.800
ANVITA	F-score: 0.462
ANVITA	F-score: 0.875
ANVITA	F-score: 0.444
ANVITA	F-score: 0.417
ANVITA	F-score: 0.615
ANVITA	F-score: 0.571
ANVITA	F-score: 0.333
ANVITA	F-score: 0.196
ANVITA	F-score: 0.462
ANVITA	F-score: 0.829
ANVITA	F-score: 0.833
ANVITA	F-score: 0.536
ANVITA	F-score: 1.000
ANVITA	F-score: 1.000
ANVITA	F-score: 0.400
ANVITA	F-score: 0.417
ANVITA	F-score: 1.000
ANVITA	F-score: 0.677
ANVITA	F-score: 0.420
ANVITA	F-score: 0.543
ANVITA	F-score: 0.421
ANVITA	F-score: 0.303
ANVITA	F-score: 0.377
ANVITA	F-score: 0.300
ANVITA	F-score: 0.274
ANVITA	F-score: 0.913
ANVITA	F-score: 0.472
ANVITA	F-score: 0.365
ANVITA	F-score: 0.308
ANVITA	F-score: 0.456
ANVITA	F-score: 0.286
ANVITA	F-score: 0.389
ANVITA	F-score: 0.722
ANVITA	F-score: 0.464
ANVITA	F-score: 0.500
ANVITA	F-score: 0.486
ANVITA	F-score: 0.375
ANVITA	F-score: 0.923
ANVITA	F-score: 0.633
ANVITA	F-score: 0.833
ANVITA	F-score: 0.530
ANVITA	F-score: 0.875
ANVITA	F-score: 0.667
ANVITA	F-score: 0.625
ANVITA	F-score: 0.541
ANVITA	F-score: 0.378
ANVITA	F-score: 0.571
ANVITA	F-score: 0.569
ANVITA	F-score: 0.593
ANVITA	F-score: 0.507
ANVITA	F-score: 0.643
ANVITA	F-score: 0.710
ANVITA	F-score: 0.302
ANVITA	F-score: 0.588
ANVITA	F-score: 0.333
ANVITA	F-score: 0.250
ANVITA	F-score: 0.308
ANVITA	F-score: 0.571
ANVITA	F-score: 0.923
ANVITA	F-score: 0.500
ANVITA	F-score: 0.333
ANVITA	F-score: 0.750
ANVITA	F-score: 0.333
ANVITA	F-score: 0.333
ANVITA	F-score: 0.429
ANVITA	F-score: 0.294
ANVITA	F-score: 0.333
ANVITA	F-score: 0.600
ANVITA	F-score: 0.520
ANVITA	F-score: 0.914
ANVITA	F-score: 0.864
ANVITA	F-score: 0.510
ANVITA	F-score: 0.588
ANVITA	F-score: 1.000
ANVITA	F-score: 0.667
ANVITA	F-score: 0.258
ANVITA	F-score: 0.468
ANVITA	F-score: 1.000
ANVITA	F-score: 0.376
ANVITA	F-score: 0.143
ANVITA	F-score: 0.327
ANVITA	F-score: 0.600
ANVITA	F-score: 0.474
ANVITA	F-score: 0.630
ANVITA	F-score: 0.875
ANVITA	F-score: 0.522
ANVITA	F-score: 0.222
ANVITA	F-score: 0.627
ANVITA	F-score: 0.516
ANVITA	F-score: 0.636
ANVITA	F-score: 0.457
ANVITA	F-score: 0.750
ANVITA	F-score: 0.509
ANVITA	F-score: 0.417
ANVITA	F-score: 1.000
ANVITA	F-score: 0.714
ANVITA	F-score: 0.514
ANVITA	F-score: 0.533
ANVITA	F-score: 0.476
ANVITA	F-score: 0.345
ANVITA	F-score: 0.427
ANVITA	F-score: 0.360
ANVITA	F-score: 0.429
ANVITA	F-score: 0.450
ANVITA	F-score: 0.393
ANVITA	F-score: 0.195
ANVITA	F-score: 0.160
ANVITA	F-score: 0.329
ANVITA	F-score: 0.500
ANVITA	F-score: 0.286
ANVITA	F-score: 0.250
ANVITA	F-score: 0.913
ANVITA	F-score: 0.733
ANVITA	F-score: 0.325
ANVITA	F-score: 0.284
ANVITA	F-score: 0.529
ANVITA	F-score: 0.286
ANVITA	F-score: 0.667
ANVITA	F-score: 0.286
ANVITA	F-score: 0.533
ANVITA	F-score: 0.333
ANVITA	F-score: 0.524
ANVITA	F-score: 0.328
ANVITA	F-score: 0.667
ANVITA	F-score: 0.636
ANVITA	F-score: 0.602
ANVITA	F-score: 0.463
ANVITA	F-score: 0.164
ANVITA	F-score: 0.133
ANVITA	F-score: 0.515
ANVITA	F-score: 0.545
ANVITA	F-score: 0.495
ANVITA	F-score: 0.500
ANVITA	F-score: 0.136
ANVITA	F-score: 0.264
ANVITA	F-score: 0.700
ANVITA	F-score: 0.692
ANVITA	F-score: 0.442
ANVITA	F-score: 0.336
ANVITA	F-score: 0.421
ANVITA	F-score: 0.588
ANVITA	F-score: 0.298
ANVITA	F-score: 0.553
ANVITA	F-score: 0.674
ANVITA	F-score: 1.000
ANVITA	F-score: 0.913
ANVITA	F-score: 0.588
ANVITA	F-score: 0.312
ANVITA	F-score: 0.421
ANVITA	F-score: 0.600
ANVITA	F-score: 0.541
ANVITA	F-score: 0.390
ANVITA	F-score: 0.857
ANVITA	F-score: 0.569
ANVITA	F-score: 0.129
ANVITA	F-score: 0.906
ANVITA	F-score: 0.315
ANVITA	F-score: 0.364
ANVITA	F-score: 0.337
ANVITA	F-score: 0.394
ANVITA	F-score: 0.479
ANVITA	F-score: 0.524
ANVITA	F-score: 0.457
ANVITA	F-score: 0.333
ANVITA	F-score: 0.519
ANVITA	F-score: 0.405
ANVITA	F-score: 0.919
ANVITA	F-score: 0.923
ANVITA	F-score: 0.340
ANVITA	F-score: 0.378
ANVITA	F-score: 0.454
ANVITA	F-score: 0.615
ANVITA	F-score: 0.426
ANVITA	F-score: 0.636
ANVITA	F-score: 0.455
GPT4-5shot	F-score: 0.610
GPT4-5shot	F-score: 0.612
GPT4-5shot	F-score: 0.667
GPT4-5shot	F-score: 0.585
GPT4-5shot	F-score: 0.615
GPT4-5shot	F-score: 0.383
GPT4-5shot	F-score: 0.414
GPT4-5shot	F-score: 0.382
GPT4-5shot	F-score: 0.548
GPT4-5shot	F-score: 0.967
GPT4-5shot	F-score: 0.684
GPT4-5shot	F-score: 0.540
GPT4-5shot	F-score: 0.759
GPT4-5shot	F-score: 0.600
GPT4-5shot	F-score: 0.794
GPT4-5shot	F-score: 0.479
GPT4-5shot	F-score: 0.333
GPT4-5shot	F-score: 0.364
GPT4-5shot	F-score: 0.593
GPT4-5shot	F-score: 0.391
GPT4-5shot	F-score: 0.286
GPT4-5shot	F-score: 0.466
GPT4-5shot	F-score: 0.229
GPT4-5shot	F-score: 1.000
GPT4-5shot	F-score: 0.647
GPT4-5shot	F-score: 0.750
GPT4-5shot	F-score: 0.513
GPT4-5shot	F-score: 0.429
GPT4-5shot	F-score: 0.273
GPT4-5shot	F-score: 0.583
GPT4-5shot	F-score: 0.865
GPT4-5shot	F-score: 1.000
GPT4-5shot	F-score: 0.579
GPT4-5shot	F-score: 1.000
GPT4-5shot	F-score: 0.500
GPT4-5shot	F-score: 0.759
GPT4-5shot	F-score: 0.400
GPT4-5shot	F-score: 0.167
GPT4-5shot	F-score: 0.429
GPT4-5shot	F-score: 0.633
GPT4-5shot	F-score: 0.500
GPT4-5shot	F-score: 0.560
GPT4-5shot	F-score: 0.333
GPT4-5shot	F-score: 0.476
GPT4-5shot	F-score: 0.574
GPT4-5shot	F-score: 0.455
GPT4-5shot	F-score: 0.476
GPT4-5shot	F-score: 0.333
GPT4-5shot	F-score: 0.266
GPT4-5shot	F-score: 0.200
GPT4-5shot	F-score: 0.800
GPT4-5shot	F-score: 0.310
GPT4-5shot	F-score: 0.455
GPT4-5shot	F-score: 0.314
GPT4-5shot	F-score: 0.327
GPT4-5shot	F-score: 0.320
GPT4-5shot	F-score: 0.355
GPT4-5shot	F-score: 0.449
GPT4-5shot	F-score: 0.250
GPT4-5shot	F-score: 0.375
GPT4-5shot	F-score: 0.377
GPT4-5shot	F-score: 0.286
GPT4-5shot	F-score: 0.510
GPT4-5shot	F-score: 0.364
GPT4-5shot	F-score: 0.297
GPT4-5shot	F-score: 0.446
GPT4-5shot	F-score: 0.444
GPT4-5shot	F-score: 0.400
GPT4-5shot	F-score: 0.667
GPT4-5shot	F-score: 0.415
GPT4-5shot	F-score: 0.414
GPT4-5shot	F-score: 0.600
GPT4-5shot	F-score: 0.281
GPT4-5shot	F-score: 0.410
GPT4-5shot	F-score: 0.429
GPT4-5shot	F-score: 0.182
GPT4-5shot	F-score: 0.296
GPT4-5shot	F-score: 0.455
GPT4-5shot	F-score: 0.400
GPT4-5shot	F-score: 0.429
GPT4-5shot	F-score: 0.571
GPT4-5shot	F-score: 0.500
GPT4-5shot	F-score: 0.682
GPT4-5shot	F-score: 0.429
GPT4-5shot	F-score: 0.432
GPT4-5shot	F-score: 0.538
GPT4-5shot	F-score: 1.000
GPT4-5shot	F-score: 0.688
GPT4-5shot	F-score: 0.815
GPT4-5shot	F-score: 0.245
GPT4-5shot	F-score: 0.667
GPT4-5shot	F-score: 0.952
GPT4-5shot	F-score: 0.368
GPT4-5shot	F-score: 0.250
GPT4-5shot	F-score: 1.000
GPT4-5shot	F-score: 0.946
GPT4-5shot	F-score: 1.000
GPT4-5shot	F-score: 0.362
GPT4-5shot	F-score: 1.000
GPT4-5shot	F-score: 0.368
GPT4-5shot	F-score: 0.400
GPT4-5shot	F-score: 0.556
GPT4-5shot	F-score: 0.386
GPT4-5shot	F-score: 0.633
GPT4-5shot	F-score: 0.450
GPT4-5shot	F-score: 0.352
GPT4-5shot	F-score: 0.200
GPT4-5shot	F-score: 0.300
GPT4-5shot	F-score: 0.686
GPT4-5shot	F-score: 0.407
GPT4-5shot	F-score: 0.428
GPT4-5shot	F-score: 0.333
GPT4-5shot	F-score: 0.500
GPT4-5shot	F-score: 0.308
GPT4-5shot	F-score: 0.427
GPT4-5shot	F-score: 0.500
GPT4-5shot	F-score: 0.200
GPT4-5shot	F-score: 0.154
GPT4-5shot	F-score: 0.143
GPT4-5shot	F-score: 0.400
GPT4-5shot	F-score: 0.143
GPT4-5shot	F-score: 1.000
GPT4-5shot	F-score: 0.278
GPT4-5shot	F-score: 0.692
GPT4-5shot	F-score: 0.455
GPT4-5shot	F-score: 0.273
GPT4-5shot	F-score: 0.167
GPT4-5shot	F-score: 0.105
GPT4-5shot	F-score: 0.167
GPT4-5shot	F-score: 0.727
GPT4-5shot	F-score: 0.333
GPT4-5shot	F-score: 0.533
GPT4-5shot	F-score: 0.533
GPT4-5shot	F-score: 0.286
GPT4-5shot	F-score: 0.667
GPT4-5shot	F-score: 0.541
GPT4-5shot	F-score: 0.692
GPT4-5shot	F-score: 0.750
GPT4-5shot	F-score: 0.333
GPT4-5shot	F-score: 0.571
GPT4-5shot	F-score: 0.286
GPT4-5shot	F-score: 0.396
GPT4-5shot	F-score: 0.667
GPT4-5shot	F-score: 0.200
GPT4-5shot	F-score: 0.636
GPT4-5shot	F-score: 0.200
GPT4-5shot	F-score: 0.468
GPT4-5shot	F-score: 0.316
GPT4-5shot	F-score: 0.491
GPT4-5shot	F-score: 0.611
GPT4-5shot	F-score: 0.538
GPT4-5shot	F-score: 0.590
GPT4-5shot	F-score: 0.532
GPT4-5shot	F-score: 0.391
GPT4-5shot	F-score: 0.444
GPT4-5shot	F-score: 0.504
GPT4-5shot	F-score: 0.314
GPT4-5shot	F-score: 0.419
GPT4-5shot	F-score: 0.483
GPT4-5shot	F-score: 0.500
GPT4-5shot	F-score: 0.281
GPT4-5shot	F-score: 0.943
GPT4-5shot	F-score: 0.390
GPT4-5shot	F-score: 0.757
GPT4-5shot	F-score: 0.869
GPT4-5shot	F-score: 0.565
GPT4-5shot	F-score: 0.545
GPT4-5shot	F-score: 0.698
GPT4-5shot	F-score: 0.655
GPT4-5shot	F-score: 0.737
GPT4-5shot	F-score: 0.619
GPT4-5shot	F-score: 0.188
GPT4-5shot	F-score: 0.258
GPT4-5shot	F-score: 0.333
GPT4-5shot	F-score: 0.375
GPT4-5shot	F-score: 0.267
GPT4-5shot	F-score: 0.176
GPT4-5shot	F-score: 0.378
GPT4-5shot	F-score: 0.080
GPT4-5shot	F-score: 0.148
GPT4-5shot	F-score: 0.250
GPT4-5shot	F-score: 0.267
GPT4-5shot	F-score: 0.167
GPT4-5shot	F-score: 0.418
GPT4-5shot	F-score: 0.361
GPT4-5shot	F-score: 0.450
GPT4-5shot	F-score: 0.320
GPT4-5shot	F-score: 0.308
GPT4-5shot	F-score: 0.316
GPT4-5shot	F-score: 1.000
GPT4-5shot	F-score: 1.000
GPT4-5shot	F-score: 0.651
GPT4-5shot	F-score: 0.780
GPT4-5shot	F-score: 0.529
GPT4-5shot	F-score: 0.515
GPT4-5shot	F-score: 0.750
GPT4-5shot	F-score: 0.938
GPT4-5shot	F-score: 0.800
GPT4-5shot	F-score: 0.772
GPT4-5shot	F-score: 0.354
GPT4-5shot	F-score: 0.421
GPT4-5shot	F-score: 0.415
GPT4-5shot	F-score: 0.466
GPT4-5shot	F-score: 0.476
GPT4-5shot	F-score: 0.273
GPT4-5shot	F-score: 0.500
GPT4-5shot	F-score: 0.360
GPT4-5shot	F-score: 0.410
GPT4-5shot	F-score: 0.293
GPT4-5shot	F-score: 0.473
GPT4-5shot	F-score: 0.375
GPT4-5shot	F-score: 0.431
GPT4-5shot	F-score: 0.222
GPT4-5shot	F-score: 0.418
GPT4-5shot	F-score: 0.418
GPT4-5shot	F-score: 0.750
GPT4-5shot	F-score: 0.383
GPT4-5shot	F-score: 0.351
GPT4-5shot	F-score: 0.273
GPT4-5shot	F-score: 0.441
GPT4-5shot	F-score: 0.255
GPT4-5shot	F-score: 0.286
GPT4-5shot	F-score: 0.407
GPT4-5shot	F-score: 0.158
GPT4-5shot	F-score: 0.270
GPT4-5shot	F-score: 0.462
GPT4-5shot	F-score: 0.552
GPT4-5shot	F-score: 0.517
GPT4-5shot	F-score: 0.406
GPT4-5shot	F-score: 0.500
GPT4-5shot	F-score: 0.429
GPT4-5shot	F-score: 0.585
GPT4-5shot	F-score: 0.222
GPT4-5shot	F-score: 0.345
GPT4-5shot	F-score: 0.297
GPT4-5shot	F-score: 1.000
GPT4-5shot	F-score: 0.727
GPT4-5shot	F-score: 0.625
GPT4-5shot	F-score: 0.703
GPT4-5shot	F-score: 0.707
GPT4-5shot	F-score: 0.545
GPT4-5shot	F-score: 0.892
GPT4-5shot	F-score: 0.952
GPT4-5shot	F-score: 0.893
GPT4-5shot	F-score: 0.727
GPT4-5shot	F-score: 0.435
GPT4-5shot	F-score: 0.500
GPT4-5shot	F-score: 0.418
GPT4-5shot	F-score: 0.585
GPT4-5shot	F-score: 0.433
GPT4-5shot	F-score: 0.328
GPT4-5shot	F-score: 0.367
GPT4-5shot	F-score: 0.478
GPT4-5shot	F-score: 0.417
GPT4-5shot	F-score: 0.420
GPT4-5shot	F-score: 0.476
GPT4-5shot	F-score: 0.833
GPT4-5shot	F-score: 0.500
GPT4-5shot	F-score: 0.294
GPT4-5shot	F-score: 0.333
GPT4-5shot	F-score: 0.385
GPT4-5shot	F-score: 0.508
GPT4-5shot	F-score: 0.366
GPT4-5shot	F-score: 0.571
GPT4-5shot	F-score: 0.620
GPT4-5shot	F-score: 0.595
GPT4-5shot	F-score: 0.361
GPT4-5shot	F-score: 0.345
GPT4-5shot	F-score: 0.531
GPT4-5shot	F-score: 0.540
GPT4-5shot	F-score: 0.708
GPT4-5shot	F-score: 0.356
GPT4-5shot	F-score: 0.545
GPT4-5shot	F-score: 0.305
GPT4-5shot	F-score: 0.556
GPT4-5shot	F-score: 0.380
GPT4-5shot	F-score: 0.405
GPT4-5shot	F-score: 0.220
GPT4-5shot	F-score: 0.452
GPT4-5shot	F-score: 0.750
GPT4-5shot	F-score: 1.000
GPT4-5shot	F-score: 0.457
GPT4-5shot	F-score: 0.674
GPT4-5shot	F-score: 0.741
GPT4-5shot	F-score: 0.429
GPT4-5shot	F-score: 0.800
GPT4-5shot	F-score: 0.588
GPT4-5shot	F-score: 0.568
GPT4-5shot	F-score: 0.811
GPT4-5shot	F-score: 0.678
GPT4-5shot	F-score: 0.533
GPT4-5shot	F-score: 0.263
GPT4-5shot	F-score: 0.421
GPT4-5shot	F-score: 0.353
GPT4-5shot	F-score: 0.343
GPT4-5shot	F-score: 0.356
GPT4-5shot	F-score: 0.424
GPT4-5shot	F-score: 0.482
GPT4-5shot	F-score: 0.375
GPT4-5shot	F-score: 0.609
GPT4-5shot	F-score: 0.667
GPT4-5shot	F-score: 0.400
GPT4-5shot	F-score: 0.357
GPT4-5shot	F-score: 0.468
GPT4-5shot	F-score: 0.420
GPT4-5shot	F-score: 0.778
GPT4-5shot	F-score: 0.400
GPT4-5shot	F-score: 0.400
GPT4-5shot	F-score: 0.514
GPT4-5shot	F-score: 0.396
GPT4-5shot	F-score: 0.414
GPT4-5shot	F-score: 0.769
GPT4-5shot	F-score: 0.526
GPT4-5shot	F-score: 0.590
GPT4-5shot	F-score: 0.875
GPT4-5shot	F-score: 0.591
GPT4-5shot	F-score: 0.824
GPT4-5shot	F-score: 0.658
GPT4-5shot	F-score: 0.380
GPT4-5shot	F-score: 0.762
GPT4-5shot	F-score: 0.944
GPT4-5shot	F-score: 0.848
GPT4-5shot	F-score: 0.780
GPT4-5shot	F-score: 0.563
GPT4-5shot	F-score: 0.515
GPT4-5shot	F-score: 0.256
GPT4-5shot	F-score: 0.259
GPT4-5shot	F-score: 0.246
GPT4-5shot	F-score: 0.244
GPT4-5shot	F-score: 0.304
GPT4-5shot	F-score: 0.415
GPT4-5shot	F-score: 0.469
GPT4-5shot	F-score: 0.619
GPT4-5shot	F-score: 0.308
GPT4-5shot	F-score: 0.230
GPT4-5shot	F-score: 0.324
GPT4-5shot	F-score: 0.317
GPT4-5shot	F-score: 0.416
GPT4-5shot	F-score: 0.393
GPT4-5shot	F-score: 0.431
GPT4-5shot	F-score: 0.393
GPT4-5shot	F-score: 0.417
GPT4-5shot	F-score: 0.630
GPT4-5shot	F-score: 0.250
GPT4-5shot	F-score: 0.326
GPT4-5shot	F-score: 0.382
GPT4-5shot	F-score: 0.231
GPT4-5shot	F-score: 0.305
GPT4-5shot	F-score: 0.417
GPT4-5shot	F-score: 0.500
GPT4-5shot	F-score: 0.957
GPT4-5shot	F-score: 0.760
GPT4-5shot	F-score: 0.750
GPT4-5shot	F-score: 0.640
GPT4-5shot	F-score: 0.576
GPT4-5shot	F-score: 0.621
GPT4-5shot	F-score: 0.513
GPT4-5shot	F-score: 0.879
GPT4-5shot	F-score: 0.833
GPT4-5shot	F-score: 0.732
GPT4-5shot	F-score: 0.615
GPT4-5shot	F-score: 0.716
GPT4-5shot	F-score: 0.615
GPT4-5shot	F-score: 0.419
GPT4-5shot	F-score: 0.730
GPT4-5shot	F-score: 0.524
GPT4-5shot	F-score: 0.659
GPT4-5shot	F-score: 0.714
GPT4-5shot	F-score: 0.537
GPT4-5shot	F-score: 0.698
GPT4-5shot	F-score: 0.519
GPT4-5shot	F-score: 0.755
GPT4-5shot	F-score: 0.533
GPT4-5shot	F-score: 0.743
GPT4-5shot	F-score: 0.535
GPT4-5shot	F-score: 0.667
GPT4-5shot	F-score: 0.447
GPT4-5shot	F-score: 0.685
GPT4-5shot	F-score: 0.722
GPT4-5shot	F-score: 0.615
GPT4-5shot	F-score: 0.833
GPT4-5shot	F-score: 0.200
GPT4-5shot	F-score: 0.727
GPT4-5shot	F-score: 0.419
GPT4-5shot	F-score: 0.933
GPT4-5shot	F-score: 0.906
GPT4-5shot	F-score: 0.533
GPT4-5shot	F-score: 0.514
GPT4-5shot	F-score: 0.598
GPT4-5shot	F-score: 0.465
GPT4-5shot	F-score: 0.281
GPT4-5shot	F-score: 0.512
GPT4-5shot	F-score: 0.714
GPT4-5shot	F-score: 0.389
GPT4-5shot	F-score: 0.724
GPT4-5shot	F-score: 0.308
GPT4-5shot	F-score: 0.522
GPT4-5shot	F-score: 1.000
GPT4-5shot	F-score: 0.385
GPT4-5shot	F-score: 0.747
GPT4-5shot	F-score: 0.700
GPT4-5shot	F-score: 0.435
GPT4-5shot	F-score: 0.435
GPT4-5shot	F-score: 0.410
GPT4-5shot	F-score: 0.450
GPT4-5shot	F-score: 0.259
GPT4-5shot	F-score: 0.346
GPT4-5shot	F-score: 0.213
GPT4-5shot	F-score: 1.000
GPT4-5shot	F-score: 0.519
GPT4-5shot	F-score: 0.611
GPT4-5shot	F-score: 0.167
GPT4-5shot	F-score: 0.435
GPT4-5shot	F-score: 0.411
GPT4-5shot	F-score: 0.750
GPT4-5shot	F-score: 0.364
GPT4-5shot	F-score: 0.418
GPT4-5shot	F-score: 0.230
GPT4-5shot	F-score: 0.583
GPT4-5shot	F-score: 0.909
GPT4-5shot	F-score: 0.333
GPT4-5shot	F-score: 0.511
GPT4-5shot	F-score: 0.522
GPT4-5shot	F-score: 0.545
GPT4-5shot	F-score: 0.163
GPT4-5shot	F-score: 1.000
GPT4-5shot	F-score: 0.676
GPT4-5shot	F-score: 0.377
GPT4-5shot	F-score: 0.429
GPT4-5shot	F-score: 0.507
GPT4-5shot	F-score: 1.000
GPT4-5shot	F-score: 0.535
GPT4-5shot	F-score: 1.000
GPT4-5shot	F-score: 0.667
GPT4-5shot	F-score: 0.714
GPT4-5shot	F-score: 0.667
GPT4-5shot	F-score: 0.174
GPT4-5shot	F-score: 0.538
GPT4-5shot	F-score: 0.387
GPT4-5shot	F-score: 0.308
GPT4-5shot	F-score: 0.235
GPT4-5shot	F-score: 0.514
GPT4-5shot	F-score: 0.500
GPT4-5shot	F-score: 0.348
GPT4-5shot	F-score: 0.400
GPT4-5shot	F-score: 0.600
GPT4-5shot	F-score: 1.000
GPT4-5shot	F-score: 1.000
GPT4-5shot	F-score: 0.696
GPT4-5shot	F-score: 0.370
GPT4-5shot	F-score: 0.571
GPT4-5shot	F-score: 0.457
GPT4-5shot	F-score: 0.468
GPT4-5shot	F-score: 0.593
GPT4-5shot	F-score: 1.000
GPT4-5shot	F-score: 0.933
GPT4-5shot	F-score: 0.842
GPT4-5shot	F-score: 0.469
GPT4-5shot	F-score: 0.697
GPT4-5shot	F-score: 0.875
GPT4-5shot	F-score: 0.273
GPT4-5shot	F-score: 0.462
GPT4-5shot	F-score: 0.308
GPT4-5shot	F-score: 0.700
GPT4-5shot	F-score: 0.286
GPT4-5shot	F-score: 0.400
GPT4-5shot	F-score: 0.304
GPT4-5shot	F-score: 0.462
GPT4-5shot	F-score: 0.522
GPT4-5shot	F-score: 1.000
GPT4-5shot	F-score: 0.427
GPT4-5shot	F-score: 0.417
GPT4-5shot	F-score: 0.569
GPT4-5shot	F-score: 0.381
GPT4-5shot	F-score: 0.667
GPT4-5shot	F-score: 0.588
GPT4-5shot	F-score: 0.684
GPT4-5shot	F-score: 1.000
GPT4-5shot	F-score: 0.429
GPT4-5shot	F-score: 0.378
GPT4-5shot	F-score: 0.364
GPT4-5shot	F-score: 0.462
GPT4-5shot	F-score: 0.357
GPT4-5shot	F-score: 0.532
GPT4-5shot	F-score: 0.353
GPT4-5shot	F-score: 0.465
GPT4-5shot	F-score: 0.444
GPT4-5shot	F-score: 0.676
GPT4-5shot	F-score: 0.754
GPT4-5shot	F-score: 0.771
GPT4-5shot	F-score: 0.903
GPT4-5shot	F-score: 0.805
GPT4-5shot	F-score: 0.615
GPT4-5shot	F-score: 0.960
GPT4-5shot	F-score: 0.806
GPT4-5shot	F-score: 0.915
GPT4-5shot	F-score: 0.432
GPT4-5shot	F-score: 0.524
GPT4-5shot	F-score: 0.581
GPT4-5shot	F-score: 0.597
GPT4-5shot	F-score: 0.581
GPT4-5shot	F-score: 0.500
GPT4-5shot	F-score: 0.828
GPT4-5shot	F-score: 0.680
GPT4-5shot	F-score: 0.698
GPT4-5shot	F-score: 0.800
GPT4-5shot	F-score: 0.681
GPT4-5shot	F-score: 0.956
GPT4-5shot	F-score: 0.658
GPT4-5shot	F-score: 0.889
GPT4-5shot	F-score: 0.545
GPT4-5shot	F-score: 0.591
GPT4-5shot	F-score: 0.472
GPT4-5shot	F-score: 0.631
GPT4-5shot	F-score: 0.508
GPT4-5shot	F-score: 0.364
GPT4-5shot	F-score: 0.419
GPT4-5shot	F-score: 0.514
GPT4-5shot	F-score: 0.601
GPT4-5shot	F-score: 0.615
GPT4-5shot	F-score: 0.649
GPT4-5shot	F-score: 1.024
GPT4-5shot	F-score: 0.383
GPT4-5shot	F-score: 0.615
GPT4-5shot	F-score: 0.586
GPT4-5shot	F-score: 0.642
GPT4-5shot	F-score: 0.742
GPT4-5shot	F-score: 0.683
GPT4-5shot	F-score: 0.897
GPT4-5shot	F-score: 0.366
GPT4-5shot	F-score: 0.376
GPT4-5shot	F-score: 0.317
GPT4-5shot	F-score: 0.282
GPT4-5shot	F-score: 0.308
GPT4-5shot	F-score: 0.331
GPT4-5shot	F-score: 0.423
GPT4-5shot	F-score: 0.294
GPT4-5shot	F-score: 0.253
GPT4-5shot	F-score: 0.431
GPT4-5shot	F-score: 0.288
GPT4-5shot	F-score: 0.383
GPT4-5shot	F-score: 0.349
GPT4-5shot	F-score: 0.331
GPT4-5shot	F-score: 0.444
GPT4-5shot	F-score: 0.282
GPT4-5shot	F-score: 0.474
GPT4-5shot	F-score: 0.810
GPT4-5shot	F-score: 0.444
GPT4-5shot	F-score: 0.654
GPT4-5shot	F-score: 0.690
GPT4-5shot	F-score: 0.688
GPT4-5shot	F-score: 0.835
GPT4-5shot	F-score: 0.491
GPT4-5shot	F-score: 0.754
GPT4-5shot	F-score: 0.848
GPT4-5shot	F-score: 0.560
GPT4-5shot	F-score: 0.636
GPT4-5shot	F-score: 0.526
GPT4-5shot	F-score: 0.345
GPT4-5shot	F-score: 0.441
GPT4-5shot	F-score: 0.372
GPT4-5shot	F-score: 0.568
GPT4-5shot	F-score: 0.400
GPT4-5shot	F-score: 0.652
GPT4-5shot	F-score: 0.564
GPT4-5shot	F-score: 0.494
GPT4-5shot	F-score: 0.400
GPT4-5shot	F-score: 0.380
GPT4-5shot	F-score: 0.903
GPT4-5shot	F-score: 0.716
GPT4-5shot	F-score: 0.390
GPT4-5shot	F-score: 0.484
GPT4-5shot	F-score: 0.600
GPT4-5shot	F-score: 0.446
GPT4-5shot	F-score: 0.667
GPT4-5shot	F-score: 0.622
GPT4-5shot	F-score: 0.615
GPT4-5shot	F-score: 0.715
GPT4-5shot	F-score: 0.273
GPT4-5shot	F-score: 0.830
GPT4-5shot	F-score: 0.844
GPT4-5shot	F-score: 0.559
GPT4-5shot	F-score: 0.928
GPT4-5shot	F-score: 0.766
GPT4-5shot	F-score: 0.597
GPT4-5shot	F-score: 0.387
GPT4-5shot	F-score: 0.424
GPT4-5shot	F-score: 0.354
GPT4-5shot	F-score: 0.370
GPT4-5shot	F-score: 0.320
GPT4-5shot	F-score: 0.286
GPT4-5shot	F-score: 0.192
GPT4-5shot	F-score: 0.442
GPT4-5shot	F-score: 0.330
GPT4-5shot	F-score: 0.482
GPT4-5shot	F-score: 0.340
GPT4-5shot	F-score: 0.738
GPT4-5shot	F-score: 0.821
GPT4-5shot	F-score: 0.551
GPT4-5shot	F-score: 0.963
GPT4-5shot	F-score: 0.738
GPT4-5shot	F-score: 0.821
GPT4-5shot	F-score: 0.677
GPT4-5shot	F-score: 0.636
GPT4-5shot	F-score: 0.739
GPT4-5shot	F-score: 0.349
GPT4-5shot	F-score: 0.233
GPT4-5shot	F-score: 0.352
GPT4-5shot	F-score: 0.359
GPT4-5shot	F-score: 0.305
GPT4-5shot	F-score: 0.574
GPT4-5shot	F-score: 0.356
GPT4-5shot	F-score: 0.515
GPT4-5shot	F-score: 0.435
GPT4-5shot	F-score: 0.403
GPT4-5shot	F-score: 0.424
GPT4-5shot	F-score: 0.428
GPT4-5shot	F-score: 0.487
GPT4-5shot	F-score: 1.000
GPT4-5shot	F-score: 0.696
GPT4-5shot	F-score: 0.926
GPT4-5shot	F-score: 0.936
GPT4-5shot	F-score: 0.777
GPT4-5shot	F-score: 0.624
GPT4-5shot	F-score: 0.710
GPT4-5shot	F-score: 0.872
GPT4-5shot	F-score: 0.959
GPT4-5shot	F-score: 0.452
GPT4-5shot	F-score: 0.350
GPT4-5shot	F-score: 0.442
GPT4-5shot	F-score: 0.313
GPT4-5shot	F-score: 0.326
GPT4-5shot	F-score: 0.545
GPT4-5shot	F-score: 0.390
GPT4-5shot	F-score: 0.430
GPT4-5shot	F-score: 0.435
GPT4-5shot	F-score: 0.552
GPT4-5shot	F-score: 0.596
GPT4-5shot	F-score: 0.571
GPT4-5shot	F-score: 0.594
GPT4-5shot	F-score: 0.693
GPT4-5shot	F-score: 0.729
GPT4-5shot	F-score: 0.571
GPT4-5shot	F-score: 0.495
GPT4-5shot	F-score: 0.439
GPT4-5shot	F-score: 0.845
GPT4-5shot	F-score: 0.713
GPT4-5shot	F-score: 0.452
GPT4-5shot	F-score: 0.425
GPT4-5shot	F-score: 0.356
GPT4-5shot	F-score: 0.515
GPT4-5shot	F-score: 0.364
GPT4-5shot	F-score: 0.377
GPT4-5shot	F-score: 0.342
GPT4-5shot	F-score: 0.531
GPT4-5shot	F-score: 0.500
GPT4-5shot	F-score: 0.615
GPT4-5shot	F-score: 0.615
GPT4-5shot	F-score: 0.800
GPT4-5shot	F-score: 0.833
GPT4-5shot	F-score: 0.475
GPT4-5shot	F-score: 0.909
GPT4-5shot	F-score: 0.878
GPT4-5shot	F-score: 0.727
GPT4-5shot	F-score: 0.719
GPT4-5shot	F-score: 0.545
GPT4-5shot	F-score: 0.500
GPT4-5shot	F-score: 0.612
GPT4-5shot	F-score: 0.465
GPT4-5shot	F-score: 0.774
GPT4-5shot	F-score: 0.720
GPT4-5shot	F-score: 0.710
GPT4-5shot	F-score: 0.909
GPT4-5shot	F-score: 0.507
GPT4-5shot	F-score: 0.500
GPT4-5shot	F-score: 0.826
GPT4-5shot	F-score: 0.288
GPT4-5shot	F-score: 0.392
GPT4-5shot	F-score: 0.442
GPT4-5shot	F-score: 0.476
GPT4-5shot	F-score: 0.318
GPT4-5shot	F-score: 0.331
GPT4-5shot	F-score: 0.318
GPT4-5shot	F-score: 0.271
GPT4-5shot	F-score: 0.286
GPT4-5shot	F-score: 0.211
GPT4-5shot	F-score: 0.269
GPT4-5shot	F-score: 0.200
GPT4-5shot	F-score: 0.463
GPT4-5shot	F-score: 1.000
GPT4-5shot	F-score: 0.635
GPT4-5shot	F-score: 0.469
GPT4-5shot	F-score: 0.818
GPT4-5shot	F-score: 0.514
GPT4-5shot	F-score: 0.697
GPT4-5shot	F-score: 0.500
GPT4-5shot	F-score: 0.443
GPT4-5shot	F-score: 0.537
GPT4-5shot	F-score: 0.400
GPT4-5shot	F-score: 0.386
GPT4-5shot	F-score: 0.467
GPT4-5shot	F-score: 0.556
GPT4-5shot	F-score: 1.000
GPT4-5shot	F-score: 0.530
GPT4-5shot	F-score: 0.442
GPT4-5shot	F-score: 0.343
GPT4-5shot	F-score: 0.673
GPT4-5shot	F-score: 0.468
GPT4-5shot	F-score: 0.413
GPT4-5shot	F-score: 0.545
GPT4-5shot	F-score: 0.545
GPT4-5shot	F-score: 0.507
GPT4-5shot	F-score: 0.387
GPT4-5shot	F-score: 0.500
GPT4-5shot	F-score: 0.415
GPT4-5shot	F-score: 0.610
GPT4-5shot	F-score: 0.407
GPT4-5shot	F-score: 0.583
GPT4-5shot	F-score: 0.730
GPT4-5shot	F-score: 0.590
GPT4-5shot	F-score: 0.588
GPT4-5shot	F-score: 0.688
GPT4-5shot	F-score: 0.656
GPT4-5shot	F-score: 0.592
GPT4-5shot	F-score: 0.447
GPT4-5shot	F-score: 0.808
GPT4-5shot	F-score: 0.872
GPT4-5shot	F-score: 0.714
GPT4-5shot	F-score: 0.634
GPT4-5shot	F-score: 0.732
GPT4-5shot	F-score: 0.543
GPT4-5shot	F-score: 0.675
GPT4-5shot	F-score: 0.769
GPT4-5shot	F-score: 0.897
GPT4-5shot	F-score: 0.871
GPT4-5shot	F-score: 0.971
GPT4-5shot	F-score: 0.733
GPT4-5shot	F-score: 0.962
GPT4-5shot	F-score: 0.649
GPT4-5shot	F-score: 0.713
GPT4-5shot	F-score: 0.775
GPT4-5shot	F-score: 0.945
GPT4-5shot	F-score: 0.704
GPT4-5shot	F-score: 0.555
GPT4-5shot	F-score: 0.703
GPT4-5shot	F-score: 0.726
GPT4-5shot	F-score: 0.846
GPT4-5shot	F-score: 0.617
GPT4-5shot	F-score: 0.697
GPT4-5shot	F-score: 0.728
GPT4-5shot	F-score: 0.510
GPT4-5shot	F-score: 0.891
GPT4-5shot	F-score: 0.929
GPT4-5shot	F-score: 0.432
GPT4-5shot	F-score: 0.358
GPT4-5shot	F-score: 0.778
GPT4-5shot	F-score: 0.509
GPT4-5shot	F-score: 0.750
GPT4-5shot	F-score: 0.540
GPT4-5shot	F-score: 0.353
GPT4-5shot	F-score: 0.472
GPT4-5shot	F-score: 0.425
GPT4-5shot	F-score: 0.510
GPT4-5shot	F-score: 0.814
GPT4-5shot	F-score: 0.766
GPT4-5shot	F-score: 0.769
GPT4-5shot	F-score: 0.258
GPT4-5shot	F-score: 0.593
GPT4-5shot	F-score: 0.822
GPT4-5shot	F-score: 0.598
GPT4-5shot	F-score: 0.947
GPT4-5shot	F-score: 0.624
GPT4-5shot	F-score: 0.794
GPT4-5shot	F-score: 0.922
GPT4-5shot	F-score: 0.721
GPT4-5shot	F-score: 0.602
GPT4-5shot	F-score: 0.940
GPT4-5shot	F-score: 0.973
GPT4-5shot	F-score: 0.946
GPT4-5shot	F-score: 0.683
GPT4-5shot	F-score: 0.541
GPT4-5shot	F-score: 0.500
GPT4-5shot	F-score: 0.843
GPT4-5shot	F-score: 0.913
GPT4-5shot	F-score: 0.429
GPT4-5shot	F-score: 0.795
GPT4-5shot	F-score: 0.400
GPT4-5shot	F-score: 0.626
GPT4-5shot	F-score: 0.783
GPT4-5shot	F-score: 0.797
GPT4-5shot	F-score: 0.696
GPT4-5shot	F-score: 0.743
GPT4-5shot	F-score: 0.750
GPT4-5shot	F-score: 0.730
GPT4-5shot	F-score: 0.938
GPT4-5shot	F-score: 0.571
GPT4-5shot	F-score: 0.773
GPT4-5shot	F-score: 0.841
GPT4-5shot	F-score: 0.857
GPT4-5shot	F-score: 0.640
GPT4-5shot	F-score: 0.680
GPT4-5shot	F-score: 0.644
GPT4-5shot	F-score: 0.882
GPT4-5shot	F-score: 0.772
GPT4-5shot	F-score: 0.733
GPT4-5shot	F-score: 0.779
GPT4-5shot	F-score: 0.900
GPT4-5shot	F-score: 0.897
GPT4-5shot	F-score: 0.553
GPT4-5shot	F-score: 0.636
GPT4-5shot	F-score: 0.469
GPT4-5shot	F-score: 0.585
GPT4-5shot	F-score: 0.852
GPT4-5shot	F-score: 0.900
GPT4-5shot	F-score: 0.476
GPT4-5shot	F-score: 0.706
GPT4-5shot	F-score: 0.594
GPT4-5shot	F-score: 0.737
GPT4-5shot	F-score: 0.759
GPT4-5shot	F-score: 0.950
GPT4-5shot	F-score: 0.882
GPT4-5shot	F-score: 0.867
GPT4-5shot	F-score: 0.364
GPT4-5shot	F-score: 0.833
GPT4-5shot	F-score: 0.900
GPT4-5shot	F-score: 0.600
GPT4-5shot	F-score: 0.820
GPT4-5shot	F-score: 0.710
GPT4-5shot	F-score: 0.491
GPT4-5shot	F-score: 0.653
GPT4-5shot	F-score: 0.699
GPT4-5shot	F-score: 0.607
GPT4-5shot	F-score: 0.950
GPT4-5shot	F-score: 0.900
GPT4-5shot	F-score: 1.000
GPT4-5shot	F-score: 0.731
GPT4-5shot	F-score: 0.760
GPT4-5shot	F-score: 0.653
GPT4-5shot	F-score: 0.662
GPT4-5shot	F-score: 0.824
GPT4-5shot	F-score: 0.900
GPT4-5shot	F-score: 1.000
GPT4-5shot	F-score: 0.640
GPT4-5shot	F-score: 0.633
GPT4-5shot	F-score: 0.500
GPT4-5shot	F-score: 0.741
GPT4-5shot	F-score: 0.733
GPT4-5shot	F-score: 0.721
GPT4-5shot	F-score: 0.678
GPT4-5shot	F-score: 0.900
GPT4-5shot	F-score: 1.000
GPT4-5shot	F-score: 0.681
GPT4-5shot	F-score: 0.733
GPT4-5shot	F-score: 0.778
GPT4-5shot	F-score: 0.750
GPT4-5shot	F-score: 0.792
GPT4-5shot	F-score: 0.559
GPT4-5shot	F-score: 0.900
GPT4-5shot	F-score: 0.593
GPT4-5shot	F-score: 0.586
GPT4-5shot	F-score: 0.839
GPT4-5shot	F-score: 0.439
GPT4-5shot	F-score: 0.833
GPT4-5shot	F-score: 0.696
GPT4-5shot	F-score: 0.691
GPT4-5shot	F-score: 0.867
GPT4-5shot	F-score: 0.727
GPT4-5shot	F-score: 0.691
GPT4-5shot	F-score: 0.750
GPT4-5shot	F-score: 0.699
GPT4-5shot	F-score: 0.667
GPT4-5shot	F-score: 0.699
GPT4-5shot	F-score: 0.696
GPT4-5shot	F-score: 0.861
GPT4-5shot	F-score: 0.721
GPT4-5shot	F-score: 0.609
GPT4-5shot	F-score: 0.795
GPT4-5shot	F-score: 0.564
GPT4-5shot	F-score: 0.559
GPT4-5shot	F-score: 0.659
GPT4-5shot	F-score: 0.762
GPT4-5shot	F-score: 0.900
GPT4-5shot	F-score: 0.556
GPT4-5shot	F-score: 0.600
GPT4-5shot	F-score: 0.750
GPT4-5shot	F-score: 0.709
GPT4-5shot	F-score: 0.609
GPT4-5shot	F-score: 0.759
GPT4-5shot	F-score: 0.558
GPT4-5shot	F-score: 0.695
GPT4-5shot	F-score: 0.529
GPT4-5shot	F-score: 0.500
GPT4-5shot	F-score: 0.761
GPT4-5shot	F-score: 0.905
GPT4-5shot	F-score: 0.459
GPT4-5shot	F-score: 0.732
GPT4-5shot	F-score: 0.667
GPT4-5shot	F-score: 0.885
GPT4-5shot	F-score: 0.569
GPT4-5shot	F-score: 0.594
GPT4-5shot	F-score: 0.643
GPT4-5shot	F-score: 0.548
GPT4-5shot	F-score: 0.641
GPT4-5shot	F-score: 0.608
GPT4-5shot	F-score: 0.717
GPT4-5shot	F-score: 0.732
GPT4-5shot	F-score: 0.588
GPT4-5shot	F-score: 0.842
GPT4-5shot	F-score: 0.627
GPT4-5shot	F-score: 0.606
GPT4-5shot	F-score: 0.535
GPT4-5shot	F-score: 0.696
GPT4-5shot	F-score: 0.884
GPT4-5shot	F-score: 0.804
GPT4-5shot	F-score: 0.525
GPT4-5shot	F-score: 0.738
GPT4-5shot	F-score: 0.686
GPT4-5shot	F-score: 0.568
GPT4-5shot	F-score: 0.525
GPT4-5shot	F-score: 0.419
GPT4-5shot	F-score: 0.641
GPT4-5shot	F-score: 0.741
GPT4-5shot	F-score: 0.551
GPT4-5shot	F-score: 0.470
GPT4-5shot	F-score: 0.456
GPT4-5shot	F-score: 0.667
GPT4-5shot	F-score: 0.675
GPT4-5shot	F-score: 0.667
GPT4-5shot	F-score: 0.663
GPT4-5shot	F-score: 0.612
GPT4-5shot	F-score: 0.740
GPT4-5shot	F-score: 0.800
GPT4-5shot	F-score: 0.595
GPT4-5shot	F-score: 0.735
GPT4-5shot	F-score: 0.783
GPT4-5shot	F-score: 0.903
GPT4-5shot	F-score: 0.816
GPT4-5shot	F-score: 0.905
GPT4-5shot	F-score: 0.677
GPT4-5shot	F-score: 0.674
GPT4-5shot	F-score: 0.851
GPT4-5shot	F-score: 0.794
GPT4-5shot	F-score: 0.917
GPT4-5shot	F-score: 0.648
GPT4-5shot	F-score: 0.745
GPT4-5shot	F-score: 0.702
GPT4-5shot	F-score: 0.795
GPT4-5shot	F-score: 0.741
GPT4-5shot	F-score: 0.667
GPT4-5shot	F-score: 0.871
GPT4-5shot	F-score: 1.000
GPT4-5shot	F-score: 0.601
GPT4-5shot	F-score: 0.628
GPT4-5shot	F-score: 0.895
GPT4-5shot	F-score: 0.549
GPT4-5shot	F-score: 0.647
GPT4-5shot	F-score: 0.533
GPT4-5shot	F-score: 0.962
GPT4-5shot	F-score: 0.658
GPT4-5shot	F-score: 0.773
GPT4-5shot	F-score: 0.717
GPT4-5shot	F-score: 0.725
GPT4-5shot	F-score: 0.828
GPT4-5shot	F-score: 0.650
GPT4-5shot	F-score: 0.510
GPT4-5shot	F-score: 0.611
GPT4-5shot	F-score: 0.612
GPT4-5shot	F-score: 0.684
GPT4-5shot	F-score: 0.684
GPT4-5shot	F-score: 0.821
GPT4-5shot	F-score: 0.450
GPT4-5shot	F-score: 0.600
GPT4-5shot	F-score: 0.638
GPT4-5shot	F-score: 0.768
GPT4-5shot	F-score: 0.525
GPT4-5shot	F-score: 0.402
GPT4-5shot	F-score: 0.613
GPT4-5shot	F-score: 0.540
GPT4-5shot	F-score: 0.500
GPT4-5shot	F-score: 0.505
GPT4-5shot	F-score: 0.476
GPT4-5shot	F-score: 0.544
GPT4-5shot	F-score: 0.964
GPT4-5shot	F-score: 0.734
GPT4-5shot	F-score: 0.773
GPT4-5shot	F-score: 0.633
GPT4-5shot	F-score: 0.676
GPT4-5shot	F-score: 0.615
GPT4-5shot	F-score: 0.605
GPT4-5shot	F-score: 0.694
GPT4-5shot	F-score: 0.681
GPT4-5shot	F-score: 0.640
GPT4-5shot	F-score: 0.624
GPT4-5shot	F-score: 0.793
GPT4-5shot	F-score: 0.945
GPT4-5shot	F-score: 0.708
GPT4-5shot	F-score: 0.906
GPT4-5shot	F-score: 0.764
GPT4-5shot	F-score: 0.769
GPT4-5shot	F-score: 0.824
GPT4-5shot	F-score: 0.746
GPT4-5shot	F-score: 0.626
GPT4-5shot	F-score: 0.493
GPT4-5shot	F-score: 0.571
GPT4-5shot	F-score: 0.633
GPT4-5shot	F-score: 0.625
GPT4-5shot	F-score: 0.537
GPT4-5shot	F-score: 0.519
GPT4-5shot	F-score: 0.743
GPT4-5shot	F-score: 0.639
GPT4-5shot	F-score: 0.774
GPT4-5shot	F-score: 0.733
GPT4-5shot	F-score: 0.688
GPT4-5shot	F-score: 0.745
GPT4-5shot	F-score: 0.763
GPT4-5shot	F-score: 0.579
GPT4-5shot	F-score: 0.757
GPT4-5shot	F-score: 0.667
GPT4-5shot	F-score: 0.500
GPT4-5shot	F-score: 0.512
GPT4-5shot	F-score: 0.662
GPT4-5shot	F-score: 0.709
GPT4-5shot	F-score: 0.623
GPT4-5shot	F-score: 0.627
GPT4-5shot	F-score: 0.537
GPT4-5shot	F-score: 0.706
GPT4-5shot	F-score: 0.417
GPT4-5shot	F-score: 0.677
GPT4-5shot	F-score: 0.526
GPT4-5shot	F-score: 0.589
GPT4-5shot	F-score: 0.588
GPT4-5shot	F-score: 0.570
GPT4-5shot	F-score: 0.649
GPT4-5shot	F-score: 0.522
GPT4-5shot	F-score: 1.000
GPT4-5shot	F-score: 0.605
GPT4-5shot	F-score: 0.566
GPT4-5shot	F-score: 0.560
GPT4-5shot	F-score: 0.609
GPT4-5shot	F-score: 0.696
GPT4-5shot	F-score: 0.830
GPT4-5shot	F-score: 0.619
GPT4-5shot	F-score: 0.786
GPT4-5shot	F-score: 0.755
GPT4-5shot	F-score: 0.948
GPT4-5shot	F-score: 0.750
GPT4-5shot	F-score: 0.733
GPT4-5shot	F-score: 0.727
GPT4-5shot	F-score: 0.533
GPT4-5shot	F-score: 0.814
GPT4-5shot	F-score: 0.571
GPT4-5shot	F-score: 0.873
GPT4-5shot	F-score: 0.746
GPT4-5shot	F-score: 0.700
GPT4-5shot	F-score: 0.830
GPT4-5shot	F-score: 0.692
GPT4-5shot	F-score: 0.909
GPT4-5shot	F-score: 0.862
GPT4-5shot	F-score: 0.971
GPT4-5shot	F-score: 0.740
GPT4-5shot	F-score: 0.802
GPT4-5shot	F-score: 1.000
GPT4-5shot	F-score: 0.810
GPT4-5shot	F-score: 0.651
GPT4-5shot	F-score: 0.436
GPT4-5shot	F-score: 0.597
GPT4-5shot	F-score: 0.751
GPT4-5shot	F-score: 0.808
GPT4-5shot	F-score: 0.757
GPT4-5shot	F-score: 0.500
GPT4-5shot	F-score: 0.760
GPT4-5shot	F-score: 0.602
GPT4-5shot	F-score: 0.557
GPT4-5shot	F-score: 0.628
GPT4-5shot	F-score: 0.554
GPT4-5shot	F-score: 0.709
GPT4-5shot	F-score: 0.905
GPT4-5shot	F-score: 0.526
GPT4-5shot	F-score: 0.900
GPT4-5shot	F-score: 0.464
GPT4-5shot	F-score: 0.595
GPT4-5shot	F-score: 0.679
GPT4-5shot	F-score: 0.702
GPT4-5shot	F-score: 0.702
GPT4-5shot	F-score: 0.702
GPT4-5shot	F-score: 0.792
GPT4-5shot	F-score: 0.592
GPT4-5shot	F-score: 0.699
GPT4-5shot	F-score: 0.873
GPT4-5shot	F-score: 0.732
GPT4-5shot	F-score: 0.706
GPT4-5shot	F-score: 0.574
GPT4-5shot	F-score: 0.566
GPT4-5shot	F-score: 0.924
GPT4-5shot	F-score: 0.377
GPT4-5shot	F-score: 0.625
GPT4-5shot	F-score: 0.875
GPT4-5shot	F-score: 1.000
GPT4-5shot	F-score: 1.000
GPT4-5shot	F-score: 0.683
GPT4-5shot	F-score: 0.817
GPT4-5shot	F-score: 0.824
GPT4-5shot	F-score: 0.926
GPT4-5shot	F-score: 0.533
GPT4-5shot	F-score: 0.706
GPT4-5shot	F-score: 0.652
GPT4-5shot	F-score: 0.655
GPT4-5shot	F-score: 0.667
GPT4-5shot	F-score: 0.886
GPT4-5shot	F-score: 0.689
GPT4-5shot	F-score: 0.861
GPT4-5shot	F-score: 0.222
GPT4-5shot	F-score: 0.803
GPT4-5shot	F-score: 0.803
GPT4-5shot	F-score: 0.764
GPT4-5shot	F-score: 0.694
GPT4-5shot	F-score: 0.863
GPT4-5shot	F-score: 0.845
GPT4-5shot	F-score: 0.702
GPT4-5shot	F-score: 0.915
GPT4-5shot	F-score: 0.745
GPT4-5shot	F-score: 0.710
GPT4-5shot	F-score: 0.771
GPT4-5shot	F-score: 0.899
GPT4-5shot	F-score: 0.658
GPT4-5shot	F-score: 0.782
GPT4-5shot	F-score: 0.753
GPT4-5shot	F-score: 0.812
GPT4-5shot	F-score: 0.655
GPT4-5shot	F-score: 0.857
GPT4-5shot	F-score: 0.909
GPT4-5shot	F-score: 0.617
GPT4-5shot	F-score: 0.727
GPT4-5shot	F-score: 0.818
GPT4-5shot	F-score: 0.800
GPT4-5shot	F-score: 0.629
GPT4-5shot	F-score: 0.630
GPT4-5shot	F-score: 0.590
GPT4-5shot	F-score: 0.636
GPT4-5shot	F-score: 0.786
GPT4-5shot	F-score: 0.832
GPT4-5shot	F-score: 0.952
GPT4-5shot	F-score: 0.884
GPT4-5shot	F-score: 0.833
GPT4-5shot	F-score: 0.917
GPT4-5shot	F-score: 1.000
GPT4-5shot	F-score: 0.635
GPT4-5shot	F-score: 1.000
GPT4-5shot	F-score: 0.786
GPT4-5shot	F-score: 0.923
GPT4-5shot	F-score: 0.878
GPT4-5shot	F-score: 0.838
GPT4-5shot	F-score: 0.893
GPT4-5shot	F-score: 0.612
GPT4-5shot	F-score: 0.913
GPT4-5shot	F-score: 0.893
GPT4-5shot	F-score: 0.696
GPT4-5shot	F-score: 0.693
GPT4-5shot	F-score: 0.786
GPT4-5shot	F-score: 0.920
GPT4-5shot	F-score: 0.804
GPT4-5shot	F-score: 0.737
GPT4-5shot	F-score: 0.458
GPT4-5shot	F-score: 0.748
GPT4-5shot	F-score: 0.462
GPT4-5shot	F-score: 0.909
GPT4-5shot	F-score: 1.000
GPT4-5shot	F-score: 0.692
GPT4-5shot	F-score: 0.764
GPT4-5shot	F-score: 0.958
GPT4-5shot	F-score: 0.984
GPT4-5shot	F-score: 0.698
GPT4-5shot	F-score: 0.594
GPT4-5shot	F-score: 0.602
GPT4-5shot	F-score: 0.721
GPT4-5shot	F-score: 0.676
GPT4-5shot	F-score: 0.857
GPT4-5shot	F-score: 0.594
GPT4-5shot	F-score: 0.649
GPT4-5shot	F-score: 0.743
GPT4-5shot	F-score: 0.575
GPT4-5shot	F-score: 0.763
GPT4-5shot	F-score: 0.789
GPT4-5shot	F-score: 0.571
GPT4-5shot	F-score: 0.746
GPT4-5shot	F-score: 0.923
GPT4-5shot	F-score: 0.778
GPT4-5shot	F-score: 0.635
GPT4-5shot	F-score: 1.000
GPT4-5shot	F-score: 0.905
GPT4-5shot	F-score: 0.938
GPT4-5shot	F-score: 0.604
GPT4-5shot	F-score: 0.819
GPT4-5shot	F-score: 0.608
GPT4-5shot	F-score: 0.727
GPT4-5shot	F-score: 0.906
GPT4-5shot	F-score: 0.712
GPT4-5shot	F-score: 0.843
GPT4-5shot	F-score: 0.810
GPT4-5shot	F-score: 0.659
GPT4-5shot	F-score: 0.777
GPT4-5shot	F-score: 0.824
GPT4-5shot	F-score: 0.748
GPT4-5shot	F-score: 0.767
GPT4-5shot	F-score: 0.796
GPT4-5shot	F-score: 0.755
GPT4-5shot	F-score: 1.000
GPT4-5shot	F-score: 1.000
GPT4-5shot	F-score: 0.773
GPT4-5shot	F-score: 0.878
GPT4-5shot	F-score: 0.771
GPT4-5shot	F-score: 0.830
GPT4-5shot	F-score: 0.633
GPT4-5shot	F-score: 0.786
GPT4-5shot	F-score: 0.727
GPT4-5shot	F-score: 0.597
GPT4-5shot	F-score: 0.480
GPT4-5shot	F-score: 0.889
GPT4-5shot	F-score: 0.560
GPT4-5shot	F-score: 0.555
GPT4-5shot	F-score: 0.785
GPT4-5shot	F-score: 0.889
GPT4-5shot	F-score: 0.841
GPT4-5shot	F-score: 0.728
GPT4-5shot	F-score: 0.780
GPT4-5shot	F-score: 0.577
GPT4-5shot	F-score: 0.658
GPT4-5shot	F-score: 1.000
GPT4-5shot	F-score: 0.867
GPT4-5shot	F-score: 0.316
GPT4-5shot	F-score: 0.862
GPT4-5shot	F-score: 0.737
GPT4-5shot	F-score: 0.667
GPT4-5shot	F-score: 0.747
GPT4-5shot	F-score: 0.652
GPT4-5shot	F-score: 0.773
GPT4-5shot	F-score: 0.584
GPT4-5shot	F-score: 0.677
GPT4-5shot	F-score: 0.690
GPT4-5shot	F-score: 0.602
GPT4-5shot	F-score: 0.598
GPT4-5shot	F-score: 0.472
GPT4-5shot	F-score: 0.764
GPT4-5shot	F-score: 0.796
GPT4-5shot	F-score: 0.816
GPT4-5shot	F-score: 0.667
GPT4-5shot	F-score: 0.525
GPT4-5shot	F-score: 0.643
GPT4-5shot	F-score: 0.694
GPT4-5shot	F-score: 0.862
GPT4-5shot	F-score: 0.769
GPT4-5shot	F-score: 0.889
GPT4-5shot	F-score: 0.522
GPT4-5shot	F-score: 0.575
GPT4-5shot	F-score: 0.600
GPT4-5shot	F-score: 0.667
GPT4-5shot	F-score: 0.528
GPT4-5shot	F-score: 0.596
GPT4-5shot	F-score: 0.333
GPT4-5shot	F-score: 0.373
GPT4-5shot	F-score: 0.759
GPT4-5shot	F-score: 0.875
GPT4-5shot	F-score: 0.696
GPT4-5shot	F-score: 0.596
GPT4-5shot	F-score: 0.783
GPT4-5shot	F-score: 1.000
GPT4-5shot	F-score: 0.200
GPT4-5shot	F-score: 0.829
GPT4-5shot	F-score: 0.649
GPT4-5shot	F-score: 0.837
GPT4-5shot	F-score: 0.848
GPT4-5shot	F-score: 0.370
GPT4-5shot	F-score: 0.750
GPT4-5shot	F-score: 0.667
GPT4-5shot	F-score: 0.829
GPT4-5shot	F-score: 0.788
GPT4-5shot	F-score: 0.800
GPT4-5shot	F-score: 0.947
GPT4-5shot	F-score: 0.609
GPT4-5shot	F-score: 0.815
GPT4-5shot	F-score: 0.556
GPT4-5shot	F-score: 0.733
GPT4-5shot	F-score: 0.525
GPT4-5shot	F-score: 0.753
GPT4-5shot	F-score: 0.724
GPT4-5shot	F-score: 1.000
GPT4-5shot	F-score: 0.625
GPT4-5shot	F-score: 0.625
GPT4-5shot	F-score: 1.000
GPT4-5shot	F-score: 0.381
GPT4-5shot	F-score: 1.000
GPT4-5shot	F-score: 0.400
GPT4-5shot	F-score: 0.571
GPT4-5shot	F-score: 0.580
GPT4-5shot	F-score: 0.432
GPT4-5shot	F-score: 1.000
GPT4-5shot	F-score: 0.773
GPT4-5shot	F-score: 0.878
GPT4-5shot	F-score: 0.800
GPT4-5shot	F-score: 0.786
GPT4-5shot	F-score: 0.516
GPT4-5shot	F-score: 0.778
GPT4-5shot	F-score: 0.900
GPT4-5shot	F-score: 0.808
GPT4-5shot	F-score: 0.483
GPT4-5shot	F-score: 0.235
GPT4-5shot	F-score: 0.796
GPT4-5shot	F-score: 0.733
GPT4-5shot	F-score: 0.632
GPT4-5shot	F-score: 0.706
GPT4-5shot	F-score: 0.517
GPT4-5shot	F-score: 0.667
GPT4-5shot	F-score: 0.848
GPT4-5shot	F-score: 0.634
GPT4-5shot	F-score: 0.642
GPT4-5shot	F-score: 0.507
GPT4-5shot	F-score: 0.636
GPT4-5shot	F-score: 0.651
GPT4-5shot	F-score: 0.505
GPT4-5shot	F-score: 0.412
GPT4-5shot	F-score: 0.387
GPT4-5shot	F-score: 0.750
GPT4-5shot	F-score: 0.657
GPT4-5shot	F-score: 0.455
GPT4-5shot	F-score: 0.935
GPT4-5shot	F-score: 0.625
GPT4-5shot	F-score: 0.917
GPT4-5shot	F-score: 0.609
GPT4-5shot	F-score: 0.481
GPT4-5shot	F-score: 0.286
GPT4-5shot	F-score: 0.893
GPT4-5shot	F-score: 0.667
GPT4-5shot	F-score: 0.750
GPT4-5shot	F-score: 0.667
GPT4-5shot	F-score: 0.575
GPT4-5shot	F-score: 0.455
GPT4-5shot	F-score: 0.480
GPT4-5shot	F-score: 0.415
GPT4-5shot	F-score: 0.809
GPT4-5shot	F-score: 0.646
GPT4-5shot	F-score: 0.625
GPT4-5shot	F-score: 1.000
GPT4-5shot	F-score: 0.787
GPT4-5shot	F-score: 0.400
GPT4-5shot	F-score: 1.000
GPT4-5shot	F-score: 0.703
GPT4-5shot	F-score: 0.701
GPT4-5shot	F-score: 0.667
GPT4-5shot	F-score: 0.600
GPT4-5shot	F-score: 0.600
GPT4-5shot	F-score: 0.250
GPT4-5shot	F-score: 0.653
GPT4-5shot	F-score: 0.348
GPT4-5shot	F-score: 0.800
GPT4-5shot	F-score: 0.615
GPT4-5shot	F-score: 0.545
GPT4-5shot	F-score: 0.796
GPT4-5shot	F-score: 0.333
GPT4-5shot	F-score: 0.669
GPT4-5shot	F-score: 0.750
GPT4-5shot	F-score: 0.500
GPT4-5shot	F-score: 0.400
GPT4-5shot	F-score: 0.421
GPT4-5shot	F-score: 0.667
GPT4-5shot	F-score: 0.583
GPT4-5shot	F-score: 0.857
GPT4-5shot	F-score: 0.754
GPT4-5shot	F-score: 0.316
GPT4-5shot	F-score: 0.339
GPT4-5shot	F-score: 0.909
GPT4-5shot	F-score: 0.962
GPT4-5shot	F-score: 0.929
GPT4-5shot	F-score: 0.553
GPT4-5shot	F-score: 0.903
GPT4-5shot	F-score: 0.500
GPT4-5shot	F-score: 0.452
GPT4-5shot	F-score: 0.513
GPT4-5shot	F-score: 0.750
GPT4-5shot	F-score: 0.693
GPT4-5shot	F-score: 0.283
GPT4-5shot	F-score: 0.400
GPT4-5shot	F-score: 0.316
GPT4-5shot	F-score: 0.435
GPT4-5shot	F-score: 1.000
GPT4-5shot	F-score: 0.568
GPT4-5shot	F-score: 0.506
GPT4-5shot	F-score: 0.697
GPT4-5shot	F-score: 0.900
GPT4-5shot	F-score: 0.606
GPT4-5shot	F-score: 0.800
GPT4-5shot	F-score: 0.852
GPT4-5shot	F-score: 0.286
GPT4-5shot	F-score: 0.678
GPT4-5shot	F-score: 0.794
GPT4-5shot	F-score: 0.971
GPT4-5shot	F-score: 0.169
GPT4-5shot	F-score: 0.307
GPT4-5shot	F-score: 0.512
GPT4-5shot	F-score: 0.424
GPT4-5shot	F-score: 0.333
GPT4-5shot	F-score: 0.273
GPT4-5shot	F-score: 0.462
GPT4-5shot	F-score: 0.417
GPT4-5shot	F-score: 0.389
GPT4-5shot	F-score: 0.636
GPT4-5shot	F-score: 0.865
GPT4-5shot	F-score: 0.595
GPT4-5shot	F-score: 0.561
GPT4-5shot	F-score: 0.571
GPT4-5shot	F-score: 0.292
GPT4-5shot	F-score: 1.000
GPT4-5shot	F-score: 0.814
GPT4-5shot	F-score: 0.350
GPT4-5shot	F-score: 0.425
GPT4-5shot	F-score: 0.694
GPT4-5shot	F-score: 0.683
GPT4-5shot	F-score: 0.705
GPT4-5shot	F-score: 0.286
GPT4-5shot	F-score: 0.946
GPT4-5shot	F-score: 0.739
GPT4-5shot	F-score: 0.395
GPT4-5shot	F-score: 0.794
GPT4-5shot	F-score: 0.481
GPT4-5shot	F-score: 0.508
GPT4-5shot	F-score: 0.493
GPT4-5shot	F-score: 0.333
GPT4-5shot	F-score: 0.714
GPT4-5shot	F-score: 0.605
GPT4-5shot	F-score: 0.240
GPT4-5shot	F-score: 0.720
GPT4-5shot	F-score: 1.000
GPT4-5shot	F-score: 0.400
GPT4-5shot	F-score: 0.545
GPT4-5shot	F-score: 1.000
GPT4-5shot	F-score: 1.000
GPT4-5shot	F-score: 0.912
GPT4-5shot	F-score: 0.606
GPT4-5shot	F-score: 0.750
GPT4-5shot	F-score: 0.709
GPT4-5shot	F-score: 0.783
GPT4-5shot	F-score: 0.857
GPT4-5shot	F-score: 0.812
GPT4-5shot	F-score: 0.714
GPT4-5shot	F-score: 1.000
GPT4-5shot	F-score: 0.625
GPT4-5shot	F-score: 0.951
GPT4-5shot	F-score: 0.689
GPT4-5shot	F-score: 0.700
GPT4-5shot	F-score: 0.537
GPT4-5shot	F-score: 0.639
GPT4-5shot	F-score: 0.714
GPT4-5shot	F-score: 0.822
GPT4-5shot	F-score: 0.820
GPT4-5shot	F-score: 0.617
GPT4-5shot	F-score: 0.571
GPT4-5shot	F-score: 0.727
GPT4-5shot	F-score: 0.500
GPT4-5shot	F-score: 0.933
GPT4-5shot	F-score: 0.650
GPT4-5shot	F-score: 0.634
GPT4-5shot	F-score: 0.378
GPT4-5shot	F-score: 0.507
GPT4-5shot	F-score: 0.511
GPT4-5shot	F-score: 0.892
GPT4-5shot	F-score: 0.455
GPT4-5shot	F-score: 0.677
GPT4-5shot	F-score: 0.474
GPT4-5shot	F-score: 0.483
GPT4-5shot	F-score: 0.778
GPT4-5shot	F-score: 0.697
GPT4-5shot	F-score: 0.190
GPT4-5shot	F-score: 0.622
GPT4-5shot	F-score: 0.525
GPT4-5shot	F-score: 0.455
GPT4-5shot	F-score: 0.375
GPT4-5shot	F-score: 0.450
GPT4-5shot	F-score: 0.649
GPT4-5shot	F-score: 0.600
GPT4-5shot	F-score: 0.480
GPT4-5shot	F-score: 0.872
GPT4-5shot	F-score: 0.918
GPT4-5shot	F-score: 0.846
GPT4-5shot	F-score: 0.632
GPT4-5shot	F-score: 0.933
GPT4-5shot	F-score: 0.775
GPT4-5shot	F-score: 0.681
GPT4-5shot	F-score: 0.340
GPT4-5shot	F-score: 0.583
GPT4-5shot	F-score: 0.895
GPT4-5shot	F-score: 0.789
GPT4-5shot	F-score: 0.931
GPT4-5shot	F-score: 0.885
GPT4-5shot	F-score: 0.556
GPT4-5shot	F-score: 0.549
GPT4-5shot	F-score: 0.571
GPT4-5shot	F-score: 0.486
GPT4-5shot	F-score: 0.863
GPT4-5shot	F-score: 0.846
GPT4-5shot	F-score: 0.500
GPT4-5shot	F-score: 0.286
GPT4-5shot	F-score: 0.805
GPT4-5shot	F-score: 0.800
GPT4-5shot	F-score: 0.704
GPT4-5shot	F-score: 0.800
GPT4-5shot	F-score: 0.900
GPT4-5shot	F-score: 0.902
GPT4-5shot	F-score: 0.750
GPT4-5shot	F-score: 0.766
GPT4-5shot	F-score: 0.372
GPT4-5shot	F-score: 0.333
GPT4-5shot	F-score: 0.200
GPT4-5shot	F-score: 0.600
GPT4-5shot	F-score: 0.476
GPT4-5shot	F-score: 0.713
GPT4-5shot	F-score: 0.526
GPT4-5shot	F-score: 0.714
GPT4-5shot	F-score: 0.837
GPT4-5shot	F-score: 0.476
GPT4-5shot	F-score: 1.000
GPT4-5shot	F-score: 0.710
GPT4-5shot	F-score: 0.222
GPT4-5shot	F-score: 0.542
GPT4-5shot	F-score: 0.673
GPT4-5shot	F-score: 0.500
GPT4-5shot	F-score: 0.447
GPT4-5shot	F-score: 0.432
GPT4-5shot	F-score: 0.640
GPT4-5shot	F-score: 0.833
GPT4-5shot	F-score: 0.857
GPT4-5shot	F-score: 0.970
GPT4-5shot	F-score: 0.566
GPT4-5shot	F-score: 0.689
GPT4-5shot	F-score: 0.364
GPT4-5shot	F-score: 0.428
GPT4-5shot	F-score: 0.621
GPT4-5shot	F-score: 0.729
GPT4-5shot	F-score: 0.599
GPT4-5shot	F-score: 0.703
GPT4-5shot	F-score: 0.506
GPT4-5shot	F-score: 0.511
GPT4-5shot	F-score: 0.759
GPT4-5shot	F-score: 0.431
GPT4-5shot	F-score: 0.800
GPT4-5shot	F-score: 0.348
GPT4-5shot	F-score: 0.489
GPT4-5shot	F-score: 0.600
GPT4-5shot	F-score: 0.676
GPT4-5shot	F-score: 0.933
GPT4-5shot	F-score: 0.750
GPT4-5shot	F-score: 0.667
GPT4-5shot	F-score: 0.706
GPT4-5shot	F-score: 0.692
GPT4-5shot	F-score: 1.000
GPT4-5shot	F-score: 0.200
GPT4-5shot	F-score: 0.512
GPT4-5shot	F-score: 0.617
GPT4-5shot	F-score: 0.500
GPT4-5shot	F-score: 0.533
GPT4-5shot	F-score: 0.625
GPT4-5shot	F-score: 0.722
GPT4-5shot	F-score: 0.783
GPT4-5shot	F-score: 0.788
GPT4-5shot	F-score: 0.758
GPT4-5shot	F-score: 0.424
GPT4-5shot	F-score: 0.566
GPT4-5shot	F-score: 0.314
GPT4-5shot	F-score: 0.650
GPT4-5shot	F-score: 0.906
GPT4-5shot	F-score: 0.535
GPT4-5shot	F-score: 0.500
GPT4-5shot	F-score: 0.370
GPT4-5shot	F-score: 0.842
GPT4-5shot	F-score: 0.750
GPT4-5shot	F-score: 0.327
GPT4-5shot	F-score: 0.674
GPT4-5shot	F-score: 0.375
GPT4-5shot	F-score: 0.474
GPT4-5shot	F-score: 0.818
GPT4-5shot	F-score: 0.776
GPT4-5shot	F-score: 0.400
GPT4-5shot	F-score: 0.714
GPT4-5shot	F-score: 0.690
GPT4-5shot	F-score: 0.842
GPT4-5shot	F-score: 0.562
GPT4-5shot	F-score: 0.821
GPT4-5shot	F-score: 0.764
GPT4-5shot	F-score: 0.769
GPT4-5shot	F-score: 0.771
GPT4-5shot	F-score: 0.750
GPT4-5shot	F-score: 0.932
GPT4-5shot	F-score: 0.657
GPT4-5shot	F-score: 0.692
GPT4-5shot	F-score: 0.713
GPT4-5shot	F-score: 0.389
GPT4-5shot	F-score: 0.795
GPT4-5shot	F-score: 0.300
GPT4-5shot	F-score: 0.809
GPT4-5shot	F-score: 0.571
GPT4-5shot	F-score: 0.800
GPT4-5shot	F-score: 0.464
GPT4-5shot	F-score: 0.500
GPT4-5shot	F-score: 0.583
GPT4-5shot	F-score: 0.478
GPT4-5shot	F-score: 0.679
GPT4-5shot	F-score: 0.522
GPT4-5shot	F-score: 0.495
GPT4-5shot	F-score: 0.222
GPT4-5shot	F-score: 0.851
GPT4-5shot	F-score: 0.875
GPT4-5shot	F-score: 0.750
GPT4-5shot	F-score: 0.712
GPT4-5shot	F-score: 0.500
GPT4-5shot	F-score: 0.800
GPT4-5shot	F-score: 0.333
GPT4-5shot	F-score: 0.861
GPT4-5shot	F-score: 0.870
GPT4-5shot	F-score: 0.427
GPT4-5shot	F-score: 0.457
GPT4-5shot	F-score: 0.653
GPT4-5shot	F-score: 0.972
GPT4-5shot	F-score: 0.690
GPT4-5shot	F-score: 0.640
GPT4-5shot	F-score: 0.250
GPT4-5shot	F-score: 0.753
GPT4-5shot	F-score: 0.745
GPT4-5shot	F-score: 0.923
GPT4-5shot	F-score: 0.788
GPT4-5shot	F-score: 0.727
GPT4-5shot	F-score: 0.647
GPT4-5shot	F-score: 0.778
GPT4-5shot	F-score: 0.526
GPT4-5shot	F-score: 0.696
GPT4-5shot	F-score: 0.500
GPT4-5shot	F-score: 0.667
GPT4-5shot	F-score: 0.750
GPT4-5shot	F-score: 1.000
GPT4-5shot	F-score: 0.704
GPT4-5shot	F-score: 0.465
GPT4-5shot	F-score: 0.917
GPT4-5shot	F-score: 0.585
GPT4-5shot	F-score: 0.453
GPT4-5shot	F-score: 0.723
GPT4-5shot	F-score: 0.578
GPT4-5shot	F-score: 1.000
GPT4-5shot	F-score: 0.514
GPT4-5shot	F-score: 0.595
GPT4-5shot	F-score: 0.441
GPT4-5shot	F-score: 0.356
GPT4-5shot	F-score: 0.706
GPT4-5shot	F-score: 0.694
GPT4-5shot	F-score: 0.582
GPT4-5shot	F-score: 0.718
GPT4-5shot	F-score: 1.000
GPT4-5shot	F-score: 0.467
GPT4-5shot	F-score: 0.764
GPT4-5shot	F-score: 0.500
GPT4-5shot	F-score: 0.526
GPT4-5shot	F-score: 1.000
GPT4-5shot	F-score: 0.667
GPT4-5shot	F-score: 0.882
GPT4-5shot	F-score: 0.511
GPT4-5shot	F-score: 0.667
GPT4-5shot	F-score: 0.769
GPT4-5shot	F-score: 0.686
GPT4-5shot	F-score: 0.818
GPT4-5shot	F-score: 0.451
GPT4-5shot	F-score: 0.772
GPT4-5shot	F-score: 0.750
GPT4-5shot	F-score: 0.211
GPT4-5shot	F-score: 0.837
GPT4-5shot	F-score: 0.714
GPT4-5shot	F-score: 0.701
GPT4-5shot	F-score: 0.500
GPT4-5shot	F-score: 0.700
GPT4-5shot	F-score: 0.414
GPT4-5shot	F-score: 0.750
GPT4-5shot	F-score: 0.391
GPT4-5shot	F-score: 0.917
GPT4-5shot	F-score: 0.667
GPT4-5shot	F-score: 0.912
GPT4-5shot	F-score: 0.600
GPT4-5shot	F-score: 0.437
GPT4-5shot	F-score: 0.686
GPT4-5shot	F-score: 0.464
GPT4-5shot	F-score: 0.636
GPT4-5shot	F-score: 0.897
GPT4-5shot	F-score: 0.476
GPT4-5shot	F-score: 0.452
GPT4-5shot	F-score: 0.567
GPT4-5shot	F-score: 0.476
GPT4-5shot	F-score: 0.368
GPT4-5shot	F-score: 0.625
GPT4-5shot	F-score: 0.692
GPT4-5shot	F-score: 0.612
GPT4-5shot	F-score: 0.474
GPT4-5shot	F-score: 0.793
GPT4-5shot	F-score: 0.615
GPT4-5shot	F-score: 0.735
GPT4-5shot	F-score: 0.417
GPT4-5shot	F-score: 0.750
GPT4-5shot	F-score: 0.800
GPT4-5shot	F-score: 1.000
GPT4-5shot	F-score: 0.621
GPT4-5shot	F-score: 0.444
GPT4-5shot	F-score: 0.632
GPT4-5shot	F-score: 0.841
GPT4-5shot	F-score: 0.833
GPT4-5shot	F-score: 0.736
GPT4-5shot	F-score: 0.609
GPT4-5shot	F-score: 0.400
GPT4-5shot	F-score: 0.118
GPT4-5shot	F-score: 0.786
GPT4-5shot	F-score: 0.231
GPT4-5shot	F-score: 0.787
GPT4-5shot	F-score: 0.897
GPT4-5shot	F-score: 0.559
GPT4-5shot	F-score: 0.500
GPT4-5shot	F-score: 0.500
GPT4-5shot	F-score: 0.431
GPT4-5shot	F-score: 0.627
GPT4-5shot	F-score: 0.504
GPT4-5shot	F-score: 0.585
GPT4-5shot	F-score: 0.522
GPT4-5shot	F-score: 0.200
GPT4-5shot	F-score: 0.706
GPT4-5shot	F-score: 0.693
GPT4-5shot	F-score: 0.619
GPT4-5shot	F-score: 0.736
GPT4-5shot	F-score: 0.421
GPT4-5shot	F-score: 0.258
GPT4-5shot	F-score: 0.400
GPT4-5shot	F-score: 0.394
GPT4-5shot	F-score: 0.500
GPT4-5shot	F-score: 0.750
GPT4-5shot	F-score: 0.529
GPT4-5shot	F-score: 0.809
GPT4-5shot	F-score: 0.872
GPT4-5shot	F-score: 0.941
GPT4-5shot	F-score: 0.575
GPT4-5shot	F-score: 1.000
GPT4-5shot	F-score: 0.932
GPT4-5shot	F-score: 0.612
GPT4-5shot	F-score: 0.625
GPT4-5shot	F-score: 0.661
GPT4-5shot	F-score: 0.846
GPT4-5shot	F-score: 0.925
GPT4-5shot	F-score: 0.676
GPT4-5shot	F-score: 0.592
GPT4-5shot	F-score: 0.308
GPT4-5shot	F-score: 0.480
GPT4-5shot	F-score: 0.686
GPT4-5shot	F-score: 0.558
GPT4-5shot	F-score: 0.568
GPT4-5shot	F-score: 0.654
GPT4-5shot	F-score: 0.400
GPT4-5shot	F-score: 0.526
GPT4-5shot	F-score: 0.343
GPT4-5shot	F-score: 0.318
GPT4-5shot	F-score: 0.683
GPT4-5shot	F-score: 0.635
GPT4-5shot	F-score: 0.524
GPT4-5shot	F-score: 0.870
GPT4-5shot	F-score: 0.438
GPT4-5shot	F-score: 0.684
GPT4-5shot	F-score: 0.381
GPT4-5shot	F-score: 0.833
GPT4-5shot	F-score: 0.533
GPT4-5shot	F-score: 0.889
GPT4-5shot	F-score: 0.607
GPT4-5shot	F-score: 0.906
GPT4-5shot	F-score: 0.776
GPT4-5shot	F-score: 0.800
GPT4-5shot	F-score: 0.727
GPT4-5shot	F-score: 0.364
GPT4-5shot	F-score: 0.375
GPT4-5shot	F-score: 0.519
GPT4-5shot	F-score: 0.444
GPT4-5shot	F-score: 1.000
GPT4-5shot	F-score: 0.671
GPT4-5shot	F-score: 0.766
GPT4-5shot	F-score: 0.769
GPT4-5shot	F-score: 0.539
GPT4-5shot	F-score: 0.652
GPT4-5shot	F-score: 0.943
GPT4-5shot	F-score: 0.750
GPT4-5shot	F-score: 0.710
GPT4-5shot	F-score: 0.667
GPT4-5shot	F-score: 0.791
GPT4-5shot	F-score: 0.840
GPT4-5shot	F-score: 1.000
GPT4-5shot	F-score: 0.889
GPT4-5shot	F-score: 0.800
GPT4-5shot	F-score: 0.340
GPT4-5shot	F-score: 0.643
GPT4-5shot	F-score: 0.518
GPT4-5shot	F-score: 0.833
GPT4-5shot	F-score: 0.725
GPT4-5shot	F-score: 0.732
GPT4-5shot	F-score: 0.410
GPT4-5shot	F-score: 0.687
GPT4-5shot	F-score: 0.609
GPT4-5shot	F-score: 0.333
GPT4-5shot	F-score: 0.778
GPT4-5shot	F-score: 0.667
GPT4-5shot	F-score: 0.286
GPT4-5shot	F-score: 0.636
GPT4-5shot	F-score: 0.667
GPT4-5shot	F-score: 1.000
GPT4-5shot	F-score: 0.622
GPT4-5shot	F-score: 1.000
GPT4-5shot	F-score: 0.667
GPT4-5shot	F-score: 0.600
GPT4-5shot	F-score: 0.727
GPT4-5shot	F-score: 0.750
GPT4-5shot	F-score: 0.444
GPT4-5shot	F-score: 0.600
GPT4-5shot	F-score: 0.348
GPT4-5shot	F-score: 1.000
GPT4-5shot	F-score: 0.758
GPT4-5shot	F-score: 0.787
GPT4-5shot	F-score: 0.714
GPT4-5shot	F-score: 0.542
GPT4-5shot	F-score: 0.766
GPT4-5shot	F-score: 0.606
GPT4-5shot	F-score: 0.583
GPT4-5shot	F-score: 0.551
GPT4-5shot	F-score: 0.917
GPT4-5shot	F-score: 0.493
GPT4-5shot	F-score: 0.579
GPT4-5shot	F-score: 0.308
GPT4-5shot	F-score: 0.709
GPT4-5shot	F-score: 0.593
GPT4-5shot	F-score: 0.757
GPT4-5shot	F-score: 0.842
GPT4-5shot	F-score: 0.939
GPT4-5shot	F-score: 0.364
GPT4-5shot	F-score: 0.474
GPT4-5shot	F-score: 0.641
GPT4-5shot	F-score: 0.667
GPT4-5shot	F-score: 0.636
GPT4-5shot	F-score: 1.000
GPT4-5shot	F-score: 0.550
GPT4-5shot	F-score: 0.913
GPT4-5shot	F-score: 0.889
GPT4-5shot	F-score: 0.941
GPT4-5shot	F-score: 0.889
GPT4-5shot	F-score: 0.500
GPT4-5shot	F-score: 0.551
GPT4-5shot	F-score: 0.632
GPT4-5shot	F-score: 0.571
GPT4-5shot	F-score: 0.806
GPT4-5shot	F-score: 0.571
GPT4-5shot	F-score: 0.788
GPT4-5shot	F-score: 0.467
GPT4-5shot	F-score: 0.528
GPT4-5shot	F-score: 0.415
GPT4-5shot	F-score: 0.600
GPT4-5shot	F-score: 0.462
GPT4-5shot	F-score: 0.571
GPT4-5shot	F-score: 0.846
GPT4-5shot	F-score: 0.500
GPT4-5shot	F-score: 0.333
GPT4-5shot	F-score: 0.500
GPT4-5shot	F-score: 0.211
GPT4-5shot	F-score: 0.909
GPT4-5shot	F-score: 0.714
GPT4-5shot	F-score: 0.364
GPT4-5shot	F-score: 0.400
GPT4-5shot	F-score: 0.692
GPT4-5shot	F-score: 0.519
GPT4-5shot	F-score: 0.857
GPT4-5shot	F-score: 0.909
GPT4-5shot	F-score: 0.957
GPT4-5shot	F-score: 0.588
GPT4-5shot	F-score: 0.692
GPT4-5shot	F-score: 0.875
GPT4-5shot	F-score: 0.133
GPT4-5shot	F-score: 0.745
GPT4-5shot	F-score: 1.000
GPT4-5shot	F-score: 0.654
GPT4-5shot	F-score: 0.800
GPT4-5shot	F-score: 0.647
GPT4-5shot	F-score: 0.400
GPT4-5shot	F-score: 0.558
GPT4-5shot	F-score: 0.759
GPT4-5shot	F-score: 0.875
GPT4-5shot	F-score: 0.560
GPT4-5shot	F-score: 0.059
GPT4-5shot	F-score: 0.610
GPT4-5shot	F-score: 0.592
GPT4-5shot	F-score: 0.750
GPT4-5shot	F-score: 0.524
GPT4-5shot	F-score: 0.353
GPT4-5shot	F-score: 0.523
GPT4-5shot	F-score: 0.468
GPT4-5shot	F-score: 0.750
GPT4-5shot	F-score: 0.267
GPT4-5shot	F-score: 0.690
GPT4-5shot	F-score: 0.706
GPT4-5shot	F-score: 0.833
GPT4-5shot	F-score: 0.387
GPT4-5shot	F-score: 0.520
GPT4-5shot	F-score: 0.571
GPT4-5shot	F-score: 0.429
GPT4-5shot	F-score: 0.714
GPT4-5shot	F-score: 0.742
GPT4-5shot	F-score: 0.464
GPT4-5shot	F-score: 0.455
GPT4-5shot	F-score: 0.790
GPT4-5shot	F-score: 0.320
GPT4-5shot	F-score: 0.500
GPT4-5shot	F-score: 0.333
GPT4-5shot	F-score: 0.512
GPT4-5shot	F-score: 0.450
GPT4-5shot	F-score: 0.705
GPT4-5shot	F-score: 0.581
GPT4-5shot	F-score: 0.800
GPT4-5shot	F-score: 0.880
GPT4-5shot	F-score: 0.778
GPT4-5shot	F-score: 0.316
GPT4-5shot	F-score: 0.267
GPT4-5shot	F-score: 0.417
GPT4-5shot	F-score: 0.571
GPT4-5shot	F-score: 0.714
GPT4-5shot	F-score: 0.462
GPT4-5shot	F-score: 1.000
GPT4-5shot	F-score: 0.627
GPT4-5shot	F-score: 0.644
GPT4-5shot	F-score: 0.895
GPT4-5shot	F-score: 0.857
GPT4-5shot	F-score: 0.789
GPT4-5shot	F-score: 0.914
GPT4-5shot	F-score: 0.804
GPT4-5shot	F-score: 0.429
GPT4-5shot	F-score: 0.675
GPT4-5shot	F-score: 0.769
GPT4-5shot	F-score: 0.909
GPT4-5shot	F-score: 0.923
GPT4-5shot	F-score: 0.759
GPT4-5shot	F-score: 0.802
GPT4-5shot	F-score: 0.538
GPT4-5shot	F-score: 0.656
GPT4-5shot	F-score: 0.598
GPT4-5shot	F-score: 0.599
GPT4-5shot	F-score: 0.965
GPT4-5shot	F-score: 0.444
GPT4-5shot	F-score: 0.348
GPT4-5shot	F-score: 0.531
GPT4-5shot	F-score: 0.290
GPT4-5shot	F-score: 0.419
GPT4-5shot	F-score: 0.833
GPT4-5shot	F-score: 0.421
GPT4-5shot	F-score: 0.348
GPT4-5shot	F-score: 0.750
GPT4-5shot	F-score: 0.471
GPT4-5shot	F-score: 0.732
GPT4-5shot	F-score: 0.400
GPT4-5shot	F-score: 0.367
GPT4-5shot	F-score: 0.522
GPT4-5shot	F-score: 0.688
GPT4-5shot	F-score: 0.506
GPT4-5shot	F-score: 0.824
GPT4-5shot	F-score: 0.840
GPT4-5shot	F-score: 0.778
GPT4-5shot	F-score: 0.286
GPT4-5shot	F-score: 0.483
GPT4-5shot	F-score: 0.368
GPT4-5shot	F-score: 0.780
GPT4-5shot	F-score: 0.714
GPT4-5shot	F-score: 0.935
GPT4-5shot	F-score: 0.340
GPT4-5shot	F-score: 0.610
GPT4-5shot	F-score: 0.857
GPT4-5shot	F-score: 0.380
GPT4-5shot	F-score: 0.414
GPT4-5shot	F-score: 0.875
HW-TSC	F-score: 1.000
HW-TSC	F-score: 0.602
HW-TSC	F-score: 0.737
HW-TSC	F-score: 0.726
HW-TSC	F-score: 0.929
HW-TSC	F-score: 0.358
HW-TSC	F-score: 0.714
HW-TSC	F-score: 1.000
HW-TSC	F-score: 0.605
HW-TSC	F-score: 1.000
HW-TSC	F-score: 1.000
HW-TSC	F-score: 0.706
HW-TSC	F-score: 1.000
HW-TSC	F-score: 0.812
HW-TSC	F-score: 0.909
HW-TSC	F-score: 0.775
HW-TSC	F-score: 0.333
HW-TSC	F-score: 0.600
HW-TSC	F-score: 0.712
HW-TSC	F-score: 0.756
HW-TSC	F-score: 0.677
HW-TSC	F-score: 0.567
HW-TSC	F-score: 0.229
HW-TSC	F-score: 1.000
HW-TSC	F-score: 0.647
HW-TSC	F-score: 1.000
HW-TSC	F-score: 0.650
HW-TSC	F-score: 1.000
HW-TSC	F-score: 0.261
HW-TSC	F-score: 0.455
HW-TSC	F-score: 0.778
HW-TSC	F-score: 0.600
HW-TSC	F-score: 0.537
HW-TSC	F-score: 1.000
HW-TSC	F-score: 0.733
HW-TSC	F-score: 1.000
HW-TSC	F-score: 0.250
HW-TSC	F-score: 0.167
HW-TSC	F-score: 0.783
HW-TSC	F-score: 0.521
HW-TSC	F-score: 1.000
HW-TSC	F-score: 0.777
HW-TSC	F-score: 0.600
HW-TSC	F-score: 0.594
HW-TSC	F-score: 0.723
HW-TSC	F-score: 0.604
HW-TSC	F-score: 0.565
HW-TSC	F-score: 1.000
HW-TSC	F-score: 0.340
HW-TSC	F-score: 0.333
HW-TSC	F-score: 1.000
HW-TSC	F-score: 0.483
HW-TSC	F-score: 0.571
HW-TSC	F-score: 0.410
HW-TSC	F-score: 0.367
HW-TSC	F-score: 0.455
HW-TSC	F-score: 0.532
HW-TSC	F-score: 0.711
HW-TSC	F-score: 0.500
HW-TSC	F-score: 0.438
HW-TSC	F-score: 0.500
HW-TSC	F-score: 0.286
HW-TSC	F-score: 0.465
HW-TSC	F-score: 0.545
HW-TSC	F-score: 0.352
HW-TSC	F-score: 0.492
HW-TSC	F-score: 0.556
HW-TSC	F-score: 0.857
HW-TSC	F-score: 0.857
HW-TSC	F-score: 0.582
HW-TSC	F-score: 0.645
HW-TSC	F-score: 0.261
HW-TSC	F-score: 0.611
HW-TSC	F-score: 0.857
HW-TSC	F-score: 1.000
HW-TSC	F-score: 0.370
HW-TSC	F-score: 0.423
HW-TSC	F-score: 0.615
HW-TSC	F-score: 0.667
HW-TSC	F-score: 0.571
HW-TSC	F-score: 0.875
HW-TSC	F-score: 1.000
HW-TSC	F-score: 0.810
HW-TSC	F-score: 0.516
HW-TSC	F-score: 0.683
HW-TSC	F-score: 1.000
HW-TSC	F-score: 1.000
HW-TSC	F-score: 0.688
HW-TSC	F-score: 0.276
HW-TSC	F-score: 0.764
HW-TSC	F-score: 1.000
HW-TSC	F-score: 1.000
HW-TSC	F-score: 0.455
HW-TSC	F-score: 0.667
HW-TSC	F-score: 1.000
HW-TSC	F-score: 0.833
HW-TSC	F-score: 0.400
HW-TSC	F-score: 0.547
HW-TSC	F-score: 0.818
HW-TSC	F-score: 0.548
HW-TSC	F-score: 0.800
HW-TSC	F-score: 0.500
HW-TSC	F-score: 0.585
HW-TSC	F-score: 0.727
HW-TSC	F-score: 0.550
HW-TSC	F-score: 0.403
HW-TSC	F-score: 0.800
HW-TSC	F-score: 0.800
HW-TSC	F-score: 0.676
HW-TSC	F-score: 0.423
HW-TSC	F-score: 0.426
HW-TSC	F-score: 0.333
HW-TSC	F-score: 0.500
HW-TSC	F-score: 0.500
HW-TSC	F-score: 0.716
HW-TSC	F-score: 0.833
HW-TSC	F-score: 0.429
HW-TSC	F-score: 0.462
HW-TSC	F-score: 0.615
HW-TSC	F-score: 0.552
HW-TSC	F-score: 0.333
HW-TSC	F-score: 0.200
HW-TSC	F-score: 0.338
HW-TSC	F-score: 0.750
HW-TSC	F-score: 0.565
HW-TSC	F-score: 0.489
HW-TSC	F-score: 0.667
HW-TSC	F-score: 1.000
HW-TSC	F-score: 0.500
HW-TSC	F-score: 0.846
HW-TSC	F-score: 0.500
HW-TSC	F-score: 0.333
HW-TSC	F-score: 0.333
HW-TSC	F-score: 0.625
HW-TSC	F-score: 0.545
HW-TSC	F-score: 0.471
HW-TSC	F-score: 0.348
HW-TSC	F-score: 0.750
HW-TSC	F-score: 0.333
HW-TSC	F-score: 0.429
HW-TSC	F-score: 0.571
HW-TSC	F-score: 0.505
HW-TSC	F-score: 0.833
HW-TSC	F-score: 0.400
HW-TSC	F-score: 0.636
HW-TSC	F-score: 0.513
HW-TSC	F-score: 0.516
HW-TSC	F-score: 0.455
HW-TSC	F-score: 0.500
HW-TSC	F-score: 0.842
HW-TSC	F-score: 0.583
HW-TSC	F-score: 0.500
HW-TSC	F-score: 0.630
HW-TSC	F-score: 0.333
HW-TSC	F-score: 0.566
HW-TSC	F-score: 0.522
HW-TSC	F-score: 0.505
HW-TSC	F-score: 0.317
HW-TSC	F-score: 0.385
HW-TSC	F-score: 0.353
HW-TSC	F-score: 0.371
HW-TSC	F-score: 0.761
HW-TSC	F-score: 0.600
HW-TSC	F-score: 0.718
HW-TSC	F-score: 0.731
HW-TSC	F-score: 0.652
HW-TSC	F-score: 0.689
HW-TSC	F-score: 0.894
HW-TSC	F-score: 0.576
HW-TSC	F-score: 0.794
HW-TSC	F-score: 0.898
HW-TSC	F-score: 0.267
HW-TSC	F-score: 0.303
HW-TSC	F-score: 0.303
HW-TSC	F-score: 0.500
HW-TSC	F-score: 0.410
HW-TSC	F-score: 0.541
HW-TSC	F-score: 0.410
HW-TSC	F-score: 0.111
HW-TSC	F-score: 0.462
HW-TSC	F-score: 0.314
HW-TSC	F-score: 0.476
HW-TSC	F-score: 0.133
HW-TSC	F-score: 0.400
HW-TSC	F-score: 0.520
HW-TSC	F-score: 0.500
HW-TSC	F-score: 0.423
HW-TSC	F-score: 0.462
HW-TSC	F-score: 0.410
HW-TSC	F-score: 1.000
HW-TSC	F-score: 1.000
HW-TSC	F-score: 1.000
HW-TSC	F-score: 0.746
HW-TSC	F-score: 0.676
HW-TSC	F-score: 0.549
HW-TSC	F-score: 1.000
HW-TSC	F-score: 0.733
HW-TSC	F-score: 0.641
HW-TSC	F-score: 0.637
HW-TSC	F-score: 0.440
HW-TSC	F-score: 0.476
HW-TSC	F-score: 0.415
HW-TSC	F-score: 0.493
HW-TSC	F-score: 0.618
HW-TSC	F-score: 0.621
HW-TSC	F-score: 0.458
HW-TSC	F-score: 0.449
HW-TSC	F-score: 0.811
HW-TSC	F-score: 0.558
HW-TSC	F-score: 0.561
HW-TSC	F-score: 0.426
HW-TSC	F-score: 0.571
HW-TSC	F-score: 0.242
HW-TSC	F-score: 0.458
HW-TSC	F-score: 0.548
HW-TSC	F-score: 0.564
HW-TSC	F-score: 0.468
HW-TSC	F-score: 0.275
HW-TSC	F-score: 0.318
HW-TSC	F-score: 0.567
HW-TSC	F-score: 0.578
HW-TSC	F-score: 0.291
HW-TSC	F-score: 0.552
HW-TSC	F-score: 0.244
HW-TSC	F-score: 0.324
HW-TSC	F-score: 0.645
HW-TSC	F-score: 0.586
HW-TSC	F-score: 0.576
HW-TSC	F-score: 0.627
HW-TSC	F-score: 0.714
HW-TSC	F-score: 0.377
HW-TSC	F-score: 0.735
HW-TSC	F-score: 0.318
HW-TSC	F-score: 0.459
HW-TSC	F-score: 0.400
HW-TSC	F-score: 1.000
HW-TSC	F-score: 1.000
HW-TSC	F-score: 0.733
HW-TSC	F-score: 1.000
HW-TSC	F-score: 1.000
HW-TSC	F-score: 0.889
HW-TSC	F-score: 1.000
HW-TSC	F-score: 0.984
HW-TSC	F-score: 0.900
HW-TSC	F-score: 0.750
HW-TSC	F-score: 0.522
HW-TSC	F-score: 0.500
HW-TSC	F-score: 0.541
HW-TSC	F-score: 0.580
HW-TSC	F-score: 0.500
HW-TSC	F-score: 0.328
HW-TSC	F-score: 0.308
HW-TSC	F-score: 0.545
HW-TSC	F-score: 0.369
HW-TSC	F-score: 0.434
HW-TSC	F-score: 0.540
HW-TSC	F-score: 0.833
HW-TSC	F-score: 0.500
HW-TSC	F-score: 0.400
HW-TSC	F-score: 0.360
HW-TSC	F-score: 0.649
HW-TSC	F-score: 0.543
HW-TSC	F-score: 0.484
HW-TSC	F-score: 0.571
HW-TSC	F-score: 0.696
HW-TSC	F-score: 0.611
HW-TSC	F-score: 0.419
HW-TSC	F-score: 0.478
HW-TSC	F-score: 0.554
HW-TSC	F-score: 0.648
HW-TSC	F-score: 0.783
HW-TSC	F-score: 0.491
HW-TSC	F-score: 0.529
HW-TSC	F-score: 0.300
HW-TSC	F-score: 0.630
HW-TSC	F-score: 0.405
HW-TSC	F-score: 0.512
HW-TSC	F-score: 0.185
HW-TSC	F-score: 0.454
HW-TSC	F-score: 0.750
HW-TSC	F-score: 1.000
HW-TSC	F-score: 0.560
HW-TSC	F-score: 0.828
HW-TSC	F-score: 0.885
HW-TSC	F-score: 0.412
HW-TSC	F-score: 0.684
HW-TSC	F-score: 1.000
HW-TSC	F-score: 0.449
HW-TSC	F-score: 0.923
HW-TSC	F-score: 0.602
HW-TSC	F-score: 0.545
HW-TSC	F-score: 0.378
HW-TSC	F-score: 0.368
HW-TSC	F-score: 0.500
HW-TSC	F-score: 0.495
HW-TSC	F-score: 0.373
HW-TSC	F-score: 0.485
HW-TSC	F-score: 0.482
HW-TSC	F-score: 0.429
HW-TSC	F-score: 0.565
HW-TSC	F-score: 0.667
HW-TSC	F-score: 0.475
HW-TSC	F-score: 0.250
HW-TSC	F-score: 0.600
HW-TSC	F-score: 0.495
HW-TSC	F-score: 0.778
HW-TSC	F-score: 0.719
HW-TSC	F-score: 0.478
HW-TSC	F-score: 0.613
HW-TSC	F-score: 0.404
HW-TSC	F-score: 0.647
HW-TSC	F-score: 0.769
HW-TSC	F-score: 0.545
HW-TSC	F-score: 0.613
HW-TSC	F-score: 1.000
HW-TSC	F-score: 0.955
HW-TSC	F-score: 0.882
HW-TSC	F-score: 0.894
HW-TSC	F-score: 0.610
HW-TSC	F-score: 0.914
HW-TSC	F-score: 0.944
HW-TSC	F-score: 0.853
HW-TSC	F-score: 1.000
HW-TSC	F-score: 0.595
HW-TSC	F-score: 0.598
HW-TSC	F-score: 0.378
HW-TSC	F-score: 0.393
HW-TSC	F-score: 0.269
HW-TSC	F-score: 0.409
HW-TSC	F-score: 0.487
HW-TSC	F-score: 0.750
HW-TSC	F-score: 0.700
HW-TSC	F-score: 0.600
HW-TSC	F-score: 0.571
HW-TSC	F-score: 0.406
HW-TSC	F-score: 0.512
HW-TSC	F-score: 0.415
HW-TSC	F-score: 0.437
HW-TSC	F-score: 0.341
HW-TSC	F-score: 0.534
HW-TSC	F-score: 0.613
HW-TSC	F-score: 0.472
HW-TSC	F-score: 0.545
HW-TSC	F-score: 0.250
HW-TSC	F-score: 0.356
HW-TSC	F-score: 0.436
HW-TSC	F-score: 0.231
HW-TSC	F-score: 0.567
HW-TSC	F-score: 0.491
HW-TSC	F-score: 0.500
HW-TSC	F-score: 0.638
HW-TSC	F-score: 0.607
HW-TSC	F-score: 1.000
HW-TSC	F-score: 0.857
HW-TSC	F-score: 0.825
HW-TSC	F-score: 0.645
HW-TSC	F-score: 1.000
HW-TSC	F-score: 0.677
HW-TSC	F-score: 1.000
HW-TSC	F-score: 0.872
HW-TSC	F-score: 0.538
HW-TSC	F-score: 0.769
HW-TSC	F-score: 0.579
HW-TSC	F-score: 0.682
HW-TSC	F-score: 0.812
HW-TSC	F-score: 0.684
HW-TSC	F-score: 0.629
HW-TSC	F-score: 0.667
HW-TSC	F-score: 0.681
HW-TSC	F-score: 0.800
HW-TSC	F-score: 0.741
HW-TSC	F-score: 0.680
HW-TSC	F-score: 0.746
HW-TSC	F-score: 0.545
HW-TSC	F-score: 0.541
HW-TSC	F-score: 0.759
HW-TSC	F-score: 0.560
HW-TSC	F-score: 0.734
HW-TSC	F-score: 0.720
HW-TSC	F-score: 1.000
HW-TSC	F-score: 0.667
HW-TSC	F-score: 0.400
HW-TSC	F-score: 0.754
HW-TSC	F-score: 0.493
HW-TSC	F-score: 0.444
HW-TSC	F-score: 0.438
HW-TSC	F-score: 0.706
HW-TSC	F-score: 0.571
HW-TSC	F-score: 0.606
HW-TSC	F-score: 0.698
HW-TSC	F-score: 0.765
HW-TSC	F-score: 0.562
HW-TSC	F-score: 1.000
HW-TSC	F-score: 0.381
HW-TSC	F-score: 0.680
HW-TSC	F-score: 0.848
HW-TSC	F-score: 0.609
HW-TSC	F-score: 1.000
HW-TSC	F-score: 0.485
HW-TSC	F-score: 0.831
HW-TSC	F-score: 0.600
HW-TSC	F-score: 0.545
HW-TSC	F-score: 0.471
HW-TSC	F-score: 0.611
HW-TSC	F-score: 0.619
HW-TSC	F-score: 0.781
HW-TSC	F-score: 0.500
HW-TSC	F-score: 0.246
HW-TSC	F-score: 0.500
HW-TSC	F-score: 0.769
HW-TSC	F-score: 0.541
HW-TSC	F-score: 0.167
HW-TSC	F-score: 0.614
HW-TSC	F-score: 0.703
HW-TSC	F-score: 0.750
HW-TSC	F-score: 0.513
HW-TSC	F-score: 0.434
HW-TSC	F-score: 0.351
HW-TSC	F-score: 1.000
HW-TSC	F-score: 0.909
HW-TSC	F-score: 0.818
HW-TSC	F-score: 0.577
HW-TSC	F-score: 0.429
HW-TSC	F-score: 0.476
HW-TSC	F-score: 0.300
HW-TSC	F-score: 0.333
HW-TSC	F-score: 0.642
HW-TSC	F-score: 0.500
HW-TSC	F-score: 0.800
HW-TSC	F-score: 0.778
HW-TSC	F-score: 1.000
HW-TSC	F-score: 0.523
HW-TSC	F-score: 1.000
HW-TSC	F-score: 0.606
HW-TSC	F-score: 1.000
HW-TSC	F-score: 0.533
HW-TSC	F-score: 0.562
HW-TSC	F-score: 1.000
HW-TSC	F-score: 1.000
HW-TSC	F-score: 0.714
HW-TSC	F-score: 0.600
HW-TSC	F-score: 0.850
HW-TSC	F-score: 1.000
HW-TSC	F-score: 1.000
HW-TSC	F-score: 0.682
HW-TSC	F-score: 0.545
HW-TSC	F-score: 0.667
HW-TSC	F-score: 1.000
HW-TSC	F-score: 0.608
HW-TSC	F-score: 0.436
HW-TSC	F-score: 0.873
HW-TSC	F-score: 0.629
HW-TSC	F-score: 0.698
HW-TSC	F-score: 0.667
HW-TSC	F-score: 0.500
HW-TSC	F-score: 1.000
HW-TSC	F-score: 0.712
HW-TSC	F-score: 0.394
HW-TSC	F-score: 1.000
HW-TSC	F-score: 1.000
HW-TSC	F-score: 1.000
HW-TSC	F-score: 0.533
HW-TSC	F-score: 0.500
HW-TSC	F-score: 1.000
HW-TSC	F-score: 0.667
HW-TSC	F-score: 0.556
HW-TSC	F-score: 0.341
HW-TSC	F-score: 0.558
HW-TSC	F-score: 0.747
HW-TSC	F-score: 0.667
HW-TSC	F-score: 0.462
HW-TSC	F-score: 0.677
HW-TSC	F-score: 0.973
HW-TSC	F-score: 1.000
HW-TSC	F-score: 0.667
HW-TSC	F-score: 0.600
HW-TSC	F-score: 0.889
HW-TSC	F-score: 1.000
HW-TSC	F-score: 1.000
HW-TSC	F-score: 0.589
HW-TSC	F-score: 0.609
HW-TSC	F-score: 0.571
HW-TSC	F-score: 0.321
HW-TSC	F-score: 0.625
HW-TSC	F-score: 0.400
HW-TSC	F-score: 0.578
HW-TSC	F-score: 0.635
HW-TSC	F-score: 0.556
HW-TSC	F-score: 0.750
HW-TSC	F-score: 1.000
HW-TSC	F-score: 0.701
HW-TSC	F-score: 0.929
HW-TSC	F-score: 0.680
HW-TSC	F-score: 0.936
HW-TSC	F-score: 0.810
HW-TSC	F-score: 0.496
HW-TSC	F-score: 0.575
HW-TSC	F-score: 0.700
HW-TSC	F-score: 0.674
HW-TSC	F-score: 0.595
HW-TSC	F-score: 0.938
HW-TSC	F-score: 1.000
HW-TSC	F-score: 0.699
HW-TSC	F-score: 0.584
HW-TSC	F-score: 0.581
HW-TSC	F-score: 0.500
HW-TSC	F-score: 0.855
HW-TSC	F-score: 0.696
HW-TSC	F-score: 0.896
HW-TSC	F-score: 0.883
HW-TSC	F-score: 0.746
HW-TSC	F-score: 0.695
HW-TSC	F-score: 0.688
HW-TSC	F-score: 0.768
HW-TSC	F-score: 0.730
HW-TSC	F-score: 0.453
HW-TSC	F-score: 0.450
HW-TSC	F-score: 0.565
HW-TSC	F-score: 0.803
HW-TSC	F-score: 1.000
HW-TSC	F-score: 0.582
HW-TSC	F-score: 1.095
HW-TSC	F-score: 0.444
HW-TSC	F-score: 1.000
HW-TSC	F-score: 0.729
HW-TSC	F-score: 0.933
HW-TSC	F-score: 1.000
HW-TSC	F-score: 0.729
HW-TSC	F-score: 0.632
HW-TSC	F-score: 0.515
HW-TSC	F-score: 0.544
HW-TSC	F-score: 0.321
HW-TSC	F-score: 0.333
HW-TSC	F-score: 0.311
HW-TSC	F-score: 0.374
HW-TSC	F-score: 0.529
HW-TSC	F-score: 0.348
HW-TSC	F-score: 0.233
HW-TSC	F-score: 0.373
HW-TSC	F-score: 0.281
HW-TSC	F-score: 0.466
HW-TSC	F-score: 0.312
HW-TSC	F-score: 0.429
HW-TSC	F-score: 0.444
HW-TSC	F-score: 0.358
HW-TSC	F-score: 0.650
HW-TSC	F-score: 0.683
HW-TSC	F-score: 0.700
HW-TSC	F-score: 0.724
HW-TSC	F-score: 0.609
HW-TSC	F-score: 1.000
HW-TSC	F-score: 0.571
HW-TSC	F-score: 1.000
HW-TSC	F-score: 0.732
HW-TSC	F-score: 0.602
HW-TSC	F-score: 0.840
HW-TSC	F-score: 0.750
HW-TSC	F-score: 0.744
HW-TSC	F-score: 0.485
HW-TSC	F-score: 0.488
HW-TSC	F-score: 0.419
HW-TSC	F-score: 0.520
HW-TSC	F-score: 0.353
HW-TSC	F-score: 0.549
HW-TSC	F-score: 0.568
HW-TSC	F-score: 0.759
HW-TSC	F-score: 0.533
HW-TSC	F-score: 0.439
HW-TSC	F-score: 0.788
HW-TSC	F-score: 0.686
HW-TSC	F-score: 0.814
HW-TSC	F-score: 0.769
HW-TSC	F-score: 0.514
HW-TSC	F-score: 0.429
HW-TSC	F-score: 0.667
HW-TSC	F-score: 0.400
HW-TSC	F-score: 0.720
HW-TSC	F-score: 0.730
HW-TSC	F-score: 0.750
HW-TSC	F-score: 0.804
HW-TSC	F-score: 0.685
HW-TSC	F-score: 0.656
HW-TSC	F-score: 0.667
HW-TSC	F-score: 0.808
HW-TSC	F-score: 1.000
HW-TSC	F-score: 0.485
HW-TSC	F-score: 0.661
HW-TSC	F-score: 0.372
HW-TSC	F-score: 0.462
HW-TSC	F-score: 0.378
HW-TSC	F-score: 0.548
HW-TSC	F-score: 0.364
HW-TSC	F-score: 0.506
HW-TSC	F-score: 0.409
HW-TSC	F-score: 0.571
HW-TSC	F-score: 1.000
HW-TSC	F-score: 0.817
HW-TSC	F-score: 0.635
HW-TSC	F-score: 0.846
HW-TSC	F-score: 0.755
HW-TSC	F-score: 0.523
HW-TSC	F-score: 0.862
HW-TSC	F-score: 0.704
HW-TSC	F-score: 0.698
HW-TSC	F-score: 0.864
HW-TSC	F-score: 0.459
HW-TSC	F-score: 0.394
HW-TSC	F-score: 0.408
HW-TSC	F-score: 0.516
HW-TSC	F-score: 0.440
HW-TSC	F-score: 0.766
HW-TSC	F-score: 0.622
HW-TSC	F-score: 0.527
HW-TSC	F-score: 0.489
HW-TSC	F-score: 0.533
HW-TSC	F-score: 0.488
HW-TSC	F-score: 0.555
HW-TSC	F-score: 0.584
HW-TSC	F-score: 0.600
HW-TSC	F-score: 1.000
HW-TSC	F-score: 1.000
HW-TSC	F-score: 0.828
HW-TSC	F-score: 0.903
HW-TSC	F-score: 0.812
HW-TSC	F-score: 0.622
HW-TSC	F-score: 1.000
HW-TSC	F-score: 1.000
HW-TSC	F-score: 1.000
HW-TSC	F-score: 0.500
HW-TSC	F-score: 0.481
HW-TSC	F-score: 0.452
HW-TSC	F-score: 0.522
HW-TSC	F-score: 0.591
HW-TSC	F-score: 0.537
HW-TSC	F-score: 0.431
HW-TSC	F-score: 0.560
HW-TSC	F-score: 0.600
HW-TSC	F-score: 0.700
HW-TSC	F-score: 0.560
HW-TSC	F-score: 0.781
HW-TSC	F-score: 0.796
HW-TSC	F-score: 0.832
HW-TSC	F-score: 0.753
HW-TSC	F-score: 0.752
HW-TSC	F-score: 0.716
HW-TSC	F-score: 0.833
HW-TSC	F-score: 0.549
HW-TSC	F-score: 0.469
HW-TSC	F-score: 0.539
HW-TSC	F-score: 0.552
HW-TSC	F-score: 0.522
HW-TSC	F-score: 0.451
HW-TSC	F-score: 0.606
HW-TSC	F-score: 0.449
HW-TSC	F-score: 0.703
HW-TSC	F-score: 1.000
HW-TSC	F-score: 0.500
HW-TSC	F-score: 0.698
HW-TSC	F-score: 0.713
HW-TSC	F-score: 0.857
HW-TSC	F-score: 0.797
HW-TSC	F-score: 0.605
HW-TSC	F-score: 0.882
HW-TSC	F-score: 0.804
HW-TSC	F-score: 0.882
HW-TSC	F-score: 0.658
HW-TSC	F-score: 1.000
HW-TSC	F-score: 1.000
HW-TSC	F-score: 0.950
HW-TSC	F-score: 1.000
HW-TSC	F-score: 0.800
HW-TSC	F-score: 0.839
HW-TSC	F-score: 0.725
HW-TSC	F-score: 1.000
HW-TSC	F-score: 0.632
HW-TSC	F-score: 0.685
HW-TSC	F-score: 0.479
HW-TSC	F-score: 0.440
HW-TSC	F-score: 0.463
HW-TSC	F-score: 0.381
HW-TSC	F-score: 0.418
HW-TSC	F-score: 0.478
HW-TSC	F-score: 0.396
HW-TSC	F-score: 0.330
HW-TSC	F-score: 0.462
HW-TSC	F-score: 0.300
HW-TSC	F-score: 0.567
HW-TSC	F-score: 1.000
HW-TSC	F-score: 0.537
HW-TSC	F-score: 0.882
HW-TSC	F-score: 1.000
HW-TSC	F-score: 0.863
HW-TSC	F-score: 0.600
HW-TSC	F-score: 0.750
HW-TSC	F-score: 0.543
HW-TSC	F-score: 0.500
HW-TSC	F-score: 0.727
HW-TSC	F-score: 0.697
HW-TSC	F-score: 0.646
HW-TSC	F-score: 0.494
HW-TSC	F-score: 0.544
HW-TSC	F-score: 0.474
HW-TSC	F-score: 1.000
HW-TSC	F-score: 0.452
HW-TSC	F-score: 0.582
HW-TSC	F-score: 0.409
HW-TSC	F-score: 0.692
HW-TSC	F-score: 0.725
HW-TSC	F-score: 0.556
HW-TSC	F-score: 0.773
HW-TSC	F-score: 0.733
HW-TSC	F-score: 0.737
HW-TSC	F-score: 0.440
HW-TSC	F-score: 1.000
HW-TSC	F-score: 0.630
HW-TSC	F-score: 0.788
HW-TSC	F-score: 0.800
HW-TSC	F-score: 0.593
HW-TSC	F-score: 0.759
HW-TSC	F-score: 0.795
HW-TSC	F-score: 0.574
HW-TSC	F-score: 0.724
HW-TSC	F-score: 0.676
HW-TSC	F-score: 0.743
HW-TSC	F-score: 0.519
HW-TSC	F-score: 0.929
HW-TSC	F-score: 0.883
HW-TSC	F-score: 0.789
HW-TSC	F-score: 0.582
HW-TSC	F-score: 0.909
HW-TSC	F-score: 0.579
HW-TSC	F-score: 0.725
HW-TSC	F-score: 0.877
HW-TSC	F-score: 0.781
HW-TSC	F-score: 0.935
HW-TSC	F-score: 0.838
HW-TSC	F-score: 0.674
HW-TSC	F-score: 0.818
HW-TSC	F-score: 0.693
HW-TSC	F-score: 0.641
HW-TSC	F-score: 0.661
HW-TSC	F-score: 0.400
HW-TSC	F-score: 0.662
HW-TSC	F-score: 0.595
HW-TSC	F-score: 0.884
HW-TSC	F-score: 1.000
HW-TSC	F-score: 0.750
HW-TSC	F-score: 0.788
HW-TSC	F-score: 0.644
HW-TSC	F-score: 0.667
HW-TSC	F-score: 0.644
HW-TSC	F-score: 0.605
HW-TSC	F-score: 0.857
HW-TSC	F-score: 0.684
HW-TSC	F-score: 0.589
HW-TSC	F-score: 0.625
HW-TSC	F-score: 0.647
HW-TSC	F-score: 0.933
HW-TSC	F-score: 0.624
HW-TSC	F-score: 0.557
HW-TSC	F-score: 0.442
HW-TSC	F-score: 0.667
HW-TSC	F-score: 0.652
HW-TSC	F-score: 0.723
HW-TSC	F-score: 0.752
HW-TSC	F-score: 0.714
HW-TSC	F-score: 0.258
HW-TSC	F-score: 0.600
HW-TSC	F-score: 1.000
HW-TSC	F-score: 0.830
HW-TSC	F-score: 0.778
HW-TSC	F-score: 0.758
HW-TSC	F-score: 0.704
HW-TSC	F-score: 1.000
HW-TSC	F-score: 0.767
HW-TSC	F-score: 0.803
HW-TSC	F-score: 0.857
HW-TSC	F-score: 0.795
HW-TSC	F-score: 1.000
HW-TSC	F-score: 0.718
HW-TSC	F-score: 0.686
HW-TSC	F-score: 0.500
HW-TSC	F-score: 0.864
HW-TSC	F-score: 0.909
HW-TSC	F-score: 0.571
HW-TSC	F-score: 0.795
HW-TSC	F-score: 0.850
HW-TSC	F-score: 1.000
HW-TSC	F-score: 1.000
HW-TSC	F-score: 1.000
HW-TSC	F-score: 1.000
HW-TSC	F-score: 0.952
HW-TSC	F-score: 1.000
HW-TSC	F-score: 0.938
HW-TSC	F-score: 0.812
HW-TSC	F-score: 0.769
HW-TSC	F-score: 0.713
HW-TSC	F-score: 0.822
HW-TSC	F-score: 0.679
HW-TSC	F-score: 0.711
HW-TSC	F-score: 0.731
HW-TSC	F-score: 0.692
HW-TSC	F-score: 1.000
HW-TSC	F-score: 0.642
HW-TSC	F-score: 0.759
HW-TSC	F-score: 0.897
HW-TSC	F-score: 1.000
HW-TSC	F-score: 0.833
HW-TSC	F-score: 0.706
HW-TSC	F-score: 0.714
HW-TSC	F-score: 0.615
HW-TSC	F-score: 1.000
HW-TSC	F-score: 0.480
HW-TSC	F-score: 1.000
HW-TSC	F-score: 0.600
HW-TSC	F-score: 0.765
HW-TSC	F-score: 0.900
HW-TSC	F-score: 0.679
HW-TSC	F-score: 0.564
HW-TSC	F-score: 0.850
HW-TSC	F-score: 0.833
HW-TSC	F-score: 1.000
HW-TSC	F-score: 1.000
HW-TSC	F-score: 0.654
HW-TSC	F-score: 1.000
HW-TSC	F-score: 0.737
HW-TSC	F-score: 1.000
HW-TSC	F-score: 0.710
HW-TSC	F-score: 0.610
HW-TSC	F-score: 0.846
HW-TSC	F-score: 0.703
HW-TSC	F-score: 0.667
HW-TSC	F-score: 0.700
HW-TSC	F-score: 1.000
HW-TSC	F-score: 1.000
HW-TSC	F-score: 0.879
HW-TSC	F-score: 0.750
HW-TSC	F-score: 0.868
HW-TSC	F-score: 0.760
HW-TSC	F-score: 0.947
HW-TSC	F-score: 1.000
HW-TSC	F-score: 1.000
HW-TSC	F-score: 0.769
HW-TSC	F-score: 0.800
HW-TSC	F-score: 0.574
HW-TSC	F-score: 0.847
HW-TSC	F-score: 1.000
HW-TSC	F-score: 0.857
HW-TSC	F-score: 0.800
HW-TSC	F-score: 1.000
HW-TSC	F-score: 1.000
HW-TSC	F-score: 0.769
HW-TSC	F-score: 0.839
HW-TSC	F-score: 0.585
HW-TSC	F-score: 1.000
HW-TSC	F-score: 0.958
HW-TSC	F-score: 0.580
HW-TSC	F-score: 1.000
HW-TSC	F-score: 1.000
HW-TSC	F-score: 1.000
HW-TSC	F-score: 0.838
HW-TSC	F-score: 0.708
HW-TSC	F-score: 0.830
HW-TSC	F-score: 1.000
HW-TSC	F-score: 0.653
HW-TSC	F-score: 0.771
HW-TSC	F-score: 0.864
HW-TSC	F-score: 0.800
HW-TSC	F-score: 0.952
HW-TSC	F-score: 0.633
HW-TSC	F-score: 0.586
HW-TSC	F-score: 0.977
HW-TSC	F-score: 1.000
HW-TSC	F-score: 0.785
HW-TSC	F-score: 0.933
HW-TSC	F-score: 0.929
HW-TSC	F-score: 0.795
HW-TSC	F-score: 0.636
HW-TSC	F-score: 0.658
HW-TSC	F-score: 1.000
HW-TSC	F-score: 0.598
HW-TSC	F-score: 0.727
HW-TSC	F-score: 1.000
HW-TSC	F-score: 1.000
HW-TSC	F-score: 1.000
HW-TSC	F-score: 0.825
HW-TSC	F-score: 1.000
HW-TSC	F-score: 0.885
HW-TSC	F-score: 0.552
HW-TSC	F-score: 0.686
HW-TSC	F-score: 0.683
HW-TSC	F-score: 0.750
HW-TSC	F-score: 0.697
HW-TSC	F-score: 1.000
HW-TSC	F-score: 0.586
HW-TSC	F-score: 0.808
HW-TSC	F-score: 1.000
HW-TSC	F-score: 0.767
HW-TSC	F-score: 0.662
HW-TSC	F-score: 0.679
HW-TSC	F-score: 0.764
HW-TSC	F-score: 1.000
HW-TSC	F-score: 0.602
HW-TSC	F-score: 1.000
HW-TSC	F-score: 0.796
HW-TSC	F-score: 1.000
HW-TSC	F-score: 0.697
HW-TSC	F-score: 0.650
HW-TSC	F-score: 0.769
HW-TSC	F-score: 0.741
HW-TSC	F-score: 0.623
HW-TSC	F-score: 0.903
HW-TSC	F-score: 0.585
HW-TSC	F-score: 0.626
HW-TSC	F-score: 0.656
HW-TSC	F-score: 0.721
HW-TSC	F-score: 0.738
HW-TSC	F-score: 0.727
HW-TSC	F-score: 0.746
HW-TSC	F-score: 0.618
HW-TSC	F-score: 0.731
HW-TSC	F-score: 0.553
HW-TSC	F-score: 0.798
HW-TSC	F-score: 0.452
HW-TSC	F-score: 0.748
HW-TSC	F-score: 0.909
HW-TSC	F-score: 0.810
HW-TSC	F-score: 0.143
HW-TSC	F-score: 0.631
HW-TSC	F-score: 0.531
HW-TSC	F-score: 0.817
HW-TSC	F-score: 0.872
HW-TSC	F-score: 0.615
HW-TSC	F-score: 0.677
HW-TSC	F-score: 0.760
HW-TSC	F-score: 0.552
HW-TSC	F-score: 0.681
HW-TSC	F-score: 1.000
HW-TSC	F-score: 0.605
HW-TSC	F-score: 0.693
HW-TSC	F-score: 0.894
HW-TSC	F-score: 0.857
HW-TSC	F-score: 0.727
HW-TSC	F-score: 1.000
HW-TSC	F-score: 1.000
HW-TSC	F-score: 0.818
HW-TSC	F-score: 0.716
HW-TSC	F-score: 0.915
HW-TSC	F-score: 0.734
HW-TSC	F-score: 0.833
HW-TSC	F-score: 0.927
HW-TSC	F-score: 0.962
HW-TSC	F-score: 0.831
HW-TSC	F-score: 1.000
HW-TSC	F-score: 0.673
HW-TSC	F-score: 0.699
HW-TSC	F-score: 0.667
HW-TSC	F-score: 1.000
HW-TSC	F-score: 0.723
HW-TSC	F-score: 0.886
HW-TSC	F-score: 0.744
HW-TSC	F-score: 1.000
HW-TSC	F-score: 0.915
HW-TSC	F-score: 0.646
HW-TSC	F-score: 0.636
HW-TSC	F-score: 0.839
HW-TSC	F-score: 0.712
HW-TSC	F-score: 0.842
HW-TSC	F-score: 0.591
HW-TSC	F-score: 0.727
HW-TSC	F-score: 0.810
HW-TSC	F-score: 0.697
HW-TSC	F-score: 0.839
HW-TSC	F-score: 0.755
HW-TSC	F-score: 0.687
HW-TSC	F-score: 0.519
HW-TSC	F-score: 0.643
HW-TSC	F-score: 0.493
HW-TSC	F-score: 0.682
HW-TSC	F-score: 0.429
HW-TSC	F-score: 0.636
HW-TSC	F-score: 0.973
HW-TSC	F-score: 0.712
HW-TSC	F-score: 0.797
HW-TSC	F-score: 1.000
HW-TSC	F-score: 0.576
HW-TSC	F-score: 0.684
HW-TSC	F-score: 0.621
HW-TSC	F-score: 0.632
HW-TSC	F-score: 0.680
HW-TSC	F-score: 0.801
HW-TSC	F-score: 0.321
HW-TSC	F-score: 0.802
HW-TSC	F-score: 0.781
HW-TSC	F-score: 0.554
HW-TSC	F-score: 1.000
HW-TSC	F-score: 0.756
HW-TSC	F-score: 0.859
HW-TSC	F-score: 0.923
HW-TSC	F-score: 1.000
HW-TSC	F-score: 0.662
HW-TSC	F-score: 0.653
HW-TSC	F-score: 0.405
HW-TSC	F-score: 0.509
HW-TSC	F-score: 0.673
HW-TSC	F-score: 0.763
HW-TSC	F-score: 0.556
HW-TSC	F-score: 0.703
HW-TSC	F-score: 0.826
HW-TSC	F-score: 0.758
HW-TSC	F-score: 0.752
HW-TSC	F-score: 0.590
HW-TSC	F-score: 0.762
HW-TSC	F-score: 0.675
HW-TSC	F-score: 0.800
HW-TSC	F-score: 0.603
HW-TSC	F-score: 0.744
HW-TSC	F-score: 0.900
HW-TSC	F-score: 0.296
HW-TSC	F-score: 0.527
HW-TSC	F-score: 1.000
HW-TSC	F-score: 0.694
HW-TSC	F-score: 0.625
HW-TSC	F-score: 0.736
HW-TSC	F-score: 0.530
HW-TSC	F-score: 1.000
HW-TSC	F-score: 0.508
HW-TSC	F-score: 0.643
HW-TSC	F-score: 0.564
HW-TSC	F-score: 0.630
HW-TSC	F-score: 0.588
HW-TSC	F-score: 0.667
HW-TSC	F-score: 0.677
HW-TSC	F-score: 0.957
HW-TSC	F-score: 1.000
HW-TSC	F-score: 0.733
HW-TSC	F-score: 0.754
HW-TSC	F-score: 0.685
HW-TSC	F-score: 0.703
HW-TSC	F-score: 0.719
HW-TSC	F-score: 0.982
HW-TSC	F-score: 0.951
HW-TSC	F-score: 1.000
HW-TSC	F-score: 0.964
HW-TSC	F-score: 0.929
HW-TSC	F-score: 0.913
HW-TSC	F-score: 0.894
HW-TSC	F-score: 0.704
HW-TSC	F-score: 0.943
HW-TSC	F-score: 0.891
HW-TSC	F-score: 0.720
HW-TSC	F-score: 1.000
HW-TSC	F-score: 0.887
HW-TSC	F-score: 0.720
HW-TSC	F-score: 0.836
HW-TSC	F-score: 0.719
HW-TSC	F-score: 0.545
HW-TSC	F-score: 1.000
HW-TSC	F-score: 0.735
HW-TSC	F-score: 1.000
HW-TSC	F-score: 0.724
HW-TSC	F-score: 0.800
HW-TSC	F-score: 0.564
HW-TSC	F-score: 1.000
HW-TSC	F-score: 0.537
HW-TSC	F-score: 0.647
HW-TSC	F-score: 0.710
HW-TSC	F-score: 1.000
HW-TSC	F-score: 1.000
HW-TSC	F-score: 1.000
HW-TSC	F-score: 0.731
HW-TSC	F-score: 0.742
HW-TSC	F-score: 0.722
HW-TSC	F-score: 0.500
HW-TSC	F-score: 0.659
HW-TSC	F-score: 0.789
HW-TSC	F-score: 0.727
HW-TSC	F-score: 0.400
HW-TSC	F-score: 0.842
HW-TSC	F-score: 0.720
HW-TSC	F-score: 0.667
HW-TSC	F-score: 0.591
HW-TSC	F-score: 0.705
HW-TSC	F-score: 0.636
HW-TSC	F-score: 0.766
HW-TSC	F-score: 0.774
HW-TSC	F-score: 0.632
HW-TSC	F-score: 0.808
HW-TSC	F-score: 0.862
HW-TSC	F-score: 0.662
HW-TSC	F-score: 1.000
HW-TSC	F-score: 0.576
HW-TSC	F-score: 0.816
HW-TSC	F-score: 0.775
HW-TSC	F-score: 0.567
HW-TSC	F-score: 1.000
HW-TSC	F-score: 0.917
HW-TSC	F-score: 0.828
HW-TSC	F-score: 1.000
HW-TSC	F-score: 0.739
HW-TSC	F-score: 1.000
HW-TSC	F-score: 0.831
HW-TSC	F-score: 0.889
HW-TSC	F-score: 0.727
HW-TSC	F-score: 0.853
HW-TSC	F-score: 0.766
HW-TSC	F-score: 0.820
HW-TSC	F-score: 0.600
HW-TSC	F-score: 0.755
HW-TSC	F-score: 0.508
HW-TSC	F-score: 0.867
HW-TSC	F-score: 0.235
HW-TSC	F-score: 0.830
HW-TSC	F-score: 0.850
HW-TSC	F-score: 0.761
HW-TSC	F-score: 0.760
HW-TSC	F-score: 0.824
HW-TSC	F-score: 0.889
HW-TSC	F-score: 0.903
HW-TSC	F-score: 0.968
HW-TSC	F-score: 0.842
HW-TSC	F-score: 0.750
HW-TSC	F-score: 0.754
HW-TSC	F-score: 0.819
HW-TSC	F-score: 0.615
HW-TSC	F-score: 0.836
HW-TSC	F-score: 0.918
HW-TSC	F-score: 1.000
HW-TSC	F-score: 1.000
HW-TSC	F-score: 1.000
HW-TSC	F-score: 0.909
HW-TSC	F-score: 0.743
HW-TSC	F-score: 0.747
HW-TSC	F-score: 1.000
HW-TSC	F-score: 1.000
HW-TSC	F-score: 1.000
HW-TSC	F-score: 0.857
HW-TSC	F-score: 0.857
HW-TSC	F-score: 0.818
HW-TSC	F-score: 0.857
HW-TSC	F-score: 0.908
HW-TSC	F-score: 1.000
HW-TSC	F-score: 0.727
HW-TSC	F-score: 1.000
HW-TSC	F-score: 0.720
HW-TSC	F-score: 0.812
HW-TSC	F-score: 0.800
HW-TSC	F-score: 1.000
HW-TSC	F-score: 0.839
HW-TSC	F-score: 1.000
HW-TSC	F-score: 0.929
HW-TSC	F-score: 0.815
HW-TSC	F-score: 1.000
HW-TSC	F-score: 1.000
HW-TSC	F-score: 0.727
HW-TSC	F-score: 0.931
HW-TSC	F-score: 0.884
HW-TSC	F-score: 0.712
HW-TSC	F-score: 0.752
HW-TSC	F-score: 0.899
HW-TSC	F-score: 0.702
HW-TSC	F-score: 0.727
HW-TSC	F-score: 0.735
HW-TSC	F-score: 0.779
HW-TSC	F-score: 0.597
HW-TSC	F-score: 0.788
HW-TSC	F-score: 0.714
HW-TSC	F-score: 0.571
HW-TSC	F-score: 0.911
HW-TSC	F-score: 0.696
HW-TSC	F-score: 0.885
HW-TSC	F-score: 0.863
HW-TSC	F-score: 0.636
HW-TSC	F-score: 0.672
HW-TSC	F-score: 0.733
HW-TSC	F-score: 0.615
HW-TSC	F-score: 0.852
HW-TSC	F-score: 0.765
HW-TSC	F-score: 0.676
HW-TSC	F-score: 0.821
HW-TSC	F-score: 0.612
HW-TSC	F-score: 0.840
HW-TSC	F-score: 0.952
HW-TSC	F-score: 0.494
HW-TSC	F-score: 0.955
HW-TSC	F-score: 0.889
HW-TSC	F-score: 0.857
HW-TSC	F-score: 0.581
HW-TSC	F-score: 1.000
HW-TSC	F-score: 0.822
HW-TSC	F-score: 0.889
HW-TSC	F-score: 0.857
HW-TSC	F-score: 0.747
HW-TSC	F-score: 0.800
HW-TSC	F-score: 0.845
HW-TSC	F-score: 0.611
HW-TSC	F-score: 0.767
HW-TSC	F-score: 0.869
HW-TSC	F-score: 0.790
HW-TSC	F-score: 0.702
HW-TSC	F-score: 0.790
HW-TSC	F-score: 0.796
HW-TSC	F-score: 0.819
HW-TSC	F-score: 0.754
HW-TSC	F-score: 0.752
HW-TSC	F-score: 0.898
HW-TSC	F-score: 0.500
HW-TSC	F-score: 0.500
HW-TSC	F-score: 0.808
HW-TSC	F-score: 0.892
HW-TSC	F-score: 0.796
HW-TSC	F-score: 0.704
HW-TSC	F-score: 0.733
HW-TSC	F-score: 0.909
HW-TSC	F-score: 0.818
HW-TSC	F-score: 0.641
HW-TSC	F-score: 0.500
HW-TSC	F-score: 1.000
HW-TSC	F-score: 0.682
HW-TSC	F-score: 0.872
HW-TSC	F-score: 0.911
HW-TSC	F-score: 1.000
HW-TSC	F-score: 0.808
HW-TSC	F-score: 0.701
HW-TSC	F-score: 0.895
HW-TSC	F-score: 0.707
HW-TSC	F-score: 0.638
HW-TSC	F-score: 0.500
HW-TSC	F-score: 0.933
HW-TSC	F-score: 0.571
HW-TSC	F-score: 1.000
HW-TSC	F-score: 0.842
HW-TSC	F-score: 0.756
HW-TSC	F-score: 0.835
HW-TSC	F-score: 0.842
HW-TSC	F-score: 0.950
HW-TSC	F-score: 0.748
HW-TSC	F-score: 0.818
HW-TSC	F-score: 0.716
HW-TSC	F-score: 0.764
HW-TSC	F-score: 0.694
HW-TSC	F-score: 0.559
HW-TSC	F-score: 0.836
HW-TSC	F-score: 0.724
HW-TSC	F-score: 0.852
HW-TSC	F-score: 0.719
HW-TSC	F-score: 0.603
HW-TSC	F-score: 0.714
HW-TSC	F-score: 0.824
HW-TSC	F-score: 0.923
HW-TSC	F-score: 0.878
HW-TSC	F-score: 0.808
HW-TSC	F-score: 0.583
HW-TSC	F-score: 0.780
HW-TSC	F-score: 0.623
HW-TSC	F-score: 0.857
HW-TSC	F-score: 0.828
HW-TSC	F-score: 0.870
HW-TSC	F-score: 0.800
HW-TSC	F-score: 0.426
HW-TSC	F-score: 0.923
HW-TSC	F-score: 0.385
HW-TSC	F-score: 0.660
HW-TSC	F-score: 0.835
HW-TSC	F-score: 0.706
HW-TSC	F-score: 1.000
HW-TSC	F-score: 0.667
HW-TSC	F-score: 0.658
HW-TSC	F-score: 0.634
HW-TSC	F-score: 0.532
HW-TSC	F-score: 0.541
HW-TSC	F-score: 0.500
HW-TSC	F-score: 0.750
HW-TSC	F-score: 0.682
HW-TSC	F-score: 0.542
HW-TSC	F-score: 0.839
HW-TSC	F-score: 0.778
HW-TSC	F-score: 0.656
HW-TSC	F-score: 0.903
HW-TSC	F-score: 0.651
HW-TSC	F-score: 0.500
HW-TSC	F-score: 0.724
HW-TSC	F-score: 0.653
HW-TSC	F-score: 0.877
HW-TSC	F-score: 0.761
HW-TSC	F-score: 1.000
HW-TSC	F-score: 0.625
HW-TSC	F-score: 0.556
HW-TSC	F-score: 0.556
HW-TSC	F-score: 0.750
HW-TSC	F-score: 0.889
HW-TSC	F-score: 0.538
HW-TSC	F-score: 1.000
HW-TSC	F-score: 0.630
HW-TSC	F-score: 1.000
HW-TSC	F-score: 0.750
HW-TSC	F-score: 0.569
HW-TSC	F-score: 0.821
HW-TSC	F-score: 0.800
HW-TSC	F-score: 0.710
HW-TSC	F-score: 0.645
HW-TSC	F-score: 1.000
HW-TSC	F-score: 0.800
HW-TSC	F-score: 0.655
HW-TSC	F-score: 1.000
HW-TSC	F-score: 0.302
HW-TSC	F-score: 0.630
HW-TSC	F-score: 0.689
HW-TSC	F-score: 1.000
HW-TSC	F-score: 0.669
HW-TSC	F-score: 0.700
HW-TSC	F-score: 0.955
HW-TSC	F-score: 1.000
HW-TSC	F-score: 0.949
HW-TSC	F-score: 0.888
HW-TSC	F-score: 0.642
HW-TSC	F-score: 0.476
HW-TSC	F-score: 0.578
HW-TSC	F-score: 0.707
HW-TSC	F-score: 0.450
HW-TSC	F-score: 0.696
HW-TSC	F-score: 0.818
HW-TSC	F-score: 1.000
HW-TSC	F-score: 0.741
HW-TSC	F-score: 0.754
HW-TSC	F-score: 0.625
HW-TSC	F-score: 0.476
HW-TSC	F-score: 1.000
HW-TSC	F-score: 1.000
HW-TSC	F-score: 1.000
HW-TSC	F-score: 0.596
HW-TSC	F-score: 1.000
HW-TSC	F-score: 0.356
HW-TSC	F-score: 0.548
HW-TSC	F-score: 1.000
HW-TSC	F-score: 0.500
HW-TSC	F-score: 0.652
HW-TSC	F-score: 0.814
HW-TSC	F-score: 0.735
HW-TSC	F-score: 0.588
HW-TSC	F-score: 0.875
HW-TSC	F-score: 0.756
HW-TSC	F-score: 0.667
HW-TSC	F-score: 0.235
HW-TSC	F-score: 0.541
HW-TSC	F-score: 0.740
HW-TSC	F-score: 0.602
HW-TSC	F-score: 0.780
HW-TSC	F-score: 0.600
HW-TSC	F-score: 0.600
HW-TSC	F-score: 0.200
HW-TSC	F-score: 0.611
HW-TSC	F-score: 0.417
HW-TSC	F-score: 0.421
HW-TSC	F-score: 0.698
HW-TSC	F-score: 1.000
HW-TSC	F-score: 0.538
HW-TSC	F-score: 0.714
HW-TSC	F-score: 0.546
HW-TSC	F-score: 0.846
HW-TSC	F-score: 0.733
HW-TSC	F-score: 1.000
HW-TSC	F-score: 0.603
HW-TSC	F-score: 1.000
HW-TSC	F-score: 1.000
HW-TSC	F-score: 0.857
HW-TSC	F-score: 0.484
HW-TSC	F-score: 0.533
HW-TSC	F-score: 1.000
HW-TSC	F-score: 0.678
HW-TSC	F-score: 0.522
HW-TSC	F-score: 0.554
HW-TSC	F-score: 0.651
HW-TSC	F-score: 0.563
HW-TSC	F-score: 0.625
HW-TSC	F-score: 1.000
HW-TSC	F-score: 0.512
HW-TSC	F-score: 0.750
HW-TSC	F-score: 0.615
HW-TSC	F-score: 0.481
HW-TSC	F-score: 0.741
HW-TSC	F-score: 0.533
HW-TSC	F-score: 0.435
HW-TSC	F-score: 0.727
HW-TSC	F-score: 0.529
HW-TSC	F-score: 1.000
HW-TSC	F-score: 0.886
HW-TSC	F-score: 0.308
HW-TSC	F-score: 0.649
HW-TSC	F-score: 1.000
HW-TSC	F-score: 0.460
HW-TSC	F-score: 0.875
HW-TSC	F-score: 0.564
HW-TSC	F-score: 0.478
HW-TSC	F-score: 0.829
HW-TSC	F-score: 0.162
HW-TSC	F-score: 0.524
HW-TSC	F-score: 0.609
HW-TSC	F-score: 0.483
HW-TSC	F-score: 0.364
HW-TSC	F-score: 0.650
HW-TSC	F-score: 0.439
HW-TSC	F-score: 0.667
HW-TSC	F-score: 0.462
HW-TSC	F-score: 0.560
HW-TSC	F-score: 0.629
HW-TSC	F-score: 0.658
HW-TSC	F-score: 0.586
HW-TSC	F-score: 0.588
HW-TSC	F-score: 0.314
HW-TSC	F-score: 0.154
HW-TSC	F-score: 1.000
HW-TSC	F-score: 0.735
HW-TSC	F-score: 0.744
HW-TSC	F-score: 0.880
HW-TSC	F-score: 1.000
HW-TSC	F-score: 1.000
HW-TSC	F-score: 0.125
HW-TSC	F-score: 0.653
HW-TSC	F-score: 0.791
HW-TSC	F-score: 0.491
HW-TSC	F-score: 0.486
HW-TSC	F-score: 0.630
HW-TSC	F-score: 0.742
HW-TSC	F-score: 0.541
HW-TSC	F-score: 0.444
HW-TSC	F-score: 0.667
HW-TSC	F-score: 0.609
HW-TSC	F-score: 0.486
HW-TSC	F-score: 0.800
HW-TSC	F-score: 0.957
HW-TSC	F-score: 1.000
HW-TSC	F-score: 0.800
HW-TSC	F-score: 1.000
HW-TSC	F-score: 1.000
HW-TSC	F-score: 0.842
HW-TSC	F-score: 0.829
HW-TSC	F-score: 0.750
HW-TSC	F-score: 0.553
HW-TSC	F-score: 0.480
HW-TSC	F-score: 0.750
HW-TSC	F-score: 0.647
HW-TSC	F-score: 0.714
HW-TSC	F-score: 0.581
HW-TSC	F-score: 0.625
HW-TSC	F-score: 0.621
HW-TSC	F-score: 0.708
HW-TSC	F-score: 1.000
HW-TSC	F-score: 0.698
HW-TSC	F-score: 0.720
HW-TSC	F-score: 0.625
HW-TSC	F-score: 0.639
HW-TSC	F-score: 0.532
HW-TSC	F-score: 0.912
HW-TSC	F-score: 0.714
HW-TSC	F-score: 0.730
HW-TSC	F-score: 0.622
HW-TSC	F-score: 0.655
HW-TSC	F-score: 0.682
HW-TSC	F-score: 1.000
HW-TSC	F-score: 0.477
HW-TSC	F-score: 0.627
HW-TSC	F-score: 0.587
HW-TSC	F-score: 0.745
HW-TSC	F-score: 0.455
HW-TSC	F-score: 0.955
HW-TSC	F-score: 0.590
HW-TSC	F-score: 0.452
HW-TSC	F-score: 0.923
HW-TSC	F-score: 1.000
HW-TSC	F-score: 0.364
HW-TSC	F-score: 0.676
HW-TSC	F-score: 1.000
HW-TSC	F-score: 0.476
HW-TSC	F-score: 0.533
HW-TSC	F-score: 0.750
HW-TSC	F-score: 0.597
HW-TSC	F-score: 0.545
HW-TSC	F-score: 0.734
HW-TSC	F-score: 0.687
HW-TSC	F-score: 0.857
HW-TSC	F-score: 0.805
HW-TSC	F-score: 0.667
HW-TSC	F-score: 0.839
HW-TSC	F-score: 0.860
HW-TSC	F-score: 0.750
HW-TSC	F-score: 0.523
HW-TSC	F-score: 0.722
HW-TSC	F-score: 0.791
HW-TSC	F-score: 0.790
HW-TSC	F-score: 0.742
HW-TSC	F-score: 1.000
HW-TSC	F-score: 1.000
HW-TSC	F-score: 0.642
HW-TSC	F-score: 0.615
HW-TSC	F-score: 0.808
HW-TSC	F-score: 1.000
HW-TSC	F-score: 0.240
HW-TSC	F-score: 0.500
HW-TSC	F-score: 0.750
HW-TSC	F-score: 0.720
HW-TSC	F-score: 1.000
HW-TSC	F-score: 0.588
HW-TSC	F-score: 0.657
HW-TSC	F-score: 0.578
HW-TSC	F-score: 0.611
HW-TSC	F-score: 0.750
HW-TSC	F-score: 0.610
HW-TSC	F-score: 1.000
HW-TSC	F-score: 1.000
HW-TSC	F-score: 0.200
HW-TSC	F-score: 1.000
HW-TSC	F-score: 1.000
HW-TSC	F-score: 0.545
HW-TSC	F-score: 0.211
HW-TSC	F-score: 0.633
HW-TSC	F-score: 0.674
HW-TSC	F-score: 1.000
HW-TSC	F-score: 0.833
HW-TSC	F-score: 0.709
HW-TSC	F-score: 0.750
HW-TSC	F-score: 1.000
HW-TSC	F-score: 1.000
HW-TSC	F-score: 0.500
HW-TSC	F-score: 0.463
HW-TSC	F-score: 0.496
HW-TSC	F-score: 0.800
HW-TSC	F-score: 0.917
HW-TSC	F-score: 0.435
HW-TSC	F-score: 0.774
HW-TSC	F-score: 0.778
HW-TSC	F-score: 1.000
HW-TSC	F-score: 1.000
HW-TSC	F-score: 0.836
HW-TSC	F-score: 1.000
HW-TSC	F-score: 0.734
HW-TSC	F-score: 0.681
HW-TSC	F-score: 0.571
HW-TSC	F-score: 0.487
HW-TSC	F-score: 0.931
HW-TSC	F-score: 0.737
HW-TSC	F-score: 0.762
HW-TSC	F-score: 1.000
HW-TSC	F-score: 0.386
HW-TSC	F-score: 0.615
HW-TSC	F-score: 0.750
HW-TSC	F-score: 0.658
HW-TSC	F-score: 0.533
HW-TSC	F-score: 0.625
HW-TSC	F-score: 0.661
HW-TSC	F-score: 0.750
HW-TSC	F-score: 0.658
HW-TSC	F-score: 1.000
HW-TSC	F-score: 0.667
HW-TSC	F-score: 1.000
HW-TSC	F-score: 0.758
HW-TSC	F-score: 0.500
HW-TSC	F-score: 0.727
HW-TSC	F-score: 1.000
HW-TSC	F-score: 0.516
HW-TSC	F-score: 0.575
HW-TSC	F-score: 0.576
HW-TSC	F-score: 0.508
HW-TSC	F-score: 0.533
HW-TSC	F-score: 0.622
HW-TSC	F-score: 1.000
HW-TSC	F-score: 1.000
HW-TSC	F-score: 1.000
HW-TSC	F-score: 0.925
HW-TSC	F-score: 1.000
HW-TSC	F-score: 1.000
HW-TSC	F-score: 0.333
HW-TSC	F-score: 0.857
HW-TSC	F-score: 0.377
HW-TSC	F-score: 0.574
HW-TSC	F-score: 0.800
HW-TSC	F-score: 1.000
HW-TSC	F-score: 0.480
HW-TSC	F-score: 0.622
HW-TSC	F-score: 0.818
HW-TSC	F-score: 0.754
HW-TSC	F-score: 1.000
HW-TSC	F-score: 0.636
HW-TSC	F-score: 0.800
HW-TSC	F-score: 0.609
HW-TSC	F-score: 0.643
HW-TSC	F-score: 0.533
HW-TSC	F-score: 0.871
HW-TSC	F-score: 0.500
HW-TSC	F-score: 0.686
HW-TSC	F-score: 0.646
HW-TSC	F-score: 0.583
HW-TSC	F-score: 0.592
HW-TSC	F-score: 0.444
HW-TSC	F-score: 0.742
HW-TSC	F-score: 1.000
HW-TSC	F-score: 0.655
HW-TSC	F-score: 0.784
HW-TSC	F-score: 0.600
HW-TSC	F-score: 1.000
HW-TSC	F-score: 0.524
HW-TSC	F-score: 0.727
HW-TSC	F-score: 0.681
HW-TSC	F-score: 0.679
HW-TSC	F-score: 0.333
HW-TSC	F-score: 1.000
HW-TSC	F-score: 0.750
HW-TSC	F-score: 0.691
HW-TSC	F-score: 0.625
HW-TSC	F-score: 0.750
HW-TSC	F-score: 1.000
HW-TSC	F-score: 1.000
HW-TSC	F-score: 0.500
HW-TSC	F-score: 0.333
HW-TSC	F-score: 0.767
HW-TSC	F-score: 0.779
HW-TSC	F-score: 0.957
HW-TSC	F-score: 0.550
HW-TSC	F-score: 0.588
HW-TSC	F-score: 0.904
HW-TSC	F-score: 0.395
HW-TSC	F-score: 0.500
HW-TSC	F-score: 0.286
HW-TSC	F-score: 0.441
HW-TSC	F-score: 0.654
HW-TSC	F-score: 0.520
HW-TSC	F-score: 0.857
HW-TSC	F-score: 0.667
HW-TSC	F-score: 0.944
HW-TSC	F-score: 1.000
HW-TSC	F-score: 0.421
HW-TSC	F-score: 0.588
HW-TSC	F-score: 0.827
HW-TSC	F-score: 1.000
HW-TSC	F-score: 0.533
HW-TSC	F-score: 0.867
HW-TSC	F-score: 0.642
HW-TSC	F-score: 0.562
HW-TSC	F-score: 0.609
HW-TSC	F-score: 0.622
HW-TSC	F-score: 0.500
HW-TSC	F-score: 0.653
HW-TSC	F-score: 0.656
HW-TSC	F-score: 1.000
HW-TSC	F-score: 0.416
HW-TSC	F-score: 0.698
HW-TSC	F-score: 0.620
HW-TSC	F-score: 0.535
HW-TSC	F-score: 1.000
HW-TSC	F-score: 0.974
HW-TSC	F-score: 0.725
HW-TSC	F-score: 1.000
HW-TSC	F-score: 0.750
HW-TSC	F-score: 0.969
HW-TSC	F-score: 0.800
HW-TSC	F-score: 0.421
HW-TSC	F-score: 0.405
HW-TSC	F-score: 0.818
HW-TSC	F-score: 0.200
HW-TSC	F-score: 0.649
HW-TSC	F-score: 0.877
HW-TSC	F-score: 0.537
HW-TSC	F-score: 0.551
HW-TSC	F-score: 1.000
HW-TSC	F-score: 0.604
HW-TSC	F-score: 0.627
HW-TSC	F-score: 0.255
HW-TSC	F-score: 0.778
HW-TSC	F-score: 0.409
HW-TSC	F-score: 0.737
HW-TSC	F-score: 0.714
HW-TSC	F-score: 0.832
HW-TSC	F-score: 0.673
HW-TSC	F-score: 0.600
HW-TSC	F-score: 0.550
HW-TSC	F-score: 0.444
HW-TSC	F-score: 0.400
HW-TSC	F-score: 0.786
HW-TSC	F-score: 0.778
HW-TSC	F-score: 0.686
HW-TSC	F-score: 0.778
HW-TSC	F-score: 0.667
HW-TSC	F-score: 0.812
HW-TSC	F-score: 0.407
HW-TSC	F-score: 0.455
HW-TSC	F-score: 0.852
HW-TSC	F-score: 0.571
HW-TSC	F-score: 0.500
HW-TSC	F-score: 0.701
HW-TSC	F-score: 0.590
HW-TSC	F-score: 0.303
HW-TSC	F-score: 0.625
HW-TSC	F-score: 0.615
HW-TSC	F-score: 0.566
HW-TSC	F-score: 0.486
HW-TSC	F-score: 0.634
HW-TSC	F-score: 0.786
HW-TSC	F-score: 1.000
HW-TSC	F-score: 0.533
HW-TSC	F-score: 0.200
HW-TSC	F-score: 0.579
HW-TSC	F-score: 0.714
HW-TSC	F-score: 0.429
HW-TSC	F-score: 0.444
HW-TSC	F-score: 0.773
HW-TSC	F-score: 0.635
HW-TSC	F-score: 0.598
HW-TSC	F-score: 0.670
HW-TSC	F-score: 0.800
HW-TSC	F-score: 0.636
HW-TSC	F-score: 0.308
HW-TSC	F-score: 0.500
HW-TSC	F-score: 1.000
HW-TSC	F-score: 0.788
HW-TSC	F-score: 1.000
HW-TSC	F-score: 0.840
HW-TSC	F-score: 0.743
HW-TSC	F-score: 0.465
HW-TSC	F-score: 0.596
HW-TSC	F-score: 0.646
HW-TSC	F-score: 0.691
HW-TSC	F-score: 0.476
HW-TSC	F-score: 0.722
HW-TSC	F-score: 0.500
HW-TSC	F-score: 0.716
HW-TSC	F-score: 0.794
HW-TSC	F-score: 0.800
HW-TSC	F-score: 0.714
HW-TSC	F-score: 0.725
HW-TSC	F-score: 0.412
HW-TSC	F-score: 0.655
HW-TSC	F-score: 0.614
HW-TSC	F-score: 0.600
HW-TSC	F-score: 0.500
HW-TSC	F-score: 0.562
HW-TSC	F-score: 0.642
HW-TSC	F-score: 0.571
HW-TSC	F-score: 0.432
HW-TSC	F-score: 0.615
HW-TSC	F-score: 1.000
HW-TSC	F-score: 0.507
HW-TSC	F-score: 0.788
HW-TSC	F-score: 0.562
HW-TSC	F-score: 0.534
HW-TSC	F-score: 0.769
HW-TSC	F-score: 0.831
HW-TSC	F-score: 0.765
HW-TSC	F-score: 0.667
HW-TSC	F-score: 0.241
HW-TSC	F-score: 0.513
HW-TSC	F-score: 0.789
HW-TSC	F-score: 0.683
HW-TSC	F-score: 0.630
HW-TSC	F-score: 0.926
HW-TSC	F-score: 0.593
HW-TSC	F-score: 0.569
HW-TSC	F-score: 0.757
HW-TSC	F-score: 0.710
HW-TSC	F-score: 0.829
HW-TSC	F-score: 0.754
HW-TSC	F-score: 1.000
HW-TSC	F-score: 0.826
HW-TSC	F-score: 0.471
HW-TSC	F-score: 0.602
HW-TSC	F-score: 0.476
HW-TSC	F-score: 0.667
HW-TSC	F-score: 0.556
HW-TSC	F-score: 0.587
HW-TSC	F-score: 0.691
HW-TSC	F-score: 1.000
HW-TSC	F-score: 0.657
HW-TSC	F-score: 0.800
HW-TSC	F-score: 0.864
HW-TSC	F-score: 0.211
HW-TSC	F-score: 0.483
HW-TSC	F-score: 0.774
HW-TSC	F-score: 0.418
HW-TSC	F-score: 1.000
HW-TSC	F-score: 0.581
HW-TSC	F-score: 0.523
HW-TSC	F-score: 0.615
HW-TSC	F-score: 0.555
HW-TSC	F-score: 0.663
HW-TSC	F-score: 0.667
HW-TSC	F-score: 0.500
HW-TSC	F-score: 0.556
HW-TSC	F-score: 1.000
HW-TSC	F-score: 0.786
HW-TSC	F-score: 0.565
HW-TSC	F-score: 1.000
HW-TSC	F-score: 0.596
HW-TSC	F-score: 0.333
HW-TSC	F-score: 0.460
HW-TSC	F-score: 0.649
HW-TSC	F-score: 0.874
HW-TSC	F-score: 0.222
HW-TSC	F-score: 0.595
HW-TSC	F-score: 0.630
HW-TSC	F-score: 0.486
HW-TSC	F-score: 0.600
HW-TSC	F-score: 1.000
HW-TSC	F-score: 1.000
HW-TSC	F-score: 0.889
HW-TSC	F-score: 1.000
HW-TSC	F-score: 0.296
HW-TSC	F-score: 0.700
HW-TSC	F-score: 0.556
HW-TSC	F-score: 0.333
HW-TSC	F-score: 1.000
HW-TSC	F-score: 0.536
HW-TSC	F-score: 0.731
HW-TSC	F-score: 0.600
HW-TSC	F-score: 0.528
HW-TSC	F-score: 0.750
HW-TSC	F-score: 0.667
HW-TSC	F-score: 0.667
HW-TSC	F-score: 1.000
HW-TSC	F-score: 1.000
HW-TSC	F-score: 0.754
HW-TSC	F-score: 0.739
HW-TSC	F-score: 1.000
HW-TSC	F-score: 0.653
HW-TSC	F-score: 0.791
HW-TSC	F-score: 0.472
HW-TSC	F-score: 0.500
HW-TSC	F-score: 0.732
HW-TSC	F-score: 1.000
HW-TSC	F-score: 1.000
HW-TSC	F-score: 0.814
HW-TSC	F-score: 0.824
HW-TSC	F-score: 0.629
HW-TSC	F-score: 0.829
HW-TSC	F-score: 0.655
HW-TSC	F-score: 0.432
HW-TSC	F-score: 0.586
HW-TSC	F-score: 0.545
HW-TSC	F-score: 0.513
HW-TSC	F-score: 0.510
HW-TSC	F-score: 0.606
HW-TSC	F-score: 0.882
HW-TSC	F-score: 0.500
HW-TSC	F-score: 0.706
HW-TSC	F-score: 0.917
HW-TSC	F-score: 0.545
HW-TSC	F-score: 1.000
HW-TSC	F-score: 1.000
HW-TSC	F-score: 0.387
HW-TSC	F-score: 1.000
HW-TSC	F-score: 1.000
HW-TSC	F-score: 0.642
HW-TSC	F-score: 0.575
HW-TSC	F-score: 0.846
HW-TSC	F-score: 0.778
HW-TSC	F-score: 0.500
HW-TSC	F-score: 0.792
HW-TSC	F-score: 0.737
HW-TSC	F-score: 1.000
HW-TSC	F-score: 0.500
HW-TSC	F-score: 0.667
HW-TSC	F-score: 0.923
HW-TSC	F-score: 0.500
HW-TSC	F-score: 0.667
HW-TSC	F-score: 0.750
HW-TSC	F-score: 0.444
HW-TSC	F-score: 0.471
HW-TSC	F-score: 0.667
HW-TSC	F-score: 0.424
HW-TSC	F-score: 0.364
HW-TSC	F-score: 0.667
HW-TSC	F-score: 0.556
HW-TSC	F-score: 0.857
HW-TSC	F-score: 0.864
HW-TSC	F-score: 0.560
HW-TSC	F-score: 0.789
HW-TSC	F-score: 0.769
HW-TSC	F-score: 1.000
HW-TSC	F-score: 0.400
HW-TSC	F-score: 0.706
HW-TSC	F-score: 1.000
HW-TSC	F-score: 1.000
HW-TSC	F-score: 0.556
HW-TSC	F-score: 0.566
HW-TSC	F-score: 0.600
HW-TSC	F-score: 1.000
HW-TSC	F-score: 0.642
HW-TSC	F-score: 1.000
HW-TSC	F-score: 0.667
HW-TSC	F-score: 0.054
HW-TSC	F-score: 0.689
HW-TSC	F-score: 0.617
HW-TSC	F-score: 0.833
HW-TSC	F-score: 0.727
HW-TSC	F-score: 0.471
HW-TSC	F-score: 0.704
HW-TSC	F-score: 0.377
HW-TSC	F-score: 0.750
HW-TSC	F-score: 1.000
HW-TSC	F-score: 0.650
HW-TSC	F-score: 0.769
HW-TSC	F-score: 0.476
HW-TSC	F-score: 0.500
HW-TSC	F-score: 0.609
HW-TSC	F-score: 0.648
HW-TSC	F-score: 1.000
HW-TSC	F-score: 0.762
HW-TSC	F-score: 0.711
HW-TSC	F-score: 0.689
HW-TSC	F-score: 0.833
HW-TSC	F-score: 0.783
HW-TSC	F-score: 0.600
HW-TSC	F-score: 0.429
HW-TSC	F-score: 0.400
HW-TSC	F-score: 0.465
HW-TSC	F-score: 0.778
HW-TSC	F-score: 0.496
HW-TSC	F-score: 0.585
HW-TSC	F-score: 0.791
HW-TSC	F-score: 0.520
HW-TSC	F-score: 0.889
HW-TSC	F-score: 0.560
HW-TSC	F-score: 0.625
HW-TSC	F-score: 0.690
HW-TSC	F-score: 0.717
HW-TSC	F-score: 0.809
HW-TSC	F-score: 0.857
HW-TSC	F-score: 0.333
HW-TSC	F-score: 1.000
HW-TSC	F-score: 0.660
HW-TSC	F-score: 0.750
HW-TSC	F-score: 0.714
HW-TSC	F-score: 0.846
HW-TSC	F-score: 0.529
HW-TSC	F-score: 0.762
HW-TSC	F-score: 0.429
HW-TSC	F-score: 0.599
HW-TSC	F-score: 0.487
HW-TSC	F-score: 0.727
HW-TSC	F-score: 0.692
HW-TSC	F-score: 0.632
HW-TSC	F-score: 0.720
HW-TSC	F-score: 0.654
HW-TSC	F-score: 1.000
HW-TSC	F-score: 0.709
HW-TSC	F-score: 1.000
HW-TSC	F-score: 0.800
HW-TSC	F-score: 0.727
HW-TSC	F-score: 0.735
HW-TSC	F-score: 0.642
HW-TSC	F-score: 0.438
HW-TSC	F-score: 0.520
HW-TSC	F-score: 0.923
HW-TSC	F-score: 0.810
HW-TSC	F-score: 0.417
HW-TSC	F-score: 0.545
HW-TSC	F-score: 1.000
HW-TSC	F-score: 0.561
HW-TSC	F-score: 0.556
HW-TSC	F-score: 1.000
HW-TSC	F-score: 0.808
HW-TSC	F-score: 0.739
HW-TSC	F-score: 0.584
HW-TSC	F-score: 0.607
HW-TSC	F-score: 0.709
HW-TSC	F-score: 0.703
HW-TSC	F-score: 0.250
HW-TSC	F-score: 0.519
HW-TSC	F-score: 0.515
HW-TSC	F-score: 0.811
HW-TSC	F-score: 0.846
HW-TSC	F-score: 0.548
HW-TSC	F-score: 0.869
HW-TSC	F-score: 0.722
HW-TSC	F-score: 0.556
HW-TSC	F-score: 0.485
HW-TSC	F-score: 0.500
HW-TSC	F-score: 0.880
IOL_Research	F-score: 0.486
IOL_Research	F-score: 0.566
IOL_Research	F-score: 0.733
IOL_Research	F-score: 0.523
IOL_Research	F-score: 0.640
IOL_Research	F-score: 0.379
IOL_Research	F-score: 0.320
IOL_Research	F-score: 0.481
IOL_Research	F-score: 0.463
IOL_Research	F-score: 0.778
IOL_Research	F-score: 0.737
IOL_Research	F-score: 0.896
IOL_Research	F-score: 1.000
IOL_Research	F-score: 0.933
IOL_Research	F-score: 0.788
IOL_Research	F-score: 0.486
IOL_Research	F-score: 0.303
IOL_Research	F-score: 0.333
IOL_Research	F-score: 0.643
IOL_Research	F-score: 0.471
IOL_Research	F-score: 0.421
IOL_Research	F-score: 0.560
IOL_Research	F-score: 0.270
IOL_Research	F-score: 0.625
IOL_Research	F-score: 0.647
IOL_Research	F-score: 1.000
IOL_Research	F-score: 0.486
IOL_Research	F-score: 0.429
IOL_Research	F-score: 0.235
IOL_Research	F-score: 0.583
IOL_Research	F-score: 0.889
IOL_Research	F-score: 1.000
IOL_Research	F-score: 0.526
IOL_Research	F-score: 0.800
IOL_Research	F-score: 0.667
IOL_Research	F-score: 1.000
IOL_Research	F-score: 1.000
IOL_Research	F-score: 0.167
IOL_Research	F-score: 0.429
IOL_Research	F-score: 0.613
IOL_Research	F-score: 0.667
IOL_Research	F-score: 0.606
IOL_Research	F-score: 0.357
IOL_Research	F-score: 0.483
IOL_Research	F-score: 0.622
IOL_Research	F-score: 0.410
IOL_Research	F-score: 0.512
IOL_Research	F-score: 0.333
IOL_Research	F-score: 0.275
IOL_Research	F-score: 0.250
IOL_Research	F-score: 0.600
IOL_Research	F-score: 0.364
IOL_Research	F-score: 0.455
IOL_Research	F-score: 0.413
IOL_Research	F-score: 0.333
IOL_Research	F-score: 0.367
IOL_Research	F-score: 0.388
IOL_Research	F-score: 0.638
IOL_Research	F-score: 0.286
IOL_Research	F-score: 0.400
IOL_Research	F-score: 0.426
IOL_Research	F-score: 0.375
IOL_Research	F-score: 0.489
IOL_Research	F-score: 0.444
IOL_Research	F-score: 0.302
IOL_Research	F-score: 0.409
IOL_Research	F-score: 0.500
IOL_Research	F-score: 1.000
IOL_Research	F-score: 0.571
IOL_Research	F-score: 0.415
IOL_Research	F-score: 0.769
IOL_Research	F-score: 0.286
IOL_Research	F-score: 0.349
IOL_Research	F-score: 0.526
IOL_Research	F-score: 0.714
IOL_Research	F-score: 0.417
IOL_Research	F-score: 0.379
IOL_Research	F-score: 0.391
IOL_Research	F-score: 0.444
IOL_Research	F-score: 0.467
IOL_Research	F-score: 0.875
IOL_Research	F-score: 0.545
IOL_Research	F-score: 0.650
IOL_Research	F-score: 0.714
IOL_Research	F-score: 0.500
IOL_Research	F-score: 0.643
IOL_Research	F-score: 1.000
IOL_Research	F-score: 0.600
IOL_Research	F-score: 0.320
IOL_Research	F-score: 0.522
IOL_Research	F-score: 0.872
IOL_Research	F-score: 0.909
IOL_Research	F-score: 0.432
IOL_Research	F-score: 0.250
IOL_Research	F-score: 1.000
IOL_Research	F-score: 0.784
IOL_Research	F-score: 0.400
IOL_Research	F-score: 0.391
IOL_Research	F-score: 0.955
IOL_Research	F-score: 0.530
IOL_Research	F-score: 0.800
IOL_Research	F-score: 0.435
IOL_Research	F-score: 0.508
IOL_Research	F-score: 0.585
IOL_Research	F-score: 0.524
IOL_Research	F-score: 0.336
IOL_Research	F-score: 0.800
IOL_Research	F-score: 0.800
IOL_Research	F-score: 0.629
IOL_Research	F-score: 0.407
IOL_Research	F-score: 0.386
IOL_Research	F-score: 0.333
IOL_Research	F-score: 0.364
IOL_Research	F-score: 0.500
IOL_Research	F-score: 0.486
IOL_Research	F-score: 0.545
IOL_Research	F-score: 0.200
IOL_Research	F-score: 0.231
IOL_Research	F-score: 0.364
IOL_Research	F-score: 0.250
IOL_Research	F-score: 0.143
IOL_Research	F-score: 1.000
IOL_Research	F-score: 0.297
IOL_Research	F-score: 0.316
IOL_Research	F-score: 0.348
IOL_Research	F-score: 0.349
IOL_Research	F-score: 0.667
IOL_Research	F-score: 1.000
IOL_Research	F-score: 0.333
IOL_Research	F-score: 0.621
IOL_Research	F-score: 0.500
IOL_Research	F-score: 0.211
IOL_Research	F-score: 0.143
IOL_Research	F-score: 0.500
IOL_Research	F-score: 0.545
IOL_Research	F-score: 0.471
IOL_Research	F-score: 0.348
IOL_Research	F-score: 0.600
IOL_Research	F-score: 0.333
IOL_Research	F-score: 0.571
IOL_Research	F-score: 0.462
IOL_Research	F-score: 0.458
IOL_Research	F-score: 0.545
IOL_Research	F-score: 0.200
IOL_Research	F-score: 0.636
IOL_Research	F-score: 0.333
IOL_Research	F-score: 0.460
IOL_Research	F-score: 0.316
IOL_Research	F-score: 0.613
IOL_Research	F-score: 0.550
IOL_Research	F-score: 0.462
IOL_Research	F-score: 0.448
IOL_Research	F-score: 0.552
IOL_Research	F-score: 0.381
IOL_Research	F-score: 0.414
IOL_Research	F-score: 0.545
IOL_Research	F-score: 0.407
IOL_Research	F-score: 0.382
IOL_Research	F-score: 0.452
IOL_Research	F-score: 0.300
IOL_Research	F-score: 0.340
IOL_Research	F-score: 0.714
IOL_Research	F-score: 0.755
IOL_Research	F-score: 0.811
IOL_Research	F-score: 0.726
IOL_Research	F-score: 0.644
IOL_Research	F-score: 0.475
IOL_Research	F-score: 0.756
IOL_Research	F-score: 0.593
IOL_Research	F-score: 0.828
IOL_Research	F-score: 0.783
IOL_Research	F-score: 0.286
IOL_Research	F-score: 0.606
IOL_Research	F-score: 0.437
IOL_Research	F-score: 0.526
IOL_Research	F-score: 0.364
IOL_Research	F-score: 0.389
IOL_Research	F-score: 0.303
IOL_Research	F-score: 0.154
IOL_Research	F-score: 0.138
IOL_Research	F-score: 0.257
IOL_Research	F-score: 0.267
IOL_Research	F-score: 0.167
IOL_Research	F-score: 0.418
IOL_Research	F-score: 0.439
IOL_Research	F-score: 0.400
IOL_Research	F-score: 0.347
IOL_Research	F-score: 0.231
IOL_Research	F-score: 0.389
IOL_Research	F-score: 1.000
IOL_Research	F-score: 1.000
IOL_Research	F-score: 0.667
IOL_Research	F-score: 0.786
IOL_Research	F-score: 0.462
IOL_Research	F-score: 0.517
IOL_Research	F-score: 0.250
IOL_Research	F-score: 0.483
IOL_Research	F-score: 0.529
IOL_Research	F-score: 0.626
IOL_Research	F-score: 0.370
IOL_Research	F-score: 0.500
IOL_Research	F-score: 0.453
IOL_Research	F-score: 0.324
IOL_Research	F-score: 0.431
IOL_Research	F-score: 0.621
IOL_Research	F-score: 0.512
IOL_Research	F-score: 0.478
IOL_Research	F-score: 0.588
IOL_Research	F-score: 0.333
IOL_Research	F-score: 0.509
IOL_Research	F-score: 0.267
IOL_Research	F-score: 0.417
IOL_Research	F-score: 0.323
IOL_Research	F-score: 0.419
IOL_Research	F-score: 0.280
IOL_Research	F-score: 0.500
IOL_Research	F-score: 0.327
IOL_Research	F-score: 0.338
IOL_Research	F-score: 0.273
IOL_Research	F-score: 0.525
IOL_Research	F-score: 0.364
IOL_Research	F-score: 0.255
IOL_Research	F-score: 0.484
IOL_Research	F-score: 0.171
IOL_Research	F-score: 0.286
IOL_Research	F-score: 0.452
IOL_Research	F-score: 0.500
IOL_Research	F-score: 0.557
IOL_Research	F-score: 0.393
IOL_Research	F-score: 0.609
IOL_Research	F-score: 0.423
IOL_Research	F-score: 0.629
IOL_Research	F-score: 0.270
IOL_Research	F-score: 0.419
IOL_Research	F-score: 0.351
IOL_Research	F-score: 1.000
IOL_Research	F-score: 0.818
IOL_Research	F-score: 0.733
IOL_Research	F-score: 0.706
IOL_Research	F-score: 0.827
IOL_Research	F-score: 0.800
IOL_Research	F-score: 0.976
IOL_Research	F-score: 0.984
IOL_Research	F-score: 0.828
IOL_Research	F-score: 0.679
IOL_Research	F-score: 0.522
IOL_Research	F-score: 0.429
IOL_Research	F-score: 0.529
IOL_Research	F-score: 0.609
IOL_Research	F-score: 0.421
IOL_Research	F-score: 0.317
IOL_Research	F-score: 0.355
IOL_Research	F-score: 0.524
IOL_Research	F-score: 0.383
IOL_Research	F-score: 0.395
IOL_Research	F-score: 0.406
IOL_Research	F-score: 0.833
IOL_Research	F-score: 0.500
IOL_Research	F-score: 0.400
IOL_Research	F-score: 0.400
IOL_Research	F-score: 0.519
IOL_Research	F-score: 0.540
IOL_Research	F-score: 0.496
IOL_Research	F-score: 0.571
IOL_Research	F-score: 0.706
IOL_Research	F-score: 0.571
IOL_Research	F-score: 0.462
IOL_Research	F-score: 0.440
IOL_Research	F-score: 0.438
IOL_Research	F-score: 0.495
IOL_Research	F-score: 0.739
IOL_Research	F-score: 0.490
IOL_Research	F-score: 0.554
IOL_Research	F-score: 0.361
IOL_Research	F-score: 0.519
IOL_Research	F-score: 0.354
IOL_Research	F-score: 0.506
IOL_Research	F-score: 0.235
IOL_Research	F-score: 0.410
IOL_Research	F-score: 0.750
IOL_Research	F-score: 1.000
IOL_Research	F-score: 0.583
IOL_Research	F-score: 0.774
IOL_Research	F-score: 0.923
IOL_Research	F-score: 0.529
IOL_Research	F-score: 0.800
IOL_Research	F-score: 0.649
IOL_Research	F-score: 0.828
IOL_Research	F-score: 0.816
IOL_Research	F-score: 0.586
IOL_Research	F-score: 0.465
IOL_Research	F-score: 0.263
IOL_Research	F-score: 0.378
IOL_Research	F-score: 0.358
IOL_Research	F-score: 0.491
IOL_Research	F-score: 0.360
IOL_Research	F-score: 0.438
IOL_Research	F-score: 0.495
IOL_Research	F-score: 0.429
IOL_Research	F-score: 0.609
IOL_Research	F-score: 0.667
IOL_Research	F-score: 0.475
IOL_Research	F-score: 0.333
IOL_Research	F-score: 0.551
IOL_Research	F-score: 0.412
IOL_Research	F-score: 0.778
IOL_Research	F-score: 0.656
IOL_Research	F-score: 0.429
IOL_Research	F-score: 0.622
IOL_Research	F-score: 0.302
IOL_Research	F-score: 0.345
IOL_Research	F-score: 0.769
IOL_Research	F-score: 0.526
IOL_Research	F-score: 0.581
IOL_Research	F-score: 0.875
IOL_Research	F-score: 0.732
IOL_Research	F-score: 0.776
IOL_Research	F-score: 0.667
IOL_Research	F-score: 0.577
IOL_Research	F-score: 0.853
IOL_Research	F-score: 0.944
IOL_Research	F-score: 0.788
IOL_Research	F-score: 0.725
IOL_Research	F-score: 0.667
IOL_Research	F-score: 0.495
IOL_Research	F-score: 0.302
IOL_Research	F-score: 0.246
IOL_Research	F-score: 0.296
IOL_Research	F-score: 0.279
IOL_Research	F-score: 0.442
IOL_Research	F-score: 0.610
IOL_Research	F-score: 0.644
IOL_Research	F-score: 0.600
IOL_Research	F-score: 0.469
IOL_Research	F-score: 0.344
IOL_Research	F-score: 0.386
IOL_Research	F-score: 0.282
IOL_Research	F-score: 0.356
IOL_Research	F-score: 0.304
IOL_Research	F-score: 0.492
IOL_Research	F-score: 0.562
IOL_Research	F-score: 0.440
IOL_Research	F-score: 0.593
IOL_Research	F-score: 0.238
IOL_Research	F-score: 0.356
IOL_Research	F-score: 0.388
IOL_Research	F-score: 0.231
IOL_Research	F-score: 0.459
IOL_Research	F-score: 0.413
IOL_Research	F-score: 0.500
IOL_Research	F-score: 0.622
IOL_Research	F-score: 0.630
IOL_Research	F-score: 0.636
IOL_Research	F-score: 0.744
IOL_Research	F-score: 0.862
IOL_Research	F-score: 0.690
IOL_Research	F-score: 0.614
IOL_Research	F-score: 0.831
IOL_Research	F-score: 0.833
IOL_Research	F-score: 0.769
IOL_Research	F-score: 0.423
IOL_Research	F-score: 0.645
IOL_Research	F-score: 0.595
IOL_Research	F-score: 0.619
IOL_Research	F-score: 0.754
IOL_Research	F-score: 0.617
IOL_Research	F-score: 0.598
IOL_Research	F-score: 0.833
IOL_Research	F-score: 0.571
IOL_Research	F-score: 0.710
IOL_Research	F-score: 0.600
IOL_Research	F-score: 0.708
IOL_Research	F-score: 0.541
IOL_Research	F-score: 0.667
IOL_Research	F-score: 0.651
IOL_Research	F-score: 0.655
IOL_Research	F-score: 0.542
IOL_Research	F-score: 0.750
IOL_Research	F-score: 0.817
IOL_Research	F-score: 0.643
IOL_Research	F-score: 0.400
IOL_Research	F-score: 0.200
IOL_Research	F-score: 0.610
IOL_Research	F-score: 0.222
IOL_Research	F-score: 0.769
IOL_Research	F-score: 0.475
IOL_Research	F-score: 0.711
IOL_Research	F-score: 0.556
IOL_Research	F-score: 0.427
IOL_Research	F-score: 0.698
IOL_Research	F-score: 0.448
IOL_Research	F-score: 0.467
IOL_Research	F-score: 0.857
IOL_Research	F-score: 0.286
IOL_Research	F-score: 0.686
IOL_Research	F-score: 0.848
IOL_Research	F-score: 0.609
IOL_Research	F-score: 1.000
IOL_Research	F-score: 0.323
IOL_Research	F-score: 0.557
IOL_Research	F-score: 0.571
IOL_Research	F-score: 0.417
IOL_Research	F-score: 0.471
IOL_Research	F-score: 0.465
IOL_Research	F-score: 0.439
IOL_Research	F-score: 0.625
IOL_Research	F-score: 0.381
IOL_Research	F-score: 0.213
IOL_Research	F-score: 0.286
IOL_Research	F-score: 0.500
IOL_Research	F-score: 0.571
IOL_Research	F-score: 0.167
IOL_Research	F-score: 0.380
IOL_Research	F-score: 0.492
IOL_Research	F-score: 1.000
IOL_Research	F-score: 0.667
IOL_Research	F-score: 0.372
IOL_Research	F-score: 0.313
IOL_Research	F-score: 0.667
IOL_Research	F-score: 0.909
IOL_Research	F-score: 0.316
IOL_Research	F-score: 0.346
IOL_Research	F-score: 0.308
IOL_Research	F-score: 0.455
IOL_Research	F-score: 0.300
IOL_Research	F-score: 0.500
IOL_Research	F-score: 0.672
IOL_Research	F-score: 0.471
IOL_Research	F-score: 0.348
IOL_Research	F-score: 0.638
IOL_Research	F-score: 0.947
IOL_Research	F-score: 0.484
IOL_Research	F-score: 1.000
IOL_Research	F-score: 0.485
IOL_Research	F-score: 0.714
IOL_Research	F-score: 0.500
IOL_Research	F-score: 0.435
IOL_Research	F-score: 0.385
IOL_Research	F-score: 0.091
IOL_Research	F-score: 0.455
IOL_Research	F-score: 0.480
IOL_Research	F-score: 0.500
IOL_Research	F-score: 1.000
IOL_Research	F-score: 0.348
IOL_Research	F-score: 0.541
IOL_Research	F-score: 0.545
IOL_Research	F-score: 1.000
IOL_Research	F-score: 1.000
IOL_Research	F-score: 0.685
IOL_Research	F-score: 0.377
IOL_Research	F-score: 0.625
IOL_Research	F-score: 0.431
IOL_Research	F-score: 0.591
IOL_Research	F-score: 0.621
IOL_Research	F-score: 0.286
IOL_Research	F-score: 1.000
IOL_Research	F-score: 0.706
IOL_Research	F-score: 0.476
IOL_Research	F-score: 0.647
IOL_Research	F-score: 0.750
IOL_Research	F-score: 0.167
IOL_Research	F-score: 0.250
IOL_Research	F-score: 0.200
IOL_Research	F-score: 0.600
IOL_Research	F-score: 0.286
IOL_Research	F-score: 0.714
IOL_Research	F-score: 0.341
IOL_Research	F-score: 0.488
IOL_Research	F-score: 0.571
IOL_Research	F-score: 0.600
IOL_Research	F-score: 0.379
IOL_Research	F-score: 0.400
IOL_Research	F-score: 0.493
IOL_Research	F-score: 0.531
IOL_Research	F-score: 0.462
IOL_Research	F-score: 0.476
IOL_Research	F-score: 0.643
IOL_Research	F-score: 1.000
IOL_Research	F-score: 0.571
IOL_Research	F-score: 0.278
IOL_Research	F-score: 0.609
IOL_Research	F-score: 0.375
IOL_Research	F-score: 0.377
IOL_Research	F-score: 0.529
IOL_Research	F-score: 0.400
IOL_Research	F-score: 0.465
IOL_Research	F-score: 0.542
IOL_Research	F-score: 0.692
IOL_Research	F-score: 0.700
IOL_Research	F-score: 0.816
IOL_Research	F-score: 0.637
IOL_Research	F-score: 0.769
IOL_Research	F-score: 0.640
IOL_Research	F-score: 0.936
IOL_Research	F-score: 0.894
IOL_Research	F-score: 0.769
IOL_Research	F-score: 0.561
IOL_Research	F-score: 0.564
IOL_Research	F-score: 0.635
IOL_Research	F-score: 0.585
IOL_Research	F-score: 0.733
IOL_Research	F-score: 0.593
IOL_Research	F-score: 0.660
IOL_Research	F-score: 0.537
IOL_Research	F-score: 0.627
IOL_Research	F-score: 0.585
IOL_Research	F-score: 0.518
IOL_Research	F-score: 0.833
IOL_Research	F-score: 0.593
IOL_Research	F-score: 0.765
IOL_Research	F-score: 0.481
IOL_Research	F-score: 0.558
IOL_Research	F-score: 0.524
IOL_Research	F-score: 0.691
IOL_Research	F-score: 0.393
IOL_Research	F-score: 0.377
IOL_Research	F-score: 0.394
IOL_Research	F-score: 0.582
IOL_Research	F-score: 0.569
IOL_Research	F-score: 0.615
IOL_Research	F-score: 0.507
IOL_Research	F-score: 0.471
IOL_Research	F-score: 0.636
IOL_Research	F-score: 0.538
IOL_Research	F-score: 0.587
IOL_Research	F-score: 0.729
IOL_Research	F-score: 0.496
IOL_Research	F-score: 0.545
IOL_Research	F-score: 0.571
IOL_Research	F-score: 0.355
IOL_Research	F-score: 0.283
IOL_Research	F-score: 0.279
IOL_Research	F-score: 0.282
IOL_Research	F-score: 0.262
IOL_Research	F-score: 0.325
IOL_Research	F-score: 0.466
IOL_Research	F-score: 0.312
IOL_Research	F-score: 0.247
IOL_Research	F-score: 0.453
IOL_Research	F-score: 0.355
IOL_Research	F-score: 0.376
IOL_Research	F-score: 0.254
IOL_Research	F-score: 0.274
IOL_Research	F-score: 0.393
IOL_Research	F-score: 0.307
IOL_Research	F-score: 0.583
IOL_Research	F-score: 0.389
IOL_Research	F-score: 0.667
IOL_Research	F-score: 0.431
IOL_Research	F-score: 0.690
IOL_Research	F-score: 0.667
IOL_Research	F-score: 0.582
IOL_Research	F-score: 0.538
IOL_Research	F-score: 0.750
IOL_Research	F-score: 0.509
IOL_Research	F-score: 0.519
IOL_Research	F-score: 0.400
IOL_Research	F-score: 0.756
IOL_Research	F-score: 0.508
IOL_Research	F-score: 0.389
IOL_Research	F-score: 0.326
IOL_Research	F-score: 0.437
IOL_Research	F-score: 0.297
IOL_Research	F-score: 0.341
IOL_Research	F-score: 0.305
IOL_Research	F-score: 0.530
IOL_Research	F-score: 0.429
IOL_Research	F-score: 0.293
IOL_Research	F-score: 0.839
IOL_Research	F-score: 0.471
IOL_Research	F-score: 0.721
IOL_Research	F-score: 0.559
IOL_Research	F-score: 0.545
IOL_Research	F-score: 0.347
IOL_Research	F-score: 0.667
IOL_Research	F-score: 0.324
IOL_Research	F-score: 0.604
IOL_Research	F-score: 0.617
IOL_Research	F-score: 0.364
IOL_Research	F-score: 0.809
IOL_Research	F-score: 0.749
IOL_Research	F-score: 0.546
IOL_Research	F-score: 0.542
IOL_Research	F-score: 0.581
IOL_Research	F-score: 0.523
IOL_Research	F-score: 0.516
IOL_Research	F-score: 0.403
IOL_Research	F-score: 0.344
IOL_Research	F-score: 0.435
IOL_Research	F-score: 0.336
IOL_Research	F-score: 0.312
IOL_Research	F-score: 0.200
IOL_Research	F-score: 0.462
IOL_Research	F-score: 0.300
IOL_Research	F-score: 0.500
IOL_Research	F-score: 0.476
IOL_Research	F-score: 0.541
IOL_Research	F-score: 0.436
IOL_Research	F-score: 0.551
IOL_Research	F-score: 0.638
IOL_Research	F-score: 0.456
IOL_Research	F-score: 0.821
IOL_Research	F-score: 0.646
IOL_Research	F-score: 0.714
IOL_Research	F-score: 0.757
IOL_Research	F-score: 0.374
IOL_Research	F-score: 0.230
IOL_Research	F-score: 0.344
IOL_Research	F-score: 0.378
IOL_Research	F-score: 0.299
IOL_Research	F-score: 0.600
IOL_Research	F-score: 0.465
IOL_Research	F-score: 0.500
IOL_Research	F-score: 0.386
IOL_Research	F-score: 0.488
IOL_Research	F-score: 0.346
IOL_Research	F-score: 0.437
IOL_Research	F-score: 0.385
IOL_Research	F-score: 0.625
IOL_Research	F-score: 0.564
IOL_Research	F-score: 0.963
IOL_Research	F-score: 0.818
IOL_Research	F-score: 0.748
IOL_Research	F-score: 0.667
IOL_Research	F-score: 0.576
IOL_Research	F-score: 0.821
IOL_Research	F-score: 0.783
IOL_Research	F-score: 0.636
IOL_Research	F-score: 0.350
IOL_Research	F-score: 0.476
IOL_Research	F-score: 0.335
IOL_Research	F-score: 0.419
IOL_Research	F-score: 0.533
IOL_Research	F-score: 0.481
IOL_Research	F-score: 0.438
IOL_Research	F-score: 0.182
IOL_Research	F-score: 0.552
IOL_Research	F-score: 0.615
IOL_Research	F-score: 0.634
IOL_Research	F-score: 0.720
IOL_Research	F-score: 0.742
IOL_Research	F-score: 0.800
IOL_Research	F-score: 0.774
IOL_Research	F-score: 0.514
IOL_Research	F-score: 0.658
IOL_Research	F-score: 0.854
IOL_Research	F-score: 0.551
IOL_Research	F-score: 0.419
IOL_Research	F-score: 0.432
IOL_Research	F-score: 0.345
IOL_Research	F-score: 0.545
IOL_Research	F-score: 0.328
IOL_Research	F-score: 0.414
IOL_Research	F-score: 0.373
IOL_Research	F-score: 0.598
IOL_Research	F-score: 0.500
IOL_Research	F-score: 0.485
IOL_Research	F-score: 0.566
IOL_Research	F-score: 0.644
IOL_Research	F-score: 0.507
IOL_Research	F-score: 0.648
IOL_Research	F-score: 0.625
IOL_Research	F-score: 0.652
IOL_Research	F-score: 0.667
IOL_Research	F-score: 0.552
IOL_Research	F-score: 0.581
IOL_Research	F-score: 0.519
IOL_Research	F-score: 0.639
IOL_Research	F-score: 0.470
IOL_Research	F-score: 0.875
IOL_Research	F-score: 0.588
IOL_Research	F-score: 0.774
IOL_Research	F-score: 0.532
IOL_Research	F-score: 0.454
IOL_Research	F-score: 0.529
IOL_Research	F-score: 0.643
IOL_Research	F-score: 0.381
IOL_Research	F-score: 0.417
IOL_Research	F-score: 0.299
IOL_Research	F-score: 0.222
IOL_Research	F-score: 0.326
IOL_Research	F-score: 0.333
IOL_Research	F-score: 0.378
IOL_Research	F-score: 0.300
IOL_Research	F-score: 0.383
IOL_Research	F-score: 0.316
IOL_Research	F-score: 0.370
IOL_Research	F-score: 0.200
IOL_Research	F-score: 0.468
IOL_Research	F-score: 0.419
IOL_Research	F-score: 0.742
IOL_Research	F-score: 0.634
IOL_Research	F-score: 0.483
IOL_Research	F-score: 0.631
IOL_Research	F-score: 0.584
IOL_Research	F-score: 1.000
IOL_Research	F-score: 0.507
IOL_Research	F-score: 0.469
IOL_Research	F-score: 0.465
IOL_Research	F-score: 0.397
IOL_Research	F-score: 0.488
IOL_Research	F-score: 0.529
IOL_Research	F-score: 0.875
IOL_Research	F-score: 0.506
IOL_Research	F-score: 0.454
IOL_Research	F-score: 0.371
IOL_Research	F-score: 0.686
IOL_Research	F-score: 0.486
IOL_Research	F-score: 0.481
IOL_Research	F-score: 0.578
IOL_Research	F-score: 0.682
IOL_Research	F-score: 0.521
IOL_Research	F-score: 0.373
IOL_Research	F-score: 0.500
IOL_Research	F-score: 0.627
IOL_Research	F-score: 0.702
IOL_Research	F-score: 0.692
IOL_Research	F-score: 0.705
IOL_Research	F-score: 0.611
IOL_Research	F-score: 0.763
IOL_Research	F-score: 0.549
IOL_Research	F-score: 0.533
IOL_Research	F-score: 0.565
IOL_Research	F-score: 0.673
IOL_Research	F-score: 0.667
IOL_Research	F-score: 0.821
IOL_Research	F-score: 0.857
IOL_Research	F-score: 0.641
IOL_Research	F-score: 0.661
IOL_Research	F-score: 0.767
IOL_Research	F-score: 0.526
IOL_Research	F-score: 0.791
IOL_Research	F-score: 0.714
IOL_Research	F-score: 0.683
IOL_Research	F-score: 0.871
IOL_Research	F-score: 0.882
IOL_Research	F-score: 0.667
IOL_Research	F-score: 0.544
IOL_Research	F-score: 0.725
IOL_Research	F-score: 0.613
IOL_Research	F-score: 0.696
IOL_Research	F-score: 0.586
IOL_Research	F-score: 0.672
IOL_Research	F-score: 0.464
IOL_Research	F-score: 0.744
IOL_Research	F-score: 0.683
IOL_Research	F-score: 0.846
IOL_Research	F-score: 0.708
IOL_Research	F-score: 0.886
IOL_Research	F-score: 0.489
IOL_Research	F-score: 0.562
IOL_Research	F-score: 0.521
IOL_Research	F-score: 0.571
IOL_Research	F-score: 0.731
IOL_Research	F-score: 0.456
IOL_Research	F-score: 0.625
IOL_Research	F-score: 0.614
IOL_Research	F-score: 0.733
IOL_Research	F-score: 0.538
IOL_Research	F-score: 0.618
IOL_Research	F-score: 0.411
IOL_Research	F-score: 0.690
IOL_Research	F-score: 0.638
IOL_Research	F-score: 0.582
IOL_Research	F-score: 0.704
IOL_Research	F-score: 0.641
IOL_Research	F-score: 0.207
IOL_Research	F-score: 0.551
IOL_Research	F-score: 0.840
IOL_Research	F-score: 0.787
IOL_Research	F-score: 0.667
IOL_Research	F-score: 0.674
IOL_Research	F-score: 0.701
IOL_Research	F-score: 0.829
IOL_Research	F-score: 0.828
IOL_Research	F-score: 0.745
IOL_Research	F-score: 0.760
IOL_Research	F-score: 0.851
IOL_Research	F-score: 0.935
IOL_Research	F-score: 0.683
IOL_Research	F-score: 0.538
IOL_Research	F-score: 1.000
IOL_Research	F-score: 0.861
IOL_Research	F-score: 0.766
IOL_Research	F-score: 0.286
IOL_Research	F-score: 0.819
IOL_Research	F-score: 0.971
IOL_Research	F-score: 0.557
IOL_Research	F-score: 0.911
IOL_Research	F-score: 0.736
IOL_Research	F-score: 0.600
IOL_Research	F-score: 0.784
IOL_Research	F-score: 0.750
IOL_Research	F-score: 0.820
IOL_Research	F-score: 0.750
IOL_Research	F-score: 0.521
IOL_Research	F-score: 0.634
IOL_Research	F-score: 0.818
IOL_Research	F-score: 0.588
IOL_Research	F-score: 0.542
IOL_Research	F-score: 0.708
IOL_Research	F-score: 0.567
IOL_Research	F-score: 0.788
IOL_Research	F-score: 0.617
IOL_Research	F-score: 0.724
IOL_Research	F-score: 0.722
IOL_Research	F-score: 0.750
IOL_Research	F-score: 0.800
IOL_Research	F-score: 0.532
IOL_Research	F-score: 0.564
IOL_Research	F-score: 0.406
IOL_Research	F-score: 0.558
IOL_Research	F-score: 0.538
IOL_Research	F-score: 0.750
IOL_Research	F-score: 0.593
IOL_Research	F-score: 0.706
IOL_Research	F-score: 0.655
IOL_Research	F-score: 0.667
IOL_Research	F-score: 0.753
IOL_Research	F-score: 0.850
IOL_Research	F-score: 0.833
IOL_Research	F-score: 0.867
IOL_Research	F-score: 1.000
IOL_Research	F-score: 0.704
IOL_Research	F-score: 0.750
IOL_Research	F-score: 0.632
IOL_Research	F-score: 0.667
IOL_Research	F-score: 0.571
IOL_Research	F-score: 0.415
IOL_Research	F-score: 0.680
IOL_Research	F-score: 0.610
IOL_Research	F-score: 0.578
IOL_Research	F-score: 0.750
IOL_Research	F-score: 0.750
IOL_Research	F-score: 1.000
IOL_Research	F-score: 0.828
IOL_Research	F-score: 0.750
IOL_Research	F-score: 0.654
IOL_Research	F-score: 0.750
IOL_Research	F-score: 0.889
IOL_Research	F-score: 0.750
IOL_Research	F-score: 1.000
IOL_Research	F-score: 0.846
IOL_Research	F-score: 0.784
IOL_Research	F-score: 0.432
IOL_Research	F-score: 0.765
IOL_Research	F-score: 0.865
IOL_Research	F-score: 0.762
IOL_Research	F-score: 0.844
IOL_Research	F-score: 0.750
IOL_Research	F-score: 1.000
IOL_Research	F-score: 0.600
IOL_Research	F-score: 0.697
IOL_Research	F-score: 0.537
IOL_Research	F-score: 0.800
IOL_Research	F-score: 0.792
IOL_Research	F-score: 0.485
IOL_Research	F-score: 0.750
IOL_Research	F-score: 0.720
IOL_Research	F-score: 0.667
IOL_Research	F-score: 0.818
IOL_Research	F-score: 0.792
IOL_Research	F-score: 0.755
IOL_Research	F-score: 0.537
IOL_Research	F-score: 0.808
IOL_Research	F-score: 0.738
IOL_Research	F-score: 0.762
IOL_Research	F-score: 0.667
IOL_Research	F-score: 0.850
IOL_Research	F-score: 0.525
IOL_Research	F-score: 0.600
IOL_Research	F-score: 0.800
IOL_Research	F-score: 0.605
IOL_Research	F-score: 0.779
IOL_Research	F-score: 0.721
IOL_Research	F-score: 0.636
IOL_Research	F-score: 0.819
IOL_Research	F-score: 0.718
IOL_Research	F-score: 0.618
IOL_Research	F-score: 0.585
IOL_Research	F-score: 0.817
IOL_Research	F-score: 0.700
IOL_Research	F-score: 0.546
IOL_Research	F-score: 0.667
IOL_Research	F-score: 0.920
IOL_Research	F-score: 0.795
IOL_Research	F-score: 0.892
IOL_Research	F-score: 0.885
IOL_Research	F-score: 0.704
IOL_Research	F-score: 0.729
IOL_Research	F-score: 0.540
IOL_Research	F-score: 0.737
IOL_Research	F-score: 0.604
IOL_Research	F-score: 0.857
IOL_Research	F-score: 0.432
IOL_Research	F-score: 0.887
IOL_Research	F-score: 0.688
IOL_Research	F-score: 0.692
IOL_Research	F-score: 0.608
IOL_Research	F-score: 0.681
IOL_Research	F-score: 0.814
IOL_Research	F-score: 0.528
IOL_Research	F-score: 0.636
IOL_Research	F-score: 0.606
IOL_Research	F-score: 0.820
IOL_Research	F-score: 0.700
IOL_Research	F-score: 0.744
IOL_Research	F-score: 0.821
IOL_Research	F-score: 0.653
IOL_Research	F-score: 0.541
IOL_Research	F-score: 0.658
IOL_Research	F-score: 0.618
IOL_Research	F-score: 0.586
IOL_Research	F-score: 0.674
IOL_Research	F-score: 0.431
IOL_Research	F-score: 0.566
IOL_Research	F-score: 0.635
IOL_Research	F-score: 0.717
IOL_Research	F-score: 0.576
IOL_Research	F-score: 0.597
IOL_Research	F-score: 0.639
IOL_Research	F-score: 0.529
IOL_Research	F-score: 0.674
IOL_Research	F-score: 0.421
IOL_Research	F-score: 0.587
IOL_Research	F-score: 0.686
IOL_Research	F-score: 0.850
IOL_Research	F-score: 0.200
IOL_Research	F-score: 0.451
IOL_Research	F-score: 0.531
IOL_Research	F-score: 0.646
IOL_Research	F-score: 0.737
IOL_Research	F-score: 0.466
IOL_Research	F-score: 0.926
IOL_Research	F-score: 0.667
IOL_Research	F-score: 0.516
IOL_Research	F-score: 0.500
IOL_Research	F-score: 0.857
IOL_Research	F-score: 0.650
IOL_Research	F-score: 0.511
IOL_Research	F-score: 0.851
IOL_Research	F-score: 0.655
IOL_Research	F-score: 0.754
IOL_Research	F-score: 0.764
IOL_Research	F-score: 0.816
IOL_Research	F-score: 0.719
IOL_Research	F-score: 0.674
IOL_Research	F-score: 0.706
IOL_Research	F-score: 0.744
IOL_Research	F-score: 0.667
IOL_Research	F-score: 0.829
IOL_Research	F-score: 0.641
IOL_Research	F-score: 0.672
IOL_Research	F-score: 0.842
IOL_Research	F-score: 0.703
IOL_Research	F-score: 0.581
IOL_Research	F-score: 0.571
IOL_Research	F-score: 0.962
IOL_Research	F-score: 0.681
IOL_Research	F-score: 0.773
IOL_Research	F-score: 0.659
IOL_Research	F-score: 0.831
IOL_Research	F-score: 0.838
IOL_Research	F-score: 0.650
IOL_Research	F-score: 0.586
IOL_Research	F-score: 0.646
IOL_Research	F-score: 0.542
IOL_Research	F-score: 0.524
IOL_Research	F-score: 0.575
IOL_Research	F-score: 0.609
IOL_Research	F-score: 0.624
IOL_Research	F-score: 0.716
IOL_Research	F-score: 0.661
IOL_Research	F-score: 0.653
IOL_Research	F-score: 0.608
IOL_Research	F-score: 0.554
IOL_Research	F-score: 0.589
IOL_Research	F-score: 0.464
IOL_Research	F-score: 0.619
IOL_Research	F-score: 0.322
IOL_Research	F-score: 0.358
IOL_Research	F-score: 0.580
IOL_Research	F-score: 0.571
IOL_Research	F-score: 0.462
IOL_Research	F-score: 0.696
IOL_Research	F-score: 0.552
IOL_Research	F-score: 0.529
IOL_Research	F-score: 0.541
IOL_Research	F-score: 0.613
IOL_Research	F-score: 0.618
IOL_Research	F-score: 0.640
IOL_Research	F-score: 0.505
IOL_Research	F-score: 0.712
IOL_Research	F-score: 0.771
IOL_Research	F-score: 0.653
IOL_Research	F-score: 0.754
IOL_Research	F-score: 0.596
IOL_Research	F-score: 0.552
IOL_Research	F-score: 0.692
IOL_Research	F-score: 0.889
IOL_Research	F-score: 0.579
IOL_Research	F-score: 0.588
IOL_Research	F-score: 0.405
IOL_Research	F-score: 0.591
IOL_Research	F-score: 0.601
IOL_Research	F-score: 0.614
IOL_Research	F-score: 0.599
IOL_Research	F-score: 0.571
IOL_Research	F-score: 0.542
IOL_Research	F-score: 0.758
IOL_Research	F-score: 0.517
IOL_Research	F-score: 0.594
IOL_Research	F-score: 0.594
IOL_Research	F-score: 0.573
IOL_Research	F-score: 0.617
IOL_Research	F-score: 0.519
IOL_Research	F-score: 0.429
IOL_Research	F-score: 0.667
IOL_Research	F-score: 0.345
IOL_Research	F-score: 0.476
IOL_Research	F-score: 0.597
IOL_Research	F-score: 0.639
IOL_Research	F-score: 0.600
IOL_Research	F-score: 0.605
IOL_Research	F-score: 0.549
IOL_Research	F-score: 0.706
IOL_Research	F-score: 0.378
IOL_Research	F-score: 0.636
IOL_Research	F-score: 0.474
IOL_Research	F-score: 0.639
IOL_Research	F-score: 0.909
IOL_Research	F-score: 0.653
IOL_Research	F-score: 0.634
IOL_Research	F-score: 0.696
IOL_Research	F-score: 0.500
IOL_Research	F-score: 0.645
IOL_Research	F-score: 0.523
IOL_Research	F-score: 0.618
IOL_Research	F-score: 0.648
IOL_Research	F-score: 0.544
IOL_Research	F-score: 0.717
IOL_Research	F-score: 0.716
IOL_Research	F-score: 0.786
IOL_Research	F-score: 0.731
IOL_Research	F-score: 0.800
IOL_Research	F-score: 0.943
IOL_Research	F-score: 0.879
IOL_Research	F-score: 0.918
IOL_Research	F-score: 0.696
IOL_Research	F-score: 0.717
IOL_Research	F-score: 0.919
IOL_Research	F-score: 0.760
IOL_Research	F-score: 0.791
IOL_Research	F-score: 0.636
IOL_Research	F-score: 0.738
IOL_Research	F-score: 0.861
IOL_Research	F-score: 0.583
IOL_Research	F-score: 0.842
IOL_Research	F-score: 0.606
IOL_Research	F-score: 0.823
IOL_Research	F-score: 0.541
IOL_Research	F-score: 0.769
IOL_Research	F-score: 0.458
IOL_Research	F-score: 0.782
IOL_Research	F-score: 0.472
IOL_Research	F-score: 0.680
IOL_Research	F-score: 0.629
IOL_Research	F-score: 0.735
IOL_Research	F-score: 0.707
IOL_Research	F-score: 0.667
IOL_Research	F-score: 0.760
IOL_Research	F-score: 0.870
IOL_Research	F-score: 0.796
IOL_Research	F-score: 0.696
IOL_Research	F-score: 0.624
IOL_Research	F-score: 0.628
IOL_Research	F-score: 0.619
IOL_Research	F-score: 0.392
IOL_Research	F-score: 0.684
IOL_Research	F-score: 0.676
IOL_Research	F-score: 0.615
IOL_Research	F-score: 0.614
IOL_Research	F-score: 0.721
IOL_Research	F-score: 0.560
IOL_Research	F-score: 0.733
IOL_Research	F-score: 0.481
IOL_Research	F-score: 0.596
IOL_Research	F-score: 0.700
IOL_Research	F-score: 0.857
IOL_Research	F-score: 0.525
IOL_Research	F-score: 0.738
IOL_Research	F-score: 0.500
IOL_Research	F-score: 0.766
IOL_Research	F-score: 0.774
IOL_Research	F-score: 0.456
IOL_Research	F-score: 0.792
IOL_Research	F-score: 0.750
IOL_Research	F-score: 0.846
IOL_Research	F-score: 0.500
IOL_Research	F-score: 0.694
IOL_Research	F-score: 0.986
IOL_Research	F-score: 0.871
IOL_Research	F-score: 0.926
IOL_Research	F-score: 0.769
IOL_Research	F-score: 0.735
IOL_Research	F-score: 0.723
IOL_Research	F-score: 0.772
IOL_Research	F-score: 0.476
IOL_Research	F-score: 0.792
IOL_Research	F-score: 0.689
IOL_Research	F-score: 0.889
IOL_Research	F-score: 0.222
IOL_Research	F-score: 0.764
IOL_Research	F-score: 0.862
IOL_Research	F-score: 0.581
IOL_Research	F-score: 0.936
IOL_Research	F-score: 0.824
IOL_Research	F-score: 0.845
IOL_Research	F-score: 0.759
IOL_Research	F-score: 0.857
IOL_Research	F-score: 0.660
IOL_Research	F-score: 0.606
IOL_Research	F-score: 0.627
IOL_Research	F-score: 0.686
IOL_Research	F-score: 0.514
IOL_Research	F-score: 0.792
IOL_Research	F-score: 0.887
IOL_Research	F-score: 0.909
IOL_Research	F-score: 1.000
IOL_Research	F-score: 0.750
IOL_Research	F-score: 0.909
IOL_Research	F-score: 0.638
IOL_Research	F-score: 0.587
IOL_Research	F-score: 0.375
IOL_Research	F-score: 0.800
IOL_Research	F-score: 0.629
IOL_Research	F-score: 0.778
IOL_Research	F-score: 0.525
IOL_Research	F-score: 0.818
IOL_Research	F-score: 0.786
IOL_Research	F-score: 0.850
IOL_Research	F-score: 1.000
IOL_Research	F-score: 0.884
IOL_Research	F-score: 1.000
IOL_Research	F-score: 0.747
IOL_Research	F-score: 0.812
IOL_Research	F-score: 0.674
IOL_Research	F-score: 0.500
IOL_Research	F-score: 0.541
IOL_Research	F-score: 0.923
IOL_Research	F-score: 0.805
IOL_Research	F-score: 0.853
IOL_Research	F-score: 0.873
IOL_Research	F-score: 0.819
IOL_Research	F-score: 0.571
IOL_Research	F-score: 0.898
IOL_Research	F-score: 0.882
IOL_Research	F-score: 0.736
IOL_Research	F-score: 0.807
IOL_Research	F-score: 0.814
IOL_Research	F-score: 0.696
IOL_Research	F-score: 0.737
IOL_Research	F-score: 0.389
IOL_Research	F-score: 0.711
IOL_Research	F-score: 0.523
IOL_Research	F-score: 0.750
IOL_Research	F-score: 0.786
IOL_Research	F-score: 0.571
IOL_Research	F-score: 0.811
IOL_Research	F-score: 0.739
IOL_Research	F-score: 0.891
IOL_Research	F-score: 0.690
IOL_Research	F-score: 0.594
IOL_Research	F-score: 0.696
IOL_Research	F-score: 0.787
IOL_Research	F-score: 0.564
IOL_Research	F-score: 0.870
IOL_Research	F-score: 0.667
IOL_Research	F-score: 0.548
IOL_Research	F-score: 0.839
IOL_Research	F-score: 0.568
IOL_Research	F-score: 0.779
IOL_Research	F-score: 0.909
IOL_Research	F-score: 0.345
IOL_Research	F-score: 0.862
IOL_Research	F-score: 0.885
IOL_Research	F-score: 0.778
IOL_Research	F-score: 0.528
IOL_Research	F-score: 0.500
IOL_Research	F-score: 0.707
IOL_Research	F-score: 0.844
IOL_Research	F-score: 0.755
IOL_Research	F-score: 0.843
IOL_Research	F-score: 0.602
IOL_Research	F-score: 0.723
IOL_Research	F-score: 0.701
IOL_Research	F-score: 0.707
IOL_Research	F-score: 0.746
IOL_Research	F-score: 0.780
IOL_Research	F-score: 0.708
IOL_Research	F-score: 0.800
IOL_Research	F-score: 0.757
IOL_Research	F-score: 0.759
IOL_Research	F-score: 0.770
IOL_Research	F-score: 0.943
IOL_Research	F-score: 0.753
IOL_Research	F-score: 0.500
IOL_Research	F-score: 0.500
IOL_Research	F-score: 0.748
IOL_Research	F-score: 0.878
IOL_Research	F-score: 0.736
IOL_Research	F-score: 0.734
IOL_Research	F-score: 0.717
IOL_Research	F-score: 0.812
IOL_Research	F-score: 0.900
IOL_Research	F-score: 0.589
IOL_Research	F-score: 0.480
IOL_Research	F-score: 0.750
IOL_Research	F-score: 0.620
IOL_Research	F-score: 0.591
IOL_Research	F-score: 0.914
IOL_Research	F-score: 0.750
IOL_Research	F-score: 0.800
IOL_Research	F-score: 0.714
IOL_Research	F-score: 0.895
IOL_Research	F-score: 0.699
IOL_Research	F-score: 0.652
IOL_Research	F-score: 0.500
IOL_Research	F-score: 0.786
IOL_Research	F-score: 1.000
IOL_Research	F-score: 0.775
IOL_Research	F-score: 0.636
IOL_Research	F-score: 0.800
IOL_Research	F-score: 0.782
IOL_Research	F-score: 0.894
IOL_Research	F-score: 0.900
IOL_Research	F-score: 0.857
IOL_Research	F-score: 0.844
IOL_Research	F-score: 0.689
IOL_Research	F-score: 0.619
IOL_Research	F-score: 0.524
IOL_Research	F-score: 0.603
IOL_Research	F-score: 0.593
IOL_Research	F-score: 0.752
IOL_Research	F-score: 0.537
IOL_Research	F-score: 0.610
IOL_Research	F-score: 0.590
IOL_Research	F-score: 0.621
IOL_Research	F-score: 0.694
IOL_Research	F-score: 0.730
IOL_Research	F-score: 0.718
IOL_Research	F-score: 0.549
IOL_Research	F-score: 0.550
IOL_Research	F-score: 0.552
IOL_Research	F-score: 0.407
IOL_Research	F-score: 0.667
IOL_Research	F-score: 0.553
IOL_Research	F-score: 0.809
IOL_Research	F-score: 1.000
IOL_Research	F-score: 0.346
IOL_Research	F-score: 1.000
IOL_Research	F-score: 0.385
IOL_Research	F-score: 0.409
IOL_Research	F-score: 0.382
IOL_Research	F-score: 0.465
IOL_Research	F-score: 1.000
IOL_Research	F-score: 0.667
IOL_Research	F-score: 0.536
IOL_Research	F-score: 0.615
IOL_Research	F-score: 0.472
IOL_Research	F-score: 0.514
IOL_Research	F-score: 0.240
IOL_Research	F-score: 1.000
IOL_Research	F-score: 0.364
IOL_Research	F-score: 0.335
IOL_Research	F-score: 0.742
IOL_Research	F-score: 0.703
IOL_Research	F-score: 0.536
IOL_Research	F-score: 0.489
IOL_Research	F-score: 0.441
IOL_Research	F-score: 0.444
IOL_Research	F-score: 0.526
IOL_Research	F-score: 0.524
IOL_Research	F-score: 0.771
IOL_Research	F-score: 0.633
IOL_Research	F-score: 1.000
IOL_Research	F-score: 0.625
IOL_Research	F-score: 0.625
IOL_Research	F-score: 0.867
IOL_Research	F-score: 0.625
IOL_Research	F-score: 0.353
IOL_Research	F-score: 0.417
IOL_Research	F-score: 0.627
IOL_Research	F-score: 0.517
IOL_Research	F-score: 0.432
IOL_Research	F-score: 1.000
IOL_Research	F-score: 0.505
IOL_Research	F-score: 0.769
IOL_Research	F-score: 0.800
IOL_Research	F-score: 0.429
IOL_Research	F-score: 0.529
IOL_Research	F-score: 0.875
IOL_Research	F-score: 0.900
IOL_Research	F-score: 0.320
IOL_Research	F-score: 0.481
IOL_Research	F-score: 0.320
IOL_Research	F-score: 0.436
IOL_Research	F-score: 0.576
IOL_Research	F-score: 0.632
IOL_Research	F-score: 0.484
IOL_Research	F-score: 0.585
IOL_Research	F-score: 0.762
IOL_Research	F-score: 0.788
IOL_Research	F-score: 0.436
IOL_Research	F-score: 0.581
IOL_Research	F-score: 0.551
IOL_Research	F-score: 0.533
IOL_Research	F-score: 0.493
IOL_Research	F-score: 0.557
IOL_Research	F-score: 0.343
IOL_Research	F-score: 0.382
IOL_Research	F-score: 0.818
IOL_Research	F-score: 0.535
IOL_Research	F-score: 0.513
IOL_Research	F-score: 0.576
IOL_Research	F-score: 0.514
IOL_Research	F-score: 0.583
IOL_Research	F-score: 0.636
IOL_Research	F-score: 0.426
IOL_Research	F-score: 0.833
IOL_Research	F-score: 0.491
IOL_Research	F-score: 0.483
IOL_Research	F-score: 0.341
IOL_Research	F-score: 0.377
IOL_Research	F-score: 0.494
IOL_Research	F-score: 0.600
IOL_Research	F-score: 0.420
IOL_Research	F-score: 0.621
IOL_Research	F-score: 0.570
IOL_Research	F-score: 0.646
IOL_Research	F-score: 1.000
IOL_Research	F-score: 0.699
IOL_Research	F-score: 0.507
IOL_Research	F-score: 0.500
IOL_Research	F-score: 0.556
IOL_Research	F-score: 0.697
IOL_Research	F-score: 0.395
IOL_Research	F-score: 0.484
IOL_Research	F-score: 0.600
IOL_Research	F-score: 0.250
IOL_Research	F-score: 0.364
IOL_Research	F-score: 0.362
IOL_Research	F-score: 0.478
IOL_Research	F-score: 0.368
IOL_Research	F-score: 0.667
IOL_Research	F-score: 1.000
IOL_Research	F-score: 0.347
IOL_Research	F-score: 1.000
IOL_Research	F-score: 0.324
IOL_Research	F-score: 0.750
IOL_Research	F-score: 0.510
IOL_Research	F-score: 0.511
IOL_Research	F-score: 0.509
IOL_Research	F-score: 0.453
IOL_Research	F-score: 0.438
IOL_Research	F-score: 0.533
IOL_Research	F-score: 0.424
IOL_Research	F-score: 0.244
IOL_Research	F-score: 0.453
IOL_Research	F-score: 0.525
IOL_Research	F-score: 0.609
IOL_Research	F-score: 0.630
IOL_Research	F-score: 0.591
IOL_Research	F-score: 0.588
IOL_Research	F-score: 0.429
IOL_Research	F-score: 0.923
IOL_Research	F-score: 0.447
IOL_Research	F-score: 0.750
IOL_Research	F-score: 0.447
IOL_Research	F-score: 0.395
IOL_Research	F-score: 0.667
IOL_Research	F-score: 0.244
IOL_Research	F-score: 0.556
IOL_Research	F-score: 0.727
IOL_Research	F-score: 0.382
IOL_Research	F-score: 0.611
IOL_Research	F-score: 0.494
IOL_Research	F-score: 0.700
IOL_Research	F-score: 0.303
IOL_Research	F-score: 0.800
IOL_Research	F-score: 0.359
IOL_Research	F-score: 0.500
IOL_Research	F-score: 0.404
IOL_Research	F-score: 0.433
IOL_Research	F-score: 0.732
IOL_Research	F-score: 0.166
IOL_Research	F-score: 0.507
IOL_Research	F-score: 0.636
IOL_Research	F-score: 0.370
IOL_Research	F-score: 0.345
IOL_Research	F-score: 0.356
IOL_Research	F-score: 0.372
IOL_Research	F-score: 0.636
IOL_Research	F-score: 0.424
IOL_Research	F-score: 0.400
IOL_Research	F-score: 0.703
IOL_Research	F-score: 0.429
IOL_Research	F-score: 0.421
IOL_Research	F-score: 0.478
IOL_Research	F-score: 0.233
IOL_Research	F-score: 0.154
IOL_Research	F-score: 0.774
IOL_Research	F-score: 0.375
IOL_Research	F-score: 0.632
IOL_Research	F-score: 0.500
IOL_Research	F-score: 0.684
IOL_Research	F-score: 0.660
IOL_Research	F-score: 0.222
IOL_Research	F-score: 0.457
IOL_Research	F-score: 0.551
IOL_Research	F-score: 0.545
IOL_Research	F-score: 0.448
IOL_Research	F-score: 0.655
IOL_Research	F-score: 0.473
IOL_Research	F-score: 0.486
IOL_Research	F-score: 0.636
IOL_Research	F-score: 0.466
IOL_Research	F-score: 0.439
IOL_Research	F-score: 0.286
IOL_Research	F-score: 0.815
IOL_Research	F-score: 1.000
IOL_Research	F-score: 0.522
IOL_Research	F-score: 0.833
IOL_Research	F-score: 0.500
IOL_Research	F-score: 0.889
IOL_Research	F-score: 0.531
IOL_Research	F-score: 0.645
IOL_Research	F-score: 0.750
IOL_Research	F-score: 0.460
IOL_Research	F-score: 0.407
IOL_Research	F-score: 0.757
IOL_Research	F-score: 0.452
IOL_Research	F-score: 0.714
IOL_Research	F-score: 0.471
IOL_Research	F-score: 0.625
IOL_Research	F-score: 0.553
IOL_Research	F-score: 0.800
IOL_Research	F-score: 0.600
IOL_Research	F-score: 0.690
IOL_Research	F-score: 0.508
IOL_Research	F-score: 0.556
IOL_Research	F-score: 0.607
IOL_Research	F-score: 0.464
IOL_Research	F-score: 0.571
IOL_Research	F-score: 0.714
IOL_Research	F-score: 0.473
IOL_Research	F-score: 0.571
IOL_Research	F-score: 0.462
IOL_Research	F-score: 0.636
IOL_Research	F-score: 0.356
IOL_Research	F-score: 0.427
IOL_Research	F-score: 0.571
IOL_Research	F-score: 0.441
IOL_Research	F-score: 0.812
IOL_Research	F-score: 0.500
IOL_Research	F-score: 0.700
IOL_Research	F-score: 0.543
IOL_Research	F-score: 0.387
IOL_Research	F-score: 0.533
IOL_Research	F-score: 0.489
IOL_Research	F-score: 0.500
IOL_Research	F-score: 0.657
IOL_Research	F-score: 0.743
IOL_Research	F-score: 0.500
IOL_Research	F-score: 0.375
IOL_Research	F-score: 0.595
IOL_Research	F-score: 0.606
IOL_Research	F-score: 0.800
IOL_Research	F-score: 0.569
IOL_Research	F-score: 0.444
IOL_Research	F-score: 0.410
IOL_Research	F-score: 0.587
IOL_Research	F-score: 0.650
IOL_Research	F-score: 0.483
IOL_Research	F-score: 0.475
IOL_Research	F-score: 0.542
IOL_Research	F-score: 0.289
IOL_Research	F-score: 0.559
IOL_Research	F-score: 0.768
IOL_Research	F-score: 0.938
IOL_Research	F-score: 0.586
IOL_Research	F-score: 0.809
IOL_Research	F-score: 0.685
IOL_Research	F-score: 0.642
IOL_Research	F-score: 0.600
IOL_Research	F-score: 0.531
IOL_Research	F-score: 0.612
IOL_Research	F-score: 0.417
IOL_Research	F-score: 0.500
IOL_Research	F-score: 0.400
IOL_Research	F-score: 0.704
IOL_Research	F-score: 0.800
IOL_Research	F-score: 0.482
IOL_Research	F-score: 0.679
IOL_Research	F-score: 0.476
IOL_Research	F-score: 0.440
IOL_Research	F-score: 0.750
IOL_Research	F-score: 0.389
IOL_Research	F-score: 0.582
IOL_Research	F-score: 0.550
IOL_Research	F-score: 0.200
IOL_Research	F-score: 0.714
IOL_Research	F-score: 0.400
IOL_Research	F-score: 0.507
IOL_Research	F-score: 0.105
IOL_Research	F-score: 0.321
IOL_Research	F-score: 0.553
IOL_Research	F-score: 0.476
IOL_Research	F-score: 0.833
IOL_Research	F-score: 0.368
IOL_Research	F-score: 0.750
IOL_Research	F-score: 0.475
IOL_Research	F-score: 0.535
IOL_Research	F-score: 0.333
IOL_Research	F-score: 0.393
IOL_Research	F-score: 0.496
IOL_Research	F-score: 0.390
IOL_Research	F-score: 0.917
IOL_Research	F-score: 0.558
IOL_Research	F-score: 0.567
IOL_Research	F-score: 0.808
IOL_Research	F-score: 0.559
IOL_Research	F-score: 0.514
IOL_Research	F-score: 0.469
IOL_Research	F-score: 0.727
IOL_Research	F-score: 0.318
IOL_Research	F-score: 0.492
IOL_Research	F-score: 0.451
IOL_Research	F-score: 0.414
IOL_Research	F-score: 0.691
IOL_Research	F-score: 0.625
IOL_Research	F-score: 0.455
IOL_Research	F-score: 0.786
IOL_Research	F-score: 0.372
IOL_Research	F-score: 0.528
IOL_Research	F-score: 0.300
IOL_Research	F-score: 0.500
IOL_Research	F-score: 0.320
IOL_Research	F-score: 0.471
IOL_Research	F-score: 0.442
IOL_Research	F-score: 0.750
IOL_Research	F-score: 0.552
IOL_Research	F-score: 1.000
IOL_Research	F-score: 0.500
IOL_Research	F-score: 0.437
IOL_Research	F-score: 0.661
IOL_Research	F-score: 1.000
IOL_Research	F-score: 0.480
IOL_Research	F-score: 0.625
IOL_Research	F-score: 0.476
IOL_Research	F-score: 0.564
IOL_Research	F-score: 0.387
IOL_Research	F-score: 0.443
IOL_Research	F-score: 0.516
IOL_Research	F-score: 0.439
IOL_Research	F-score: 0.326
IOL_Research	F-score: 0.167
IOL_Research	F-score: 0.706
IOL_Research	F-score: 0.424
IOL_Research	F-score: 0.519
IOL_Research	F-score: 0.370
IOL_Research	F-score: 0.533
IOL_Research	F-score: 0.857
IOL_Research	F-score: 0.533
IOL_Research	F-score: 0.364
IOL_Research	F-score: 0.667
IOL_Research	F-score: 0.432
IOL_Research	F-score: 0.390
IOL_Research	F-score: 0.407
IOL_Research	F-score: 0.727
IOL_Research	F-score: 0.455
IOL_Research	F-score: 0.675
IOL_Research	F-score: 0.465
IOL_Research	F-score: 0.545
IOL_Research	F-score: 0.366
IOL_Research	F-score: 0.420
IOL_Research	F-score: 0.207
IOL_Research	F-score: 0.526
IOL_Research	F-score: 0.750
IOL_Research	F-score: 0.447
IOL_Research	F-score: 0.451
IOL_Research	F-score: 0.636
IOL_Research	F-score: 0.491
IOL_Research	F-score: 0.471
IOL_Research	F-score: 0.481
IOL_Research	F-score: 0.667
IOL_Research	F-score: 0.385
IOL_Research	F-score: 0.667
IOL_Research	F-score: 0.600
IOL_Research	F-score: 0.533
IOL_Research	F-score: 0.667
IOL_Research	F-score: 0.727
IOL_Research	F-score: 0.602
IOL_Research	F-score: 0.720
IOL_Research	F-score: 0.571
IOL_Research	F-score: 0.515
IOL_Research	F-score: 0.500
IOL_Research	F-score: 0.611
IOL_Research	F-score: 0.571
IOL_Research	F-score: 0.600
IOL_Research	F-score: 0.482
IOL_Research	F-score: 0.667
IOL_Research	F-score: 0.286
IOL_Research	F-score: 0.750
IOL_Research	F-score: 0.727
IOL_Research	F-score: 0.515
IOL_Research	F-score: 0.528
IOL_Research	F-score: 0.722
IOL_Research	F-score: 0.697
IOL_Research	F-score: 0.904
IOL_Research	F-score: 0.293
IOL_Research	F-score: 0.957
IOL_Research	F-score: 1.000
IOL_Research	F-score: 0.299
IOL_Research	F-score: 0.627
IOL_Research	F-score: 0.512
IOL_Research	F-score: 1.000
IOL_Research	F-score: 0.800
IOL_Research	F-score: 0.571
IOL_Research	F-score: 0.600
IOL_Research	F-score: 0.824
IOL_Research	F-score: 0.612
IOL_Research	F-score: 0.800
IOL_Research	F-score: 0.818
IOL_Research	F-score: 0.812
IOL_Research	F-score: 0.444
IOL_Research	F-score: 0.417
IOL_Research	F-score: 0.502
IOL_Research	F-score: 0.524
IOL_Research	F-score: 0.450
IOL_Research	F-score: 0.351
IOL_Research	F-score: 0.696
IOL_Research	F-score: 0.417
IOL_Research	F-score: 1.000
IOL_Research	F-score: 0.384
IOL_Research	F-score: 0.571
IOL_Research	F-score: 0.500
IOL_Research	F-score: 0.260
IOL_Research	F-score: 0.485
IOL_Research	F-score: 0.423
IOL_Research	F-score: 0.543
IOL_Research	F-score: 0.400
IOL_Research	F-score: 0.625
IOL_Research	F-score: 0.513
IOL_Research	F-score: 0.754
IOL_Research	F-score: 0.348
IOL_Research	F-score: 0.416
IOL_Research	F-score: 0.818
IOL_Research	F-score: 0.600
IOL_Research	F-score: 0.389
IOL_Research	F-score: 0.591
IOL_Research	F-score: 0.667
IOL_Research	F-score: 0.500
IOL_Research	F-score: 0.556
IOL_Research	F-score: 0.377
IOL_Research	F-score: 0.426
IOL_Research	F-score: 0.218
IOL_Research	F-score: 0.556
IOL_Research	F-score: 0.409
IOL_Research	F-score: 0.582
IOL_Research	F-score: 0.333
IOL_Research	F-score: 0.626
IOL_Research	F-score: 0.370
IOL_Research	F-score: 0.333
IOL_Research	F-score: 0.523
IOL_Research	F-score: 0.500
IOL_Research	F-score: 0.326
IOL_Research	F-score: 0.833
IOL_Research	F-score: 0.750
IOL_Research	F-score: 0.500
IOL_Research	F-score: 0.600
IOL_Research	F-score: 0.529
IOL_Research	F-score: 0.812
IOL_Research	F-score: 0.440
IOL_Research	F-score: 0.300
IOL_Research	F-score: 0.780
IOL_Research	F-score: 0.917
IOL_Research	F-score: 0.483
IOL_Research	F-score: 0.489
IOL_Research	F-score: 0.510
IOL_Research	F-score: 0.300
IOL_Research	F-score: 0.444
IOL_Research	F-score: 0.560
IOL_Research	F-score: 0.391
IOL_Research	F-score: 0.638
IOL_Research	F-score: 0.526
IOL_Research	F-score: 0.581
IOL_Research	F-score: 0.600
IOL_Research	F-score: 0.270
IOL_Research	F-score: 0.167
IOL_Research	F-score: 0.421
IOL_Research	F-score: 0.875
IOL_Research	F-score: 0.400
IOL_Research	F-score: 0.444
IOL_Research	F-score: 0.620
IOL_Research	F-score: 0.552
IOL_Research	F-score: 0.316
IOL_Research	F-score: 0.517
IOL_Research	F-score: 0.522
IOL_Research	F-score: 0.692
IOL_Research	F-score: 0.400
IOL_Research	F-score: 0.440
IOL_Research	F-score: 0.556
IOL_Research	F-score: 0.590
IOL_Research	F-score: 0.333
IOL_Research	F-score: 0.577
IOL_Research	F-score: 0.511
IOL_Research	F-score: 0.465
IOL_Research	F-score: 0.489
IOL_Research	F-score: 0.542
IOL_Research	F-score: 0.530
IOL_Research	F-score: 0.264
IOL_Research	F-score: 0.532
IOL_Research	F-score: 0.200
IOL_Research	F-score: 0.495
IOL_Research	F-score: 0.608
IOL_Research	F-score: 0.455
IOL_Research	F-score: 0.484
IOL_Research	F-score: 0.667
IOL_Research	F-score: 0.424
IOL_Research	F-score: 0.481
IOL_Research	F-score: 0.410
IOL_Research	F-score: 0.667
IOL_Research	F-score: 0.750
IOL_Research	F-score: 0.533
IOL_Research	F-score: 0.549
IOL_Research	F-score: 0.550
IOL_Research	F-score: 0.412
IOL_Research	F-score: 0.582
IOL_Research	F-score: 1.000
IOL_Research	F-score: 0.361
IOL_Research	F-score: 0.449
IOL_Research	F-score: 0.667
IOL_Research	F-score: 0.325
IOL_Research	F-score: 0.769
IOL_Research	F-score: 0.678
IOL_Research	F-score: 0.613
IOL_Research	F-score: 0.648
IOL_Research	F-score: 0.327
IOL_Research	F-score: 0.395
IOL_Research	F-score: 0.571
IOL_Research	F-score: 0.489
IOL_Research	F-score: 0.621
IOL_Research	F-score: 0.964
IOL_Research	F-score: 0.400
IOL_Research	F-score: 0.430
IOL_Research	F-score: 0.343
IOL_Research	F-score: 0.529
IOL_Research	F-score: 0.585
IOL_Research	F-score: 0.655
IOL_Research	F-score: 0.507
IOL_Research	F-score: 0.870
IOL_Research	F-score: 0.552
IOL_Research	F-score: 0.452
IOL_Research	F-score: 0.450
IOL_Research	F-score: 0.500
IOL_Research	F-score: 0.353
IOL_Research	F-score: 0.525
IOL_Research	F-score: 0.731
IOL_Research	F-score: 0.698
IOL_Research	F-score: 0.478
IOL_Research	F-score: 0.800
IOL_Research	F-score: 0.727
IOL_Research	F-score: 0.286
IOL_Research	F-score: 0.385
IOL_Research	F-score: 0.633
IOL_Research	F-score: 0.442
IOL_Research	F-score: 1.000
IOL_Research	F-score: 0.478
IOL_Research	F-score: 0.420
IOL_Research	F-score: 0.364
IOL_Research	F-score: 0.486
IOL_Research	F-score: 0.692
IOL_Research	F-score: 0.567
IOL_Research	F-score: 0.364
IOL_Research	F-score: 0.548
IOL_Research	F-score: 1.000
IOL_Research	F-score: 0.716
IOL_Research	F-score: 0.511
IOL_Research	F-score: 1.000
IOL_Research	F-score: 0.714
IOL_Research	F-score: 0.333
IOL_Research	F-score: 0.353
IOL_Research	F-score: 0.342
IOL_Research	F-score: 0.405
IOL_Research	F-score: 0.500
IOL_Research	F-score: 0.479
IOL_Research	F-score: 0.406
IOL_Research	F-score: 0.432
IOL_Research	F-score: 0.388
IOL_Research	F-score: 0.417
IOL_Research	F-score: 0.462
IOL_Research	F-score: 0.875
IOL_Research	F-score: 0.364
IOL_Research	F-score: 0.308
IOL_Research	F-score: 0.537
IOL_Research	F-score: 0.556
IOL_Research	F-score: 0.333
IOL_Research	F-score: 0.446
IOL_Research	F-score: 0.483
IOL_Research	F-score: 0.511
IOL_Research	F-score: 0.833
IOL_Research	F-score: 0.481
IOL_Research	F-score: 0.750
IOL_Research	F-score: 0.444
IOL_Research	F-score: 0.333
IOL_Research	F-score: 0.667
IOL_Research	F-score: 0.750
IOL_Research	F-score: 0.762
IOL_Research	F-score: 0.599
IOL_Research	F-score: 0.472
IOL_Research	F-score: 0.625
IOL_Research	F-score: 0.651
IOL_Research	F-score: 0.452
IOL_Research	F-score: 0.273
IOL_Research	F-score: 0.452
IOL_Research	F-score: 0.957
IOL_Research	F-score: 0.552
IOL_Research	F-score: 0.589
IOL_Research	F-score: 0.667
IOL_Research	F-score: 0.452
IOL_Research	F-score: 0.321
IOL_Research	F-score: 0.527
IOL_Research	F-score: 0.229
IOL_Research	F-score: 0.767
IOL_Research	F-score: 0.462
IOL_Research	F-score: 0.474
IOL_Research	F-score: 0.352
IOL_Research	F-score: 0.720
IOL_Research	F-score: 0.500
IOL_Research	F-score: 0.500
IOL_Research	F-score: 0.564
IOL_Research	F-score: 0.913
IOL_Research	F-score: 0.364
IOL_Research	F-score: 0.941
IOL_Research	F-score: 0.765
IOL_Research	F-score: 0.214
IOL_Research	F-score: 0.473
IOL_Research	F-score: 0.500
IOL_Research	F-score: 0.468
IOL_Research	F-score: 0.457
IOL_Research	F-score: 0.769
IOL_Research	F-score: 0.485
IOL_Research	F-score: 0.286
IOL_Research	F-score: 0.426
IOL_Research	F-score: 0.596
IOL_Research	F-score: 0.800
IOL_Research	F-score: 1.000
IOL_Research	F-score: 0.571
IOL_Research	F-score: 0.857
IOL_Research	F-score: 0.500
IOL_Research	F-score: 0.500
IOL_Research	F-score: 0.600
IOL_Research	F-score: 0.857
IOL_Research	F-score: 0.632
IOL_Research	F-score: 0.714
IOL_Research	F-score: 0.588
IOL_Research	F-score: 0.400
IOL_Research	F-score: 0.818
IOL_Research	F-score: 0.440
IOL_Research	F-score: 0.857
IOL_Research	F-score: 0.526
IOL_Research	F-score: 0.550
IOL_Research	F-score: 0.562
IOL_Research	F-score: 0.846
IOL_Research	F-score: 0.778
IOL_Research	F-score: 0.148
IOL_Research	F-score: 0.612
IOL_Research	F-score: 1.000
IOL_Research	F-score: 0.507
IOL_Research	F-score: 0.222
IOL_Research	F-score: 0.358
IOL_Research	F-score: 0.600
IOL_Research	F-score: 0.524
IOL_Research	F-score: 0.408
IOL_Research	F-score: 0.875
IOL_Research	F-score: 0.500
IOL_Research	F-score: 0.062
IOL_Research	F-score: 0.506
IOL_Research	F-score: 0.469
IOL_Research	F-score: 0.667
IOL_Research	F-score: 0.857
IOL_Research	F-score: 0.471
IOL_Research	F-score: 0.637
IOL_Research	F-score: 0.449
IOL_Research	F-score: 0.600
IOL_Research	F-score: 0.250
IOL_Research	F-score: 0.569
IOL_Research	F-score: 0.706
IOL_Research	F-score: 0.381
IOL_Research	F-score: 0.467
IOL_Research	F-score: 0.500
IOL_Research	F-score: 0.422
IOL_Research	F-score: 0.429
IOL_Research	F-score: 0.480
IOL_Research	F-score: 0.400
IOL_Research	F-score: 0.491
IOL_Research	F-score: 0.400
IOL_Research	F-score: 0.507
IOL_Research	F-score: 0.320
IOL_Research	F-score: 0.500
IOL_Research	F-score: 0.235
IOL_Research	F-score: 0.512
IOL_Research	F-score: 0.294
IOL_Research	F-score: 0.376
IOL_Research	F-score: 0.402
IOL_Research	F-score: 0.632
IOL_Research	F-score: 0.444
IOL_Research	F-score: 0.667
IOL_Research	F-score: 0.583
IOL_Research	F-score: 0.533
IOL_Research	F-score: 0.333
IOL_Research	F-score: 0.553
IOL_Research	F-score: 0.575
IOL_Research	F-score: 0.880
IOL_Research	F-score: 0.700
IOL_Research	F-score: 0.626
IOL_Research	F-score: 0.578
IOL_Research	F-score: 0.563
IOL_Research	F-score: 0.714
IOL_Research	F-score: 0.568
IOL_Research	F-score: 0.240
IOL_Research	F-score: 0.435
IOL_Research	F-score: 0.875
IOL_Research	F-score: 0.394
IOL_Research	F-score: 0.371
IOL_Research	F-score: 0.727
IOL_Research	F-score: 0.692
IOL_Research	F-score: 0.442
IOL_Research	F-score: 0.479
IOL_Research	F-score: 0.694
IOL_Research	F-score: 0.564
IOL_Research	F-score: 0.495
IOL_Research	F-score: 0.565
IOL_Research	F-score: 0.637
IOL_Research	F-score: 0.677
IOL_Research	F-score: 0.465
IOL_Research	F-score: 0.731
IOL_Research	F-score: 0.355
IOL_Research	F-score: 0.426
IOL_Research	F-score: 0.640
IOL_Research	F-score: 0.600
IOL_Research	F-score: 0.426
IOL_Research	F-score: 0.857
IOL_Research	F-score: 0.513
IOL_Research	F-score: 0.406
IOL_Research	F-score: 0.492
IOL_Research	F-score: 0.611
IOL_Research	F-score: 0.528
IOL_Research	F-score: 0.553
IOL_Research	F-score: 0.513
IOL_Research	F-score: 0.634
IOL_Research	F-score: 0.521
IOL_Research	F-score: 0.497
IOL_Research	F-score: 0.250
IOL_Research	F-score: 0.519
IOL_Research	F-score: 0.372
IOL_Research	F-score: 0.462
IOL_Research	F-score: 0.846
IOL_Research	F-score: 0.431
IOL_Research	F-score: 0.514
IOL_Research	F-score: 0.455
IOL_Research	F-score: 0.667
IOL_Research	F-score: 0.408
IOL_Research	F-score: 0.500
IOL_Research	F-score: 0.652
Lan-BridgeMT	F-score: 0.795
Lan-BridgeMT	F-score: 0.690
Lan-BridgeMT	F-score: 0.667
Lan-BridgeMT	F-score: 0.560
Lan-BridgeMT	F-score: 0.514
Lan-BridgeMT	F-score: 0.296
Lan-BridgeMT	F-score: 0.571
Lan-BridgeMT	F-score: 0.480
Lan-BridgeMT	F-score: 0.463
Lan-BridgeMT	F-score: 0.815
Lan-BridgeMT	F-score: 0.789
Lan-BridgeMT	F-score: 0.600
Lan-BridgeMT	F-score: 1.000
Lan-BridgeMT	F-score: 0.480
Lan-BridgeMT	F-score: 0.969
Lan-BridgeMT	F-score: 0.479
Lan-BridgeMT	F-score: 0.300
Lan-BridgeMT	F-score: 0.333
Lan-BridgeMT	F-score: 0.596
Lan-BridgeMT	F-score: 0.500
Lan-BridgeMT	F-score: 0.448
Lan-BridgeMT	F-score: 0.514
Lan-BridgeMT	F-score: 0.424
Lan-BridgeMT	F-score: 0.750
Lan-BridgeMT	F-score: 0.647
Lan-BridgeMT	F-score: 0.750
Lan-BridgeMT	F-score: 0.571
Lan-BridgeMT	F-score: 0.571
Lan-BridgeMT	F-score: 0.353
Lan-BridgeMT	F-score: 0.455
Lan-BridgeMT	F-score: 0.833
Lan-BridgeMT	F-score: 0.200
Lan-BridgeMT	F-score: 0.579
Lan-BridgeMT	F-score: 1.000
Lan-BridgeMT	F-score: 0.600
Lan-BridgeMT	F-score: 1.000
Lan-BridgeMT	F-score: 1.000
Lan-BridgeMT	F-score: 0.167
Lan-BridgeMT	F-score: 0.410
Lan-BridgeMT	F-score: 0.615
Lan-BridgeMT	F-score: 0.500
Lan-BridgeMT	F-score: 0.586
Lan-BridgeMT	F-score: 0.357
Lan-BridgeMT	F-score: 0.462
Lan-BridgeMT	F-score: 0.593
Lan-BridgeMT	F-score: 0.477
Lan-BridgeMT	F-score: 0.425
Lan-BridgeMT	F-score: 0.333
Lan-BridgeMT	F-score: 0.273
Lan-BridgeMT	F-score: 0.200
Lan-BridgeMT	F-score: 1.000
Lan-BridgeMT	F-score: 0.379
Lan-BridgeMT	F-score: 0.364
Lan-BridgeMT	F-score: 0.377
Lan-BridgeMT	F-score: 0.330
Lan-BridgeMT	F-score: 0.322
Lan-BridgeMT	F-score: 0.316
Lan-BridgeMT	F-score: 0.565
Lan-BridgeMT	F-score: 0.375
Lan-BridgeMT	F-score: 0.400
Lan-BridgeMT	F-score: 0.431
Lan-BridgeMT	F-score: 0.333
Lan-BridgeMT	F-score: 0.372
Lan-BridgeMT	F-score: 0.222
Lan-BridgeMT	F-score: 0.250
Lan-BridgeMT	F-score: 0.416
Lan-BridgeMT	F-score: 0.444
Lan-BridgeMT	F-score: 0.714
Lan-BridgeMT	F-score: 0.615
Lan-BridgeMT	F-score: 0.453
Lan-BridgeMT	F-score: 0.615
Lan-BridgeMT	F-score: 0.286
Lan-BridgeMT	F-score: 0.387
Lan-BridgeMT	F-score: 0.462
Lan-BridgeMT	F-score: 0.571
Lan-BridgeMT	F-score: 0.182
Lan-BridgeMT	F-score: 0.339
Lan-BridgeMT	F-score: 0.488
Lan-BridgeMT	F-score: 0.519
Lan-BridgeMT	F-score: 0.385
Lan-BridgeMT	F-score: 0.750
Lan-BridgeMT	F-score: 0.727
Lan-BridgeMT	F-score: 0.600
Lan-BridgeMT	F-score: 0.643
Lan-BridgeMT	F-score: 0.514
Lan-BridgeMT	F-score: 0.640
Lan-BridgeMT	F-score: 0.667
Lan-BridgeMT	F-score: 0.812
Lan-BridgeMT	F-score: 1.000
Lan-BridgeMT	F-score: 0.302
Lan-BridgeMT	F-score: 0.762
Lan-BridgeMT	F-score: 1.000
Lan-BridgeMT	F-score: 0.382
Lan-BridgeMT	F-score: 0.250
Lan-BridgeMT	F-score: 0.909
Lan-BridgeMT	F-score: 0.919
Lan-BridgeMT	F-score: 0.400
Lan-BridgeMT	F-score: 0.446
Lan-BridgeMT	F-score: 0.955
Lan-BridgeMT	F-score: 0.410
Lan-BridgeMT	F-score: 0.800
Lan-BridgeMT	F-score: 0.400
Lan-BridgeMT	F-score: 0.424
Lan-BridgeMT	F-score: 0.541
Lan-BridgeMT	F-score: 0.429
Lan-BridgeMT	F-score: 0.407
Lan-BridgeMT	F-score: 0.800
Lan-BridgeMT	F-score: 0.600
Lan-BridgeMT	F-score: 0.694
Lan-BridgeMT	F-score: 0.385
Lan-BridgeMT	F-score: 0.430
Lan-BridgeMT	F-score: 0.333
Lan-BridgeMT	F-score: 0.800
Lan-BridgeMT	F-score: 0.600
Lan-BridgeMT	F-score: 0.560
Lan-BridgeMT	F-score: 0.545
Lan-BridgeMT	F-score: 0.200
Lan-BridgeMT	F-score: 0.276
Lan-BridgeMT	F-score: 0.143
Lan-BridgeMT	F-score: 0.552
Lan-BridgeMT	F-score: 0.333
Lan-BridgeMT	F-score: 0.600
Lan-BridgeMT	F-score: 0.213
Lan-BridgeMT	F-score: 0.583
Lan-BridgeMT	F-score: 0.522
Lan-BridgeMT	F-score: 0.276
Lan-BridgeMT	F-score: 0.333
Lan-BridgeMT	F-score: 0.105
Lan-BridgeMT	F-score: 0.333
Lan-BridgeMT	F-score: 0.235
Lan-BridgeMT	F-score: 0.500
Lan-BridgeMT	F-score: 0.167
Lan-BridgeMT	F-score: 0.167
Lan-BridgeMT	F-score: 0.429
Lan-BridgeMT	F-score: 0.167
Lan-BridgeMT	F-score: 0.080
Lan-BridgeMT	F-score: 0.105
Lan-BridgeMT	F-score: 1.000
Lan-BridgeMT	F-score: 0.333
Lan-BridgeMT	F-score: 0.500
Lan-BridgeMT	F-score: 0.545
Lan-BridgeMT	F-score: 0.442
Lan-BridgeMT	F-score: 0.545
Lan-BridgeMT	F-score: 0.200
Lan-BridgeMT	F-score: 0.636
Lan-BridgeMT	F-score: 0.333
Lan-BridgeMT	F-score: 0.492
Lan-BridgeMT	F-score: 0.316
Lan-BridgeMT	F-score: 0.508
Lan-BridgeMT	F-score: 0.611
Lan-BridgeMT	F-score: 0.462
Lan-BridgeMT	F-score: 0.407
Lan-BridgeMT	F-score: 0.500
Lan-BridgeMT	F-score: 0.367
Lan-BridgeMT	F-score: 0.277
Lan-BridgeMT	F-score: 0.520
Lan-BridgeMT	F-score: 0.370
Lan-BridgeMT	F-score: 0.328
Lan-BridgeMT	F-score: 0.267
Lan-BridgeMT	F-score: 0.421
Lan-BridgeMT	F-score: 0.355
Lan-BridgeMT	F-score: 0.829
Lan-BridgeMT	F-score: 0.735
Lan-BridgeMT	F-score: 0.727
Lan-BridgeMT	F-score: 0.771
Lan-BridgeMT	F-score: 0.531
Lan-BridgeMT	F-score: 0.504
Lan-BridgeMT	F-score: 0.711
Lan-BridgeMT	F-score: 0.576
Lan-BridgeMT	F-score: 0.772
Lan-BridgeMT	F-score: 0.619
Lan-BridgeMT	F-score: 0.286
Lan-BridgeMT	F-score: 0.294
Lan-BridgeMT	F-score: 0.229
Lan-BridgeMT	F-score: 0.294
Lan-BridgeMT	F-score: 0.188
Lan-BridgeMT	F-score: 0.387
Lan-BridgeMT	F-score: 0.364
Lan-BridgeMT	F-score: 0.091
Lan-BridgeMT	F-score: 0.194
Lan-BridgeMT	F-score: 0.261
Lan-BridgeMT	F-score: 0.267
Lan-BridgeMT	F-score: 0.167
Lan-BridgeMT	F-score: 0.343
Lan-BridgeMT	F-score: 0.342
Lan-BridgeMT	F-score: 0.400
Lan-BridgeMT	F-score: 0.429
Lan-BridgeMT	F-score: 0.308
Lan-BridgeMT	F-score: 0.316
Lan-BridgeMT	F-score: 1.000
Lan-BridgeMT	F-score: 1.000
Lan-BridgeMT	F-score: 0.565
Lan-BridgeMT	F-score: 0.935
Lan-BridgeMT	F-score: 0.912
Lan-BridgeMT	F-score: 0.498
Lan-BridgeMT	F-score: 0.600
Lan-BridgeMT	F-score: 0.375
Lan-BridgeMT	F-score: 0.649
Lan-BridgeMT	F-score: 0.655
Lan-BridgeMT	F-score: 0.326
Lan-BridgeMT	F-score: 0.421
Lan-BridgeMT	F-score: 0.386
Lan-BridgeMT	F-score: 0.418
Lan-BridgeMT	F-score: 0.462
Lan-BridgeMT	F-score: 0.333
Lan-BridgeMT	F-score: 0.409
Lan-BridgeMT	F-score: 0.353
Lan-BridgeMT	F-score: 0.500
Lan-BridgeMT	F-score: 0.318
Lan-BridgeMT	F-score: 0.491
Lan-BridgeMT	F-score: 0.286
Lan-BridgeMT	F-score: 0.431
Lan-BridgeMT	F-score: 0.261
Lan-BridgeMT	F-score: 0.303
Lan-BridgeMT	F-score: 0.418
Lan-BridgeMT	F-score: 0.579
Lan-BridgeMT	F-score: 0.383
Lan-BridgeMT	F-score: 0.301
Lan-BridgeMT	F-score: 0.318
Lan-BridgeMT	F-score: 0.525
Lan-BridgeMT	F-score: 0.375
Lan-BridgeMT	F-score: 0.296
Lan-BridgeMT	F-score: 0.364
Lan-BridgeMT	F-score: 0.238
Lan-BridgeMT	F-score: 0.270
Lan-BridgeMT	F-score: 0.474
Lan-BridgeMT	F-score: 0.586
Lan-BridgeMT	F-score: 0.576
Lan-BridgeMT	F-score: 0.427
Lan-BridgeMT	F-score: 0.500
Lan-BridgeMT	F-score: 0.423
Lan-BridgeMT	F-score: 0.656
Lan-BridgeMT	F-score: 0.254
Lan-BridgeMT	F-score: 0.345
Lan-BridgeMT	F-score: 0.329
Lan-BridgeMT	F-score: 1.000
Lan-BridgeMT	F-score: 0.818
Lan-BridgeMT	F-score: 0.688
Lan-BridgeMT	F-score: 0.703
Lan-BridgeMT	F-score: 0.553
Lan-BridgeMT	F-score: 0.491
Lan-BridgeMT	F-score: 0.952
Lan-BridgeMT	F-score: 0.984
Lan-BridgeMT	F-score: 0.893
Lan-BridgeMT	F-score: 0.842
Lan-BridgeMT	F-score: 0.522
Lan-BridgeMT	F-score: 0.500
Lan-BridgeMT	F-score: 0.424
Lan-BridgeMT	F-score: 0.567
Lan-BridgeMT	F-score: 0.369
Lan-BridgeMT	F-score: 0.341
Lan-BridgeMT	F-score: 0.406
Lan-BridgeMT	F-score: 0.478
Lan-BridgeMT	F-score: 0.374
Lan-BridgeMT	F-score: 0.410
Lan-BridgeMT	F-score: 0.500
Lan-BridgeMT	F-score: 0.833
Lan-BridgeMT	F-score: 0.500
Lan-BridgeMT	F-score: 0.333
Lan-BridgeMT	F-score: 0.372
Lan-BridgeMT	F-score: 0.419
Lan-BridgeMT	F-score: 0.393
Lan-BridgeMT	F-score: 0.415
Lan-BridgeMT	F-score: 0.571
Lan-BridgeMT	F-score: 0.620
Lan-BridgeMT	F-score: 0.611
Lan-BridgeMT	F-score: 0.400
Lan-BridgeMT	F-score: 0.367
Lan-BridgeMT	F-score: 0.562
Lan-BridgeMT	F-score: 0.463
Lan-BridgeMT	F-score: 0.739
Lan-BridgeMT	F-score: 0.267
Lan-BridgeMT	F-score: 0.523
Lan-BridgeMT	F-score: 0.271
Lan-BridgeMT	F-score: 0.566
Lan-BridgeMT	F-score: 0.405
Lan-BridgeMT	F-score: 0.429
Lan-BridgeMT	F-score: 0.261
Lan-BridgeMT	F-score: 0.443
Lan-BridgeMT	F-score: 0.800
Lan-BridgeMT	F-score: 0.500
Lan-BridgeMT	F-score: 0.441
Lan-BridgeMT	F-score: 0.719
Lan-BridgeMT	F-score: 0.702
Lan-BridgeMT	F-score: 0.412
Lan-BridgeMT	F-score: 0.629
Lan-BridgeMT	F-score: 0.667
Lan-BridgeMT	F-score: 0.659
Lan-BridgeMT	F-score: 0.650
Lan-BridgeMT	F-score: 0.761
Lan-BridgeMT	F-score: 0.390
Lan-BridgeMT	F-score: 0.263
Lan-BridgeMT	F-score: 0.421
Lan-BridgeMT	F-score: 0.308
Lan-BridgeMT	F-score: 0.417
Lan-BridgeMT	F-score: 0.333
Lan-BridgeMT	F-score: 0.424
Lan-BridgeMT	F-score: 0.495
Lan-BridgeMT	F-score: 0.429
Lan-BridgeMT	F-score: 0.609
Lan-BridgeMT	F-score: 0.667
Lan-BridgeMT	F-score: 0.430
Lan-BridgeMT	F-score: 0.250
Lan-BridgeMT	F-score: 0.493
Lan-BridgeMT	F-score: 0.371
Lan-BridgeMT	F-score: 0.778
Lan-BridgeMT	F-score: 0.486
Lan-BridgeMT	F-score: 0.455
Lan-BridgeMT	F-score: 0.553
Lan-BridgeMT	F-score: 0.378
Lan-BridgeMT	F-score: 0.345
Lan-BridgeMT	F-score: 0.643
Lan-BridgeMT	F-score: 0.526
Lan-BridgeMT	F-score: 0.557
Lan-BridgeMT	F-score: 1.000
Lan-BridgeMT	F-score: 0.683
Lan-BridgeMT	F-score: 0.824
Lan-BridgeMT	F-score: 0.734
Lan-BridgeMT	F-score: 0.610
Lan-BridgeMT	F-score: 0.866
Lan-BridgeMT	F-score: 0.882
Lan-BridgeMT	F-score: 0.818
Lan-BridgeMT	F-score: 0.780
Lan-BridgeMT	F-score: 0.688
Lan-BridgeMT	F-score: 0.565
Lan-BridgeMT	F-score: 0.364
Lan-BridgeMT	F-score: 0.296
Lan-BridgeMT	F-score: 0.280
Lan-BridgeMT	F-score: 0.195
Lan-BridgeMT	F-score: 0.352
Lan-BridgeMT	F-score: 0.453
Lan-BridgeMT	F-score: 0.484
Lan-BridgeMT	F-score: 0.619
Lan-BridgeMT	F-score: 0.341
Lan-BridgeMT	F-score: 0.258
Lan-BridgeMT	F-score: 0.306
Lan-BridgeMT	F-score: 0.303
Lan-BridgeMT	F-score: 0.349
Lan-BridgeMT	F-score: 0.393
Lan-BridgeMT	F-score: 0.453
Lan-BridgeMT	F-score: 0.533
Lan-BridgeMT	F-score: 0.433
Lan-BridgeMT	F-score: 0.630
Lan-BridgeMT	F-score: 0.250
Lan-BridgeMT	F-score: 0.326
Lan-BridgeMT	F-score: 0.446
Lan-BridgeMT	F-score: 0.231
Lan-BridgeMT	F-score: 0.305
Lan-BridgeMT	F-score: 0.433
Lan-BridgeMT	F-score: 0.500
Lan-BridgeMT	F-score: 0.783
Lan-BridgeMT	F-score: 0.800
Lan-BridgeMT	F-score: 0.750
Lan-BridgeMT	F-score: 0.578
Lan-BridgeMT	F-score: 0.544
Lan-BridgeMT	F-score: 0.621
Lan-BridgeMT	F-score: 0.519
Lan-BridgeMT	F-score: 0.879
Lan-BridgeMT	F-score: 0.833
Lan-BridgeMT	F-score: 0.829
Lan-BridgeMT	F-score: 0.596
Lan-BridgeMT	F-score: 0.769
Lan-BridgeMT	F-score: 0.591
Lan-BridgeMT	F-score: 0.419
Lan-BridgeMT	F-score: 0.636
Lan-BridgeMT	F-score: 0.460
Lan-BridgeMT	F-score: 0.607
Lan-BridgeMT	F-score: 0.500
Lan-BridgeMT	F-score: 0.596
Lan-BridgeMT	F-score: 0.698
Lan-BridgeMT	F-score: 0.519
Lan-BridgeMT	F-score: 0.717
Lan-BridgeMT	F-score: 0.556
Lan-BridgeMT	F-score: 0.833
Lan-BridgeMT	F-score: 0.480
Lan-BridgeMT	F-score: 0.644
Lan-BridgeMT	F-score: 0.519
Lan-BridgeMT	F-score: 0.717
Lan-BridgeMT	F-score: 0.740
Lan-BridgeMT	F-score: 1.000
Lan-BridgeMT	F-score: 0.833
Lan-BridgeMT	F-score: 0.200
Lan-BridgeMT	F-score: 0.781
Lan-BridgeMT	F-score: 0.679
Lan-BridgeMT	F-score: 0.615
Lan-BridgeMT	F-score: 0.500
Lan-BridgeMT	F-score: 0.694
Lan-BridgeMT	F-score: 0.593
Lan-BridgeMT	F-score: 0.596
Lan-BridgeMT	F-score: 0.419
Lan-BridgeMT	F-score: 0.345
Lan-BridgeMT	F-score: 0.427
Lan-BridgeMT	F-score: 0.857
Lan-BridgeMT	F-score: 0.300
Lan-BridgeMT	F-score: 0.686
Lan-BridgeMT	F-score: 0.848
Lan-BridgeMT	F-score: 0.609
Lan-BridgeMT	F-score: 0.286
Lan-BridgeMT	F-score: 0.516
Lan-BridgeMT	F-score: 0.723
Lan-BridgeMT	F-score: 0.385
Lan-BridgeMT	F-score: 0.400
Lan-BridgeMT	F-score: 0.476
Lan-BridgeMT	F-score: 0.471
Lan-BridgeMT	F-score: 0.378
Lan-BridgeMT	F-score: 0.667
Lan-BridgeMT	F-score: 0.291
Lan-BridgeMT	F-score: 0.174
Lan-BridgeMT	F-score: 1.000
Lan-BridgeMT	F-score: 0.453
Lan-BridgeMT	F-score: 0.611
Lan-BridgeMT	F-score: 0.167
Lan-BridgeMT	F-score: 0.403
Lan-BridgeMT	F-score: 0.500
Lan-BridgeMT	F-score: 1.000
Lan-BridgeMT	F-score: 0.389
Lan-BridgeMT	F-score: 0.386
Lan-BridgeMT	F-score: 0.302
Lan-BridgeMT	F-score: 0.583
Lan-BridgeMT	F-score: 0.909
Lan-BridgeMT	F-score: 0.316
Lan-BridgeMT	F-score: 0.571
Lan-BridgeMT	F-score: 0.429
Lan-BridgeMT	F-score: 0.524
Lan-BridgeMT	F-score: 0.400
Lan-BridgeMT	F-score: 0.500
Lan-BridgeMT	F-score: 0.629
Lan-BridgeMT	F-score: 0.596
Lan-BridgeMT	F-score: 0.320
Lan-BridgeMT	F-score: 0.556
Lan-BridgeMT	F-score: 1.000
Lan-BridgeMT	F-score: 0.515
Lan-BridgeMT	F-score: 1.000
Lan-BridgeMT	F-score: 0.690
Lan-BridgeMT	F-score: 0.714
Lan-BridgeMT	F-score: 0.500
Lan-BridgeMT	F-score: 0.435
Lan-BridgeMT	F-score: 0.571
Lan-BridgeMT	F-score: 0.167
Lan-BridgeMT	F-score: 0.333
Lan-BridgeMT	F-score: 0.421
Lan-BridgeMT	F-score: 0.387
Lan-BridgeMT	F-score: 0.700
Lan-BridgeMT	F-score: 0.391
Lan-BridgeMT	F-score: 0.541
Lan-BridgeMT	F-score: 0.500
Lan-BridgeMT	F-score: 1.000
Lan-BridgeMT	F-score: 1.000
Lan-BridgeMT	F-score: 0.507
Lan-BridgeMT	F-score: 0.415
Lan-BridgeMT	F-score: 0.455
Lan-BridgeMT	F-score: 0.486
Lan-BridgeMT	F-score: 0.591
Lan-BridgeMT	F-score: 0.759
Lan-BridgeMT	F-score: 0.500
Lan-BridgeMT	F-score: 1.000
Lan-BridgeMT	F-score: 0.759
Lan-BridgeMT	F-score: 0.438
Lan-BridgeMT	F-score: 0.697
Lan-BridgeMT	F-score: 0.750
Lan-BridgeMT	F-score: 0.167
Lan-BridgeMT	F-score: 0.462
Lan-BridgeMT	F-score: 0.308
Lan-BridgeMT	F-score: 0.700
Lan-BridgeMT	F-score: 0.286
Lan-BridgeMT	F-score: 0.250
Lan-BridgeMT	F-score: 0.341
Lan-BridgeMT	F-score: 0.333
Lan-BridgeMT	F-score: 0.522
Lan-BridgeMT	F-score: 0.600
Lan-BridgeMT	F-score: 0.430
Lan-BridgeMT	F-score: 0.478
Lan-BridgeMT	F-score: 0.582
Lan-BridgeMT	F-score: 0.500
Lan-BridgeMT	F-score: 0.615
Lan-BridgeMT	F-score: 0.667
Lan-BridgeMT	F-score: 0.733
Lan-BridgeMT	F-score: 0.909
Lan-BridgeMT	F-score: 0.429
Lan-BridgeMT	F-score: 0.438
Lan-BridgeMT	F-score: 0.381
Lan-BridgeMT	F-score: 0.571
Lan-BridgeMT	F-score: 0.407
Lan-BridgeMT	F-score: 0.506
Lan-BridgeMT	F-score: 0.437
Lan-BridgeMT	F-score: 0.512
Lan-BridgeMT	F-score: 0.508
Lan-BridgeMT	F-score: 0.838
Lan-BridgeMT	F-score: 0.776
Lan-BridgeMT	F-score: 0.709
Lan-BridgeMT	F-score: 0.747
Lan-BridgeMT	F-score: 0.810
Lan-BridgeMT	F-score: 0.604
Lan-BridgeMT	F-score: 0.880
Lan-BridgeMT	F-score: 0.783
Lan-BridgeMT	F-score: 0.678
Lan-BridgeMT	F-score: 0.531
Lan-BridgeMT	F-score: 0.537
Lan-BridgeMT	F-score: 0.549
Lan-BridgeMT	F-score: 0.608
Lan-BridgeMT	F-score: 0.733
Lan-BridgeMT	F-score: 0.508
Lan-BridgeMT	F-score: 0.753
Lan-BridgeMT	F-score: 0.738
Lan-BridgeMT	F-score: 0.732
Lan-BridgeMT	F-score: 0.483
Lan-BridgeMT	F-score: 0.781
Lan-BridgeMT	F-score: 0.891
Lan-BridgeMT	F-score: 0.787
Lan-BridgeMT	F-score: 0.889
Lan-BridgeMT	F-score: 0.642
Lan-BridgeMT	F-score: 0.568
Lan-BridgeMT	F-score: 0.539
Lan-BridgeMT	F-score: 0.514
Lan-BridgeMT	F-score: 0.491
Lan-BridgeMT	F-score: 0.386
Lan-BridgeMT	F-score: 0.404
Lan-BridgeMT	F-score: 0.438
Lan-BridgeMT	F-score: 0.569
Lan-BridgeMT	F-score: 0.615
Lan-BridgeMT	F-score: 0.854
Lan-BridgeMT	F-score: 0.789
Lan-BridgeMT	F-score: 0.449
Lan-BridgeMT	F-score: 0.786
Lan-BridgeMT	F-score: 0.843
Lan-BridgeMT	F-score: 0.734
Lan-BridgeMT	F-score: 0.713
Lan-BridgeMT	F-score: 0.490
Lan-BridgeMT	F-score: 0.604
Lan-BridgeMT	F-score: 0.571
Lan-BridgeMT	F-score: 0.358
Lan-BridgeMT	F-score: 0.331
Lan-BridgeMT	F-score: 0.306
Lan-BridgeMT	F-score: 0.382
Lan-BridgeMT	F-score: 0.298
Lan-BridgeMT	F-score: 0.365
Lan-BridgeMT	F-score: 0.232
Lan-BridgeMT	F-score: 0.260
Lan-BridgeMT	F-score: 0.364
Lan-BridgeMT	F-score: 0.308
Lan-BridgeMT	F-score: 0.372
Lan-BridgeMT	F-score: 0.333
Lan-BridgeMT	F-score: 0.295
Lan-BridgeMT	F-score: 0.393
Lan-BridgeMT	F-score: 0.328
Lan-BridgeMT	F-score: 0.500
Lan-BridgeMT	F-score: 0.700
Lan-BridgeMT	F-score: 0.333
Lan-BridgeMT	F-score: 0.692
Lan-BridgeMT	F-score: 0.678
Lan-BridgeMT	F-score: 0.653
Lan-BridgeMT	F-score: 0.532
Lan-BridgeMT	F-score: 0.473
Lan-BridgeMT	F-score: 0.687
Lan-BridgeMT	F-score: 0.597
Lan-BridgeMT	F-score: 0.560
Lan-BridgeMT	F-score: 0.400
Lan-BridgeMT	F-score: 0.634
Lan-BridgeMT	F-score: 0.459
Lan-BridgeMT	F-score: 0.441
Lan-BridgeMT	F-score: 0.372
Lan-BridgeMT	F-score: 0.522
Lan-BridgeMT	F-score: 0.329
Lan-BridgeMT	F-score: 0.440
Lan-BridgeMT	F-score: 0.514
Lan-BridgeMT	F-score: 0.500
Lan-BridgeMT	F-score: 0.516
Lan-BridgeMT	F-score: 0.423
Lan-BridgeMT	F-score: 0.706
Lan-BridgeMT	F-score: 0.627
Lan-BridgeMT	F-score: 0.488
Lan-BridgeMT	F-score: 0.505
Lan-BridgeMT	F-score: 0.387
Lan-BridgeMT	F-score: 0.408
Lan-BridgeMT	F-score: 0.667
Lan-BridgeMT	F-score: 0.389
Lan-BridgeMT	F-score: 0.880
Lan-BridgeMT	F-score: 0.820
Lan-BridgeMT	F-score: 0.522
Lan-BridgeMT	F-score: 0.714
Lan-BridgeMT	F-score: 0.682
Lan-BridgeMT	F-score: 0.743
Lan-BridgeMT	F-score: 0.696
Lan-BridgeMT	F-score: 0.614
Lan-BridgeMT	F-score: 0.704
Lan-BridgeMT	F-score: 0.276
Lan-BridgeMT	F-score: 0.366
Lan-BridgeMT	F-score: 0.338
Lan-BridgeMT	F-score: 0.393
Lan-BridgeMT	F-score: 0.380
Lan-BridgeMT	F-score: 0.293
Lan-BridgeMT	F-score: 0.256
Lan-BridgeMT	F-score: 0.487
Lan-BridgeMT	F-score: 0.352
Lan-BridgeMT	F-score: 0.550
Lan-BridgeMT	F-score: 0.385
Lan-BridgeMT	F-score: 0.588
Lan-BridgeMT	F-score: 0.724
Lan-BridgeMT	F-score: 0.679
Lan-BridgeMT	F-score: 0.630
Lan-BridgeMT	F-score: 0.471
Lan-BridgeMT	F-score: 0.667
Lan-BridgeMT	F-score: 0.557
Lan-BridgeMT	F-score: 0.643
Lan-BridgeMT	F-score: 0.792
Lan-BridgeMT	F-score: 0.430
Lan-BridgeMT	F-score: 0.357
Lan-BridgeMT	F-score: 0.404
Lan-BridgeMT	F-score: 0.420
Lan-BridgeMT	F-score: 0.289
Lan-BridgeMT	F-score: 0.624
Lan-BridgeMT	F-score: 0.458
Lan-BridgeMT	F-score: 0.497
Lan-BridgeMT	F-score: 0.457
Lan-BridgeMT	F-score: 0.441
Lan-BridgeMT	F-score: 0.395
Lan-BridgeMT	F-score: 0.426
Lan-BridgeMT	F-score: 0.523
Lan-BridgeMT	F-score: 0.750
Lan-BridgeMT	F-score: 0.739
Lan-BridgeMT	F-score: 0.926
Lan-BridgeMT	F-score: 0.820
Lan-BridgeMT	F-score: 0.784
Lan-BridgeMT	F-score: 0.596
Lan-BridgeMT	F-score: 0.740
Lan-BridgeMT	F-score: 0.897
Lan-BridgeMT	F-score: 0.932
Lan-BridgeMT	F-score: 0.588
Lan-BridgeMT	F-score: 0.400
Lan-BridgeMT	F-score: 0.471
Lan-BridgeMT	F-score: 0.296
Lan-BridgeMT	F-score: 0.326
Lan-BridgeMT	F-score: 0.545
Lan-BridgeMT	F-score: 0.481
Lan-BridgeMT	F-score: 0.479
Lan-BridgeMT	F-score: 0.300
Lan-BridgeMT	F-score: 0.552
Lan-BridgeMT	F-score: 0.596
Lan-BridgeMT	F-score: 0.537
Lan-BridgeMT	F-score: 0.689
Lan-BridgeMT	F-score: 0.723
Lan-BridgeMT	F-score: 0.697
Lan-BridgeMT	F-score: 0.618
Lan-BridgeMT	F-score: 0.538
Lan-BridgeMT	F-score: 0.526
Lan-BridgeMT	F-score: 0.737
Lan-BridgeMT	F-score: 0.614
Lan-BridgeMT	F-score: 0.484
Lan-BridgeMT	F-score: 0.480
Lan-BridgeMT	F-score: 0.370
Lan-BridgeMT	F-score: 0.515
Lan-BridgeMT	F-score: 0.351
Lan-BridgeMT	F-score: 0.301
Lan-BridgeMT	F-score: 0.361
Lan-BridgeMT	F-score: 0.488
Lan-BridgeMT	F-score: 0.500
Lan-BridgeMT	F-score: 0.615
Lan-BridgeMT	F-score: 0.754
Lan-BridgeMT	F-score: 0.674
Lan-BridgeMT	F-score: 0.765
Lan-BridgeMT	F-score: 0.656
Lan-BridgeMT	F-score: 0.675
Lan-BridgeMT	F-score: 0.898
Lan-BridgeMT	F-score: 0.697
Lan-BridgeMT	F-score: 0.740
Lan-BridgeMT	F-score: 0.667
Lan-BridgeMT	F-score: 0.312
Lan-BridgeMT	F-score: 0.672
Lan-BridgeMT	F-score: 0.523
Lan-BridgeMT	F-score: 0.759
Lan-BridgeMT	F-score: 0.588
Lan-BridgeMT	F-score: 0.710
Lan-BridgeMT	F-score: 0.700
Lan-BridgeMT	F-score: 0.586
Lan-BridgeMT	F-score: 0.500
Lan-BridgeMT	F-score: 0.667
Lan-BridgeMT	F-score: 0.284
Lan-BridgeMT	F-score: 0.408
Lan-BridgeMT	F-score: 0.291
Lan-BridgeMT	F-score: 0.333
Lan-BridgeMT	F-score: 0.312
Lan-BridgeMT	F-score: 0.381
Lan-BridgeMT	F-score: 0.347
Lan-BridgeMT	F-score: 0.388
Lan-BridgeMT	F-score: 0.357
Lan-BridgeMT	F-score: 0.211
Lan-BridgeMT	F-score: 0.393
Lan-BridgeMT	F-score: 0.200
Lan-BridgeMT	F-score: 0.667
Lan-BridgeMT	F-score: 0.941
Lan-BridgeMT	F-score: 0.727
Lan-BridgeMT	F-score: 0.426
Lan-BridgeMT	F-score: 0.518
Lan-BridgeMT	F-score: 0.453
Lan-BridgeMT	F-score: 0.894
Lan-BridgeMT	F-score: 0.500
Lan-BridgeMT	F-score: 0.412
Lan-BridgeMT	F-score: 0.494
Lan-BridgeMT	F-score: 0.404
Lan-BridgeMT	F-score: 0.444
Lan-BridgeMT	F-score: 0.407
Lan-BridgeMT	F-score: 0.471
Lan-BridgeMT	F-score: 1.000
Lan-BridgeMT	F-score: 0.529
Lan-BridgeMT	F-score: 0.467
Lan-BridgeMT	F-score: 0.341
Lan-BridgeMT	F-score: 0.673
Lan-BridgeMT	F-score: 0.543
Lan-BridgeMT	F-score: 0.443
Lan-BridgeMT	F-score: 0.533
Lan-BridgeMT	F-score: 0.537
Lan-BridgeMT	F-score: 0.457
Lan-BridgeMT	F-score: 0.389
Lan-BridgeMT	F-score: 0.500
Lan-BridgeMT	F-score: 0.500
Lan-BridgeMT	F-score: 0.637
Lan-BridgeMT	F-score: 0.679
Lan-BridgeMT	F-score: 0.679
Lan-BridgeMT	F-score: 0.563
Lan-BridgeMT	F-score: 0.740
Lan-BridgeMT	F-score: 0.500
Lan-BridgeMT	F-score: 0.553
Lan-BridgeMT	F-score: 0.571
Lan-BridgeMT	F-score: 0.673
Lan-BridgeMT	F-score: 0.605
Lan-BridgeMT	F-score: 0.747
Lan-BridgeMT	F-score: 0.792
Lan-BridgeMT	F-score: 0.581
Lan-BridgeMT	F-score: 0.588
Lan-BridgeMT	F-score: 0.795
Lan-BridgeMT	F-score: 0.504
Lan-BridgeMT	F-score: 0.725
Lan-BridgeMT	F-score: 0.677
Lan-BridgeMT	F-score: 0.773
Lan-BridgeMT	F-score: 0.839
Lan-BridgeMT	F-score: 0.889
Lan-BridgeMT	F-score: 0.804
Lan-BridgeMT	F-score: 0.868
Lan-BridgeMT	F-score: 0.707
Lan-BridgeMT	F-score: 0.565
Lan-BridgeMT	F-score: 0.655
Lan-BridgeMT	F-score: 0.538
Lan-BridgeMT	F-score: 0.544
Lan-BridgeMT	F-score: 0.535
Lan-BridgeMT	F-score: 0.754
Lan-BridgeMT	F-score: 0.779
Lan-BridgeMT	F-score: 0.846
Lan-BridgeMT	F-score: 0.609
Lan-BridgeMT	F-score: 0.641
Lan-BridgeMT	F-score: 0.625
Lan-BridgeMT	F-score: 0.631
Lan-BridgeMT	F-score: 0.686
Lan-BridgeMT	F-score: 0.857
Lan-BridgeMT	F-score: 0.527
Lan-BridgeMT	F-score: 0.453
Lan-BridgeMT	F-score: 0.722
Lan-BridgeMT	F-score: 0.589
Lan-BridgeMT	F-score: 0.800
Lan-BridgeMT	F-score: 0.481
Lan-BridgeMT	F-score: 0.602
Lan-BridgeMT	F-score: 0.475
Lan-BridgeMT	F-score: 0.616
Lan-BridgeMT	F-score: 0.522
Lan-BridgeMT	F-score: 0.673
Lan-BridgeMT	F-score: 0.734
Lan-BridgeMT	F-score: 0.689
Lan-BridgeMT	F-score: 0.258
Lan-BridgeMT	F-score: 0.519
Lan-BridgeMT	F-score: 0.826
Lan-BridgeMT	F-score: 0.604
Lan-BridgeMT	F-score: 0.718
Lan-BridgeMT	F-score: 0.589
Lan-BridgeMT	F-score: 0.671
Lan-BridgeMT	F-score: 0.831
Lan-BridgeMT	F-score: 0.747
Lan-BridgeMT	F-score: 0.701
Lan-BridgeMT	F-score: 0.780
Lan-BridgeMT	F-score: 0.893
Lan-BridgeMT	F-score: 0.877
Lan-BridgeMT	F-score: 0.683
Lan-BridgeMT	F-score: 0.596
Lan-BridgeMT	F-score: 0.500
Lan-BridgeMT	F-score: 0.889
Lan-BridgeMT	F-score: 0.913
Lan-BridgeMT	F-score: 0.286
Lan-BridgeMT	F-score: 0.578
Lan-BridgeMT	F-score: 0.400
Lan-BridgeMT	F-score: 0.621
Lan-BridgeMT	F-score: 0.779
Lan-BridgeMT	F-score: 0.850
Lan-BridgeMT	F-score: 0.696
Lan-BridgeMT	F-score: 0.838
Lan-BridgeMT	F-score: 0.333
Lan-BridgeMT	F-score: 0.780
Lan-BridgeMT	F-score: 0.688
Lan-BridgeMT	F-score: 0.892
Lan-BridgeMT	F-score: 0.759
Lan-BridgeMT	F-score: 0.744
Lan-BridgeMT	F-score: 0.868
Lan-BridgeMT	F-score: 0.600
Lan-BridgeMT	F-score: 0.565
Lan-BridgeMT	F-score: 0.723
Lan-BridgeMT	F-score: 0.882
Lan-BridgeMT	F-score: 0.793
Lan-BridgeMT	F-score: 0.733
Lan-BridgeMT	F-score: 0.805
Lan-BridgeMT	F-score: 0.850
Lan-BridgeMT	F-score: 0.800
Lan-BridgeMT	F-score: 0.579
Lan-BridgeMT	F-score: 0.605
Lan-BridgeMT	F-score: 0.581
Lan-BridgeMT	F-score: 0.722
Lan-BridgeMT	F-score: 0.708
Lan-BridgeMT	F-score: 0.850
Lan-BridgeMT	F-score: 0.476
Lan-BridgeMT	F-score: 0.882
Lan-BridgeMT	F-score: 0.691
Lan-BridgeMT	F-score: 0.627
Lan-BridgeMT	F-score: 0.709
Lan-BridgeMT	F-score: 0.950
Lan-BridgeMT	F-score: 0.778
Lan-BridgeMT	F-score: 0.867
Lan-BridgeMT	F-score: 0.375
Lan-BridgeMT	F-score: 0.800
Lan-BridgeMT	F-score: 0.850
Lan-BridgeMT	F-score: 0.632
Lan-BridgeMT	F-score: 0.792
Lan-BridgeMT	F-score: 0.710
Lan-BridgeMT	F-score: 0.267
Lan-BridgeMT	F-score: 0.455
Lan-BridgeMT	F-score: 0.714
Lan-BridgeMT	F-score: 0.415
Lan-BridgeMT	F-score: 0.905
Lan-BridgeMT	F-score: 0.850
Lan-BridgeMT	F-score: 1.000
Lan-BridgeMT	F-score: 0.833
Lan-BridgeMT	F-score: 0.750
Lan-BridgeMT	F-score: 0.599
Lan-BridgeMT	F-score: 0.779
Lan-BridgeMT	F-score: 0.824
Lan-BridgeMT	F-score: 0.850
Lan-BridgeMT	F-score: 1.000
Lan-BridgeMT	F-score: 0.560
Lan-BridgeMT	F-score: 0.452
Lan-BridgeMT	F-score: 0.470
Lan-BridgeMT	F-score: 0.765
Lan-BridgeMT	F-score: 0.649
Lan-BridgeMT	F-score: 0.767
Lan-BridgeMT	F-score: 0.702
Lan-BridgeMT	F-score: 0.850
Lan-BridgeMT	F-score: 1.000
Lan-BridgeMT	F-score: 0.681
Lan-BridgeMT	F-score: 0.736
Lan-BridgeMT	F-score: 0.722
Lan-BridgeMT	F-score: 0.650
Lan-BridgeMT	F-score: 0.833
Lan-BridgeMT	F-score: 0.686
Lan-BridgeMT	F-score: 0.850
Lan-BridgeMT	F-score: 0.645
Lan-BridgeMT	F-score: 0.787
Lan-BridgeMT	F-score: 0.761
Lan-BridgeMT	F-score: 0.565
Lan-BridgeMT	F-score: 0.880
Lan-BridgeMT	F-score: 0.553
Lan-BridgeMT	F-score: 0.815
Lan-BridgeMT	F-score: 0.867
Lan-BridgeMT	F-score: 0.696
Lan-BridgeMT	F-score: 0.667
Lan-BridgeMT	F-score: 0.850
Lan-BridgeMT	F-score: 0.689
Lan-BridgeMT	F-score: 0.481
Lan-BridgeMT	F-score: 0.651
Lan-BridgeMT	F-score: 0.667
Lan-BridgeMT	F-score: 0.835
Lan-BridgeMT	F-score: 0.721
Lan-BridgeMT	F-score: 0.609
Lan-BridgeMT	F-score: 0.674
Lan-BridgeMT	F-score: 0.564
Lan-BridgeMT	F-score: 0.559
Lan-BridgeMT	F-score: 0.614
Lan-BridgeMT	F-score: 0.945
Lan-BridgeMT	F-score: 0.900
Lan-BridgeMT	F-score: 0.509
Lan-BridgeMT	F-score: 0.667
Lan-BridgeMT	F-score: 0.638
Lan-BridgeMT	F-score: 0.775
Lan-BridgeMT	F-score: 0.667
Lan-BridgeMT	F-score: 0.821
Lan-BridgeMT	F-score: 0.544
Lan-BridgeMT	F-score: 0.722
Lan-BridgeMT	F-score: 0.689
Lan-BridgeMT	F-score: 0.611
Lan-BridgeMT	F-score: 0.700
Lan-BridgeMT	F-score: 0.900
Lan-BridgeMT	F-score: 0.536
Lan-BridgeMT	F-score: 0.829
Lan-BridgeMT	F-score: 0.643
Lan-BridgeMT	F-score: 0.675
Lan-BridgeMT	F-score: 0.804
Lan-BridgeMT	F-score: 0.623
Lan-BridgeMT	F-score: 0.654
Lan-BridgeMT	F-score: 0.646
Lan-BridgeMT	F-score: 0.655
Lan-BridgeMT	F-score: 0.643
Lan-BridgeMT	F-score: 0.757
Lan-BridgeMT	F-score: 0.701
Lan-BridgeMT	F-score: 0.688
Lan-BridgeMT	F-score: 0.737
Lan-BridgeMT	F-score: 0.640
Lan-BridgeMT	F-score: 0.606
Lan-BridgeMT	F-score: 0.579
Lan-BridgeMT	F-score: 0.734
Lan-BridgeMT	F-score: 0.677
Lan-BridgeMT	F-score: 0.630
Lan-BridgeMT	F-score: 0.540
Lan-BridgeMT	F-score: 0.687
Lan-BridgeMT	F-score: 0.746
Lan-BridgeMT	F-score: 0.643
Lan-BridgeMT	F-score: 0.571
Lan-BridgeMT	F-score: 0.383
Lan-BridgeMT	F-score: 0.657
Lan-BridgeMT	F-score: 0.616
Lan-BridgeMT	F-score: 0.581
Lan-BridgeMT	F-score: 0.496
Lan-BridgeMT	F-score: 0.517
Lan-BridgeMT	F-score: 0.648
Lan-BridgeMT	F-score: 0.548
Lan-BridgeMT	F-score: 0.667
Lan-BridgeMT	F-score: 0.477
Lan-BridgeMT	F-score: 0.522
Lan-BridgeMT	F-score: 0.713
Lan-BridgeMT	F-score: 0.950
Lan-BridgeMT	F-score: 0.674
Lan-BridgeMT	F-score: 0.776
Lan-BridgeMT	F-score: 0.752
Lan-BridgeMT	F-score: 0.762
Lan-BridgeMT	F-score: 0.704
Lan-BridgeMT	F-score: 0.857
Lan-BridgeMT	F-score: 0.744
Lan-BridgeMT	F-score: 0.663
Lan-BridgeMT	F-score: 0.851
Lan-BridgeMT	F-score: 0.794
Lan-BridgeMT	F-score: 0.836
Lan-BridgeMT	F-score: 0.741
Lan-BridgeMT	F-score: 0.827
Lan-BridgeMT	F-score: 0.746
Lan-BridgeMT	F-score: 0.688
Lan-BridgeMT	F-score: 0.741
Lan-BridgeMT	F-score: 0.750
Lan-BridgeMT	F-score: 0.738
Lan-BridgeMT	F-score: 1.000
Lan-BridgeMT	F-score: 0.593
Lan-BridgeMT	F-score: 0.683
Lan-BridgeMT	F-score: 0.895
Lan-BridgeMT	F-score: 0.604
Lan-BridgeMT	F-score: 0.574
Lan-BridgeMT	F-score: 0.630
Lan-BridgeMT	F-score: 0.962
Lan-BridgeMT	F-score: 0.671
Lan-BridgeMT	F-score: 0.720
Lan-BridgeMT	F-score: 0.703
Lan-BridgeMT	F-score: 0.710
Lan-BridgeMT	F-score: 0.810
Lan-BridgeMT	F-score: 0.500
Lan-BridgeMT	F-score: 0.679
Lan-BridgeMT	F-score: 0.742
Lan-BridgeMT	F-score: 0.663
Lan-BridgeMT	F-score: 0.789
Lan-BridgeMT	F-score: 0.813
Lan-BridgeMT	F-score: 0.821
Lan-BridgeMT	F-score: 0.767
Lan-BridgeMT	F-score: 0.746
Lan-BridgeMT	F-score: 0.790
Lan-BridgeMT	F-score: 0.831
Lan-BridgeMT	F-score: 0.497
Lan-BridgeMT	F-score: 0.479
Lan-BridgeMT	F-score: 0.614
Lan-BridgeMT	F-score: 0.423
Lan-BridgeMT	F-score: 0.607
Lan-BridgeMT	F-score: 0.453
Lan-BridgeMT	F-score: 0.567
Lan-BridgeMT	F-score: 0.573
Lan-BridgeMT	F-score: 0.741
Lan-BridgeMT	F-score: 0.844
Lan-BridgeMT	F-score: 0.778
Lan-BridgeMT	F-score: 0.656
Lan-BridgeMT	F-score: 0.600
Lan-BridgeMT	F-score: 0.538
Lan-BridgeMT	F-score: 0.510
Lan-BridgeMT	F-score: 0.699
Lan-BridgeMT	F-score: 0.709
Lan-BridgeMT	F-score: 0.607
Lan-BridgeMT	F-score: 0.726
Lan-BridgeMT	F-score: 0.727
Lan-BridgeMT	F-score: 0.797
Lan-BridgeMT	F-score: 0.633
Lan-BridgeMT	F-score: 0.826
Lan-BridgeMT	F-score: 0.650
Lan-BridgeMT	F-score: 0.750
Lan-BridgeMT	F-score: 0.917
Lan-BridgeMT	F-score: 0.667
Lan-BridgeMT	F-score: 0.571
Lan-BridgeMT	F-score: 0.453
Lan-BridgeMT	F-score: 0.582
Lan-BridgeMT	F-score: 0.641
Lan-BridgeMT	F-score: 0.587
Lan-BridgeMT	F-score: 0.538
Lan-BridgeMT	F-score: 0.632
Lan-BridgeMT	F-score: 0.585
Lan-BridgeMT	F-score: 0.630
Lan-BridgeMT	F-score: 0.762
Lan-BridgeMT	F-score: 0.656
Lan-BridgeMT	F-score: 0.552
Lan-BridgeMT	F-score: 0.613
Lan-BridgeMT	F-score: 0.779
Lan-BridgeMT	F-score: 0.667
Lan-BridgeMT	F-score: 0.947
Lan-BridgeMT	F-score: 0.667
Lan-BridgeMT	F-score: 0.643
Lan-BridgeMT	F-score: 0.612
Lan-BridgeMT	F-score: 0.742
Lan-BridgeMT	F-score: 0.685
Lan-BridgeMT	F-score: 0.750
Lan-BridgeMT	F-score: 0.651
Lan-BridgeMT	F-score: 0.602
Lan-BridgeMT	F-score: 0.667
Lan-BridgeMT	F-score: 0.378
Lan-BridgeMT	F-score: 0.629
Lan-BridgeMT	F-score: 0.551
Lan-BridgeMT	F-score: 0.604
Lan-BridgeMT	F-score: 0.455
Lan-BridgeMT	F-score: 0.603
Lan-BridgeMT	F-score: 0.691
Lan-BridgeMT	F-score: 0.571
Lan-BridgeMT	F-score: 1.000
Lan-BridgeMT	F-score: 0.659
Lan-BridgeMT	F-score: 0.550
Lan-BridgeMT	F-score: 0.638
Lan-BridgeMT	F-score: 0.686
Lan-BridgeMT	F-score: 0.587
Lan-BridgeMT	F-score: 0.873
Lan-BridgeMT	F-score: 0.532
Lan-BridgeMT	F-score: 0.786
Lan-BridgeMT	F-score: 0.842
Lan-BridgeMT	F-score: 0.948
Lan-BridgeMT	F-score: 0.796
Lan-BridgeMT	F-score: 0.826
Lan-BridgeMT	F-score: 0.657
Lan-BridgeMT	F-score: 0.636
Lan-BridgeMT	F-score: 0.913
Lan-BridgeMT	F-score: 0.747
Lan-BridgeMT	F-score: 0.873
Lan-BridgeMT	F-score: 0.759
Lan-BridgeMT	F-score: 0.629
Lan-BridgeMT	F-score: 0.814
Lan-BridgeMT	F-score: 0.651
Lan-BridgeMT	F-score: 0.667
Lan-BridgeMT	F-score: 0.750
Lan-BridgeMT	F-score: 0.912
Lan-BridgeMT	F-score: 0.754
Lan-BridgeMT	F-score: 0.682
Lan-BridgeMT	F-score: 1.000
Lan-BridgeMT	F-score: 0.587
Lan-BridgeMT	F-score: 0.701
Lan-BridgeMT	F-score: 0.495
Lan-BridgeMT	F-score: 0.556
Lan-BridgeMT	F-score: 0.667
Lan-BridgeMT	F-score: 0.744
Lan-BridgeMT	F-score: 0.778
Lan-BridgeMT	F-score: 0.720
Lan-BridgeMT	F-score: 0.609
Lan-BridgeMT	F-score: 0.619
Lan-BridgeMT	F-score: 0.609
Lan-BridgeMT	F-score: 0.555
Lan-BridgeMT	F-score: 0.667
Lan-BridgeMT	F-score: 0.776
Lan-BridgeMT	F-score: 0.762
Lan-BridgeMT	F-score: 0.421
Lan-BridgeMT	F-score: 0.737
Lan-BridgeMT	F-score: 0.508
Lan-BridgeMT	F-score: 0.529
Lan-BridgeMT	F-score: 0.684
Lan-BridgeMT	F-score: 0.708
Lan-BridgeMT	F-score: 0.510
Lan-BridgeMT	F-score: 0.652
Lan-BridgeMT	F-score: 0.633
Lan-BridgeMT	F-score: 0.547
Lan-BridgeMT	F-score: 0.743
Lan-BridgeMT	F-score: 0.909
Lan-BridgeMT	F-score: 0.681
Lan-BridgeMT	F-score: 0.788
Lan-BridgeMT	F-score: 0.540
Lan-BridgeMT	F-score: 0.657
Lan-BridgeMT	F-score: 0.847
Lan-BridgeMT	F-score: 0.476
Lan-BridgeMT	F-score: 0.750
Lan-BridgeMT	F-score: 0.667
Lan-BridgeMT	F-score: 0.846
Lan-BridgeMT	F-score: 1.000
Lan-BridgeMT	F-score: 0.683
Lan-BridgeMT	F-score: 0.817
Lan-BridgeMT	F-score: 0.831
Lan-BridgeMT	F-score: 0.963
Lan-BridgeMT	F-score: 0.533
Lan-BridgeMT	F-score: 0.824
Lan-BridgeMT	F-score: 0.766
Lan-BridgeMT	F-score: 0.621
Lan-BridgeMT	F-score: 0.727
Lan-BridgeMT	F-score: 0.831
Lan-BridgeMT	F-score: 0.689
Lan-BridgeMT	F-score: 0.889
Lan-BridgeMT	F-score: 0.222
Lan-BridgeMT	F-score: 0.783
Lan-BridgeMT	F-score: 0.821
Lan-BridgeMT	F-score: 0.659
Lan-BridgeMT	F-score: 0.776
Lan-BridgeMT	F-score: 0.863
Lan-BridgeMT	F-score: 0.845
Lan-BridgeMT	F-score: 0.714
Lan-BridgeMT	F-score: 0.881
Lan-BridgeMT	F-score: 0.766
Lan-BridgeMT	F-score: 0.774
Lan-BridgeMT	F-score: 0.727
Lan-BridgeMT	F-score: 0.824
Lan-BridgeMT	F-score: 0.400
Lan-BridgeMT	F-score: 0.874
Lan-BridgeMT	F-score: 0.695
Lan-BridgeMT	F-score: 0.800
Lan-BridgeMT	F-score: 0.655
Lan-BridgeMT	F-score: 0.857
Lan-BridgeMT	F-score: 0.909
Lan-BridgeMT	F-score: 0.639
Lan-BridgeMT	F-score: 0.667
Lan-BridgeMT	F-score: 0.375
Lan-BridgeMT	F-score: 0.615
Lan-BridgeMT	F-score: 0.595
Lan-BridgeMT	F-score: 0.741
Lan-BridgeMT	F-score: 0.557
Lan-BridgeMT	F-score: 0.636
Lan-BridgeMT	F-score: 0.857
Lan-BridgeMT	F-score: 0.850
Lan-BridgeMT	F-score: 0.878
Lan-BridgeMT	F-score: 0.837
Lan-BridgeMT	F-score: 0.609
Lan-BridgeMT	F-score: 0.829
Lan-BridgeMT	F-score: 0.938
Lan-BridgeMT	F-score: 0.644
Lan-BridgeMT	F-score: 1.000
Lan-BridgeMT	F-score: 0.733
Lan-BridgeMT	F-score: 1.000
Lan-BridgeMT	F-score: 0.795
Lan-BridgeMT	F-score: 0.896
Lan-BridgeMT	F-score: 0.893
Lan-BridgeMT	F-score: 0.625
Lan-BridgeMT	F-score: 0.760
Lan-BridgeMT	F-score: 0.859
Lan-BridgeMT	F-score: 0.808
Lan-BridgeMT	F-score: 0.659
Lan-BridgeMT	F-score: 0.814
Lan-BridgeMT	F-score: 0.897
Lan-BridgeMT	F-score: 0.787
Lan-BridgeMT	F-score: 0.737
Lan-BridgeMT	F-score: 0.500
Lan-BridgeMT	F-score: 0.634
Lan-BridgeMT	F-score: 0.492
Lan-BridgeMT	F-score: 0.758
Lan-BridgeMT	F-score: 0.857
Lan-BridgeMT	F-score: 0.538
Lan-BridgeMT	F-score: 0.764
Lan-BridgeMT	F-score: 0.783
Lan-BridgeMT	F-score: 0.836
Lan-BridgeMT	F-score: 0.782
Lan-BridgeMT	F-score: 0.606
Lan-BridgeMT	F-score: 0.661
Lan-BridgeMT	F-score: 0.721
Lan-BridgeMT	F-score: 0.753
Lan-BridgeMT	F-score: 0.857
Lan-BridgeMT	F-score: 0.615
Lan-BridgeMT	F-score: 0.523
Lan-BridgeMT	F-score: 0.726
Lan-BridgeMT	F-score: 0.607
Lan-BridgeMT	F-score: 0.583
Lan-BridgeMT	F-score: 0.761
Lan-BridgeMT	F-score: 0.539
Lan-BridgeMT	F-score: 0.794
Lan-BridgeMT	F-score: 0.923
Lan-BridgeMT	F-score: 0.735
Lan-BridgeMT	F-score: 0.557
Lan-BridgeMT	F-score: 1.000
Lan-BridgeMT	F-score: 0.857
Lan-BridgeMT	F-score: 0.884
Lan-BridgeMT	F-score: 0.667
Lan-BridgeMT	F-score: 0.744
Lan-BridgeMT	F-score: 0.587
Lan-BridgeMT	F-score: 0.747
Lan-BridgeMT	F-score: 0.739
Lan-BridgeMT	F-score: 0.739
Lan-BridgeMT	F-score: 0.797
Lan-BridgeMT	F-score: 0.810
Lan-BridgeMT	F-score: 0.787
Lan-BridgeMT	F-score: 0.730
Lan-BridgeMT	F-score: 0.835
Lan-BridgeMT	F-score: 0.794
Lan-BridgeMT	F-score: 0.723
Lan-BridgeMT	F-score: 0.827
Lan-BridgeMT	F-score: 0.814
Lan-BridgeMT	F-score: 1.000
Lan-BridgeMT	F-score: 1.000
Lan-BridgeMT	F-score: 0.717
Lan-BridgeMT	F-score: 0.902
Lan-BridgeMT	F-score: 0.845
Lan-BridgeMT	F-score: 0.876
Lan-BridgeMT	F-score: 0.551
Lan-BridgeMT	F-score: 0.798
Lan-BridgeMT	F-score: 0.818
Lan-BridgeMT	F-score: 0.625
Lan-BridgeMT	F-score: 0.926
Lan-BridgeMT	F-score: 1.000
Lan-BridgeMT	F-score: 0.677
Lan-BridgeMT	F-score: 0.636
Lan-BridgeMT	F-score: 0.925
Lan-BridgeMT	F-score: 1.000
Lan-BridgeMT	F-score: 0.835
Lan-BridgeMT	F-score: 0.701
Lan-BridgeMT	F-score: 0.811
Lan-BridgeMT	F-score: 0.662
Lan-BridgeMT	F-score: 0.717
Lan-BridgeMT	F-score: 1.000
Lan-BridgeMT	F-score: 0.786
Lan-BridgeMT	F-score: 0.333
Lan-BridgeMT	F-score: 0.814
Lan-BridgeMT	F-score: 0.700
Lan-BridgeMT	F-score: 0.711
Lan-BridgeMT	F-score: 0.758
Lan-BridgeMT	F-score: 0.775
Lan-BridgeMT	F-score: 0.727
Lan-BridgeMT	F-score: 0.561
Lan-BridgeMT	F-score: 0.750
Lan-BridgeMT	F-score: 0.621
Lan-BridgeMT	F-score: 0.436
Lan-BridgeMT	F-score: 0.536
Lan-BridgeMT	F-score: 0.400
Lan-BridgeMT	F-score: 0.727
Lan-BridgeMT	F-score: 0.693
Lan-BridgeMT	F-score: 0.816
Lan-BridgeMT	F-score: 0.690
Lan-BridgeMT	F-score: 0.557
Lan-BridgeMT	F-score: 0.643
Lan-BridgeMT	F-score: 0.735
Lan-BridgeMT	F-score: 0.789
Lan-BridgeMT	F-score: 0.769
Lan-BridgeMT	F-score: 0.868
Lan-BridgeMT	F-score: 0.565
Lan-BridgeMT	F-score: 0.539
Lan-BridgeMT	F-score: 0.708
Lan-BridgeMT	F-score: 0.348
Lan-BridgeMT	F-score: 0.545
Lan-BridgeMT	F-score: 0.520
Lan-BridgeMT	F-score: 1.000
Lan-BridgeMT	F-score: 0.351
Lan-BridgeMT	F-score: 0.759
Lan-BridgeMT	F-score: 0.875
Lan-BridgeMT	F-score: 0.700
Lan-BridgeMT	F-score: 0.652
Lan-BridgeMT	F-score: 0.862
Lan-BridgeMT	F-score: 1.000
Lan-BridgeMT	F-score: 0.200
Lan-BridgeMT	F-score: 0.552
Lan-BridgeMT	F-score: 0.667
Lan-BridgeMT	F-score: 0.523
Lan-BridgeMT	F-score: 0.606
Lan-BridgeMT	F-score: 0.483
Lan-BridgeMT	F-score: 0.750
Lan-BridgeMT	F-score: 0.667
Lan-BridgeMT	F-score: 0.490
Lan-BridgeMT	F-score: 0.783
Lan-BridgeMT	F-score: 0.686
Lan-BridgeMT	F-score: 0.623
Lan-BridgeMT	F-score: 0.582
Lan-BridgeMT	F-score: 0.639
Lan-BridgeMT	F-score: 0.444
Lan-BridgeMT	F-score: 0.800
Lan-BridgeMT	F-score: 0.612
Lan-BridgeMT	F-score: 0.904
Lan-BridgeMT	F-score: 0.885
Lan-BridgeMT	F-score: 1.000
Lan-BridgeMT	F-score: 1.000
Lan-BridgeMT	F-score: 0.625
Lan-BridgeMT	F-score: 0.867
Lan-BridgeMT	F-score: 0.400
Lan-BridgeMT	F-score: 0.538
Lan-BridgeMT	F-score: 0.343
Lan-BridgeMT	F-score: 0.644
Lan-BridgeMT	F-score: 0.505
Lan-BridgeMT	F-score: 0.667
Lan-BridgeMT	F-score: 0.857
Lan-BridgeMT	F-score: 0.584
Lan-BridgeMT	F-score: 0.703
Lan-BridgeMT	F-score: 0.800
Lan-BridgeMT	F-score: 0.667
Lan-BridgeMT	F-score: 0.516
Lan-BridgeMT	F-score: 0.778
Lan-BridgeMT	F-score: 0.444
Lan-BridgeMT	F-score: 0.800
Lan-BridgeMT	F-score: 0.500
Lan-BridgeMT	F-score: 0.125
Lan-BridgeMT	F-score: 0.695
Lan-BridgeMT	F-score: 0.780
Lan-BridgeMT	F-score: 0.632
Lan-BridgeMT	F-score: 0.643
Lan-BridgeMT	F-score: 0.613
Lan-BridgeMT	F-score: 0.844
Lan-BridgeMT	F-score: 0.788
Lan-BridgeMT	F-score: 0.482
Lan-BridgeMT	F-score: 0.654
Lan-BridgeMT	F-score: 0.497
Lan-BridgeMT	F-score: 0.591
Lan-BridgeMT	F-score: 0.532
Lan-BridgeMT	F-score: 0.538
Lan-BridgeMT	F-score: 0.388
Lan-BridgeMT	F-score: 0.522
Lan-BridgeMT	F-score: 0.750
Lan-BridgeMT	F-score: 0.650
Lan-BridgeMT	F-score: 0.483
Lan-BridgeMT	F-score: 0.597
Lan-BridgeMT	F-score: 0.588
Lan-BridgeMT	F-score: 0.917
Lan-BridgeMT	F-score: 0.846
Lan-BridgeMT	F-score: 0.602
Lan-BridgeMT	F-score: 0.833
Lan-BridgeMT	F-score: 0.542
Lan-BridgeMT	F-score: 0.597
Lan-BridgeMT	F-score: 0.667
Lan-BridgeMT	F-score: 0.533
Lan-BridgeMT	F-score: 0.769
Lan-BridgeMT	F-score: 0.600
Lan-BridgeMT	F-score: 0.545
Lan-BridgeMT	F-score: 0.562
Lan-BridgeMT	F-score: 0.670
Lan-BridgeMT	F-score: 0.776
Lan-BridgeMT	F-score: 0.778
Lan-BridgeMT	F-score: 0.950
Lan-BridgeMT	F-score: 0.585
Lan-BridgeMT	F-score: 0.800
Lan-BridgeMT	F-score: 0.629
Lan-BridgeMT	F-score: 0.667
Lan-BridgeMT	F-score: 0.456
Lan-BridgeMT	F-score: 0.680
Lan-BridgeMT	F-score: 0.250
Lan-BridgeMT	F-score: 0.250
Lan-BridgeMT	F-score: 0.167
Lan-BridgeMT	F-score: 0.675
Lan-BridgeMT	F-score: 0.450
Lan-BridgeMT	F-score: 0.478
Lan-BridgeMT	F-score: 0.690
Lan-BridgeMT	F-score: 0.308
Lan-BridgeMT	F-score: 0.786
Lan-BridgeMT	F-score: 0.714
Lan-BridgeMT	F-score: 0.791
Lan-BridgeMT	F-score: 0.750
Lan-BridgeMT	F-score: 0.606
Lan-BridgeMT	F-score: 0.533
Lan-BridgeMT	F-score: 0.444
Lan-BridgeMT	F-score: 0.698
Lan-BridgeMT	F-score: 0.597
Lan-BridgeMT	F-score: 0.767
Lan-BridgeMT	F-score: 0.732
Lan-BridgeMT	F-score: 0.500
Lan-BridgeMT	F-score: 0.419
Lan-BridgeMT	F-score: 0.667
Lan-BridgeMT	F-score: 0.600
Lan-BridgeMT	F-score: 0.607
Lan-BridgeMT	F-score: 0.837
Lan-BridgeMT	F-score: 0.556
Lan-BridgeMT	F-score: 0.667
Lan-BridgeMT	F-score: 0.786
Lan-BridgeMT	F-score: 0.767
Lan-BridgeMT	F-score: 0.750
Lan-BridgeMT	F-score: 0.667
Lan-BridgeMT	F-score: 0.388
Lan-BridgeMT	F-score: 0.400
Lan-BridgeMT	F-score: 0.500
Lan-BridgeMT	F-score: 0.522
Lan-BridgeMT	F-score: 0.909
Lan-BridgeMT	F-score: 0.696
Lan-BridgeMT	F-score: 0.480
Lan-BridgeMT	F-score: 0.719
Lan-BridgeMT	F-score: 0.522
Lan-BridgeMT	F-score: 0.343
Lan-BridgeMT	F-score: 0.800
Lan-BridgeMT	F-score: 0.577
Lan-BridgeMT	F-score: 0.625
Lan-BridgeMT	F-score: 0.800
Lan-BridgeMT	F-score: 0.500
Lan-BridgeMT	F-score: 0.941
Lan-BridgeMT	F-score: 0.145
Lan-BridgeMT	F-score: 0.411
Lan-BridgeMT	F-score: 0.512
Lan-BridgeMT	F-score: 0.483
Lan-BridgeMT	F-score: 0.387
Lan-BridgeMT	F-score: 0.293
Lan-BridgeMT	F-score: 0.421
Lan-BridgeMT	F-score: 0.560
Lan-BridgeMT	F-score: 0.419
Lan-BridgeMT	F-score: 0.455
Lan-BridgeMT	F-score: 0.485
Lan-BridgeMT	F-score: 0.657
Lan-BridgeMT	F-score: 0.377
Lan-BridgeMT	F-score: 0.317
Lan-BridgeMT	F-score: 0.222
Lan-BridgeMT	F-score: 1.000
Lan-BridgeMT	F-score: 0.700
Lan-BridgeMT	F-score: 0.607
Lan-BridgeMT	F-score: 0.602
Lan-BridgeMT	F-score: 0.551
Lan-BridgeMT	F-score: 0.564
Lan-BridgeMT	F-score: 0.804
Lan-BridgeMT	F-score: 0.286
Lan-BridgeMT	F-score: 0.619
Lan-BridgeMT	F-score: 0.682
Lan-BridgeMT	F-score: 0.374
Lan-BridgeMT	F-score: 0.563
Lan-BridgeMT	F-score: 0.491
Lan-BridgeMT	F-score: 0.361
Lan-BridgeMT	F-score: 0.469
Lan-BridgeMT	F-score: 0.333
Lan-BridgeMT	F-score: 0.629
Lan-BridgeMT	F-score: 0.514
Lan-BridgeMT	F-score: 0.359
Lan-BridgeMT	F-score: 0.696
Lan-BridgeMT	F-score: 0.957
Lan-BridgeMT	F-score: 0.522
Lan-BridgeMT	F-score: 0.800
Lan-BridgeMT	F-score: 0.500
Lan-BridgeMT	F-score: 1.000
Lan-BridgeMT	F-score: 0.632
Lan-BridgeMT	F-score: 0.609
Lan-BridgeMT	F-score: 0.750
Lan-BridgeMT	F-score: 0.587
Lan-BridgeMT	F-score: 0.689
Lan-BridgeMT	F-score: 0.842
Lan-BridgeMT	F-score: 0.677
Lan-BridgeMT	F-score: 0.714
Lan-BridgeMT	F-score: 0.323
Lan-BridgeMT	F-score: 1.000
Lan-BridgeMT	F-score: 0.825
Lan-BridgeMT	F-score: 0.941
Lan-BridgeMT	F-score: 0.632
Lan-BridgeMT	F-score: 0.602
Lan-BridgeMT	F-score: 0.653
Lan-BridgeMT	F-score: 0.625
Lan-BridgeMT	F-score: 0.688
Lan-BridgeMT	F-score: 0.656
Lan-BridgeMT	F-score: 0.684
Lan-BridgeMT	F-score: 0.556
Lan-BridgeMT	F-score: 0.667
Lan-BridgeMT	F-score: 0.727
Lan-BridgeMT	F-score: 0.765
Lan-BridgeMT	F-score: 0.619
Lan-BridgeMT	F-score: 0.619
Lan-BridgeMT	F-score: 0.333
Lan-BridgeMT	F-score: 0.519
Lan-BridgeMT	F-score: 0.515
Lan-BridgeMT	F-score: 0.667
Lan-BridgeMT	F-score: 0.455
Lan-BridgeMT	F-score: 0.677
Lan-BridgeMT	F-score: 0.519
Lan-BridgeMT	F-score: 0.483
Lan-BridgeMT	F-score: 0.778
Lan-BridgeMT	F-score: 0.750
Lan-BridgeMT	F-score: 0.444
Lan-BridgeMT	F-score: 0.767
Lan-BridgeMT	F-score: 0.740
Lan-BridgeMT	F-score: 0.333
Lan-BridgeMT	F-score: 0.474
Lan-BridgeMT	F-score: 0.718
Lan-BridgeMT	F-score: 0.649
Lan-BridgeMT	F-score: 1.000
Lan-BridgeMT	F-score: 0.496
Lan-BridgeMT	F-score: 0.523
Lan-BridgeMT	F-score: 0.847
Lan-BridgeMT	F-score: 0.644
Lan-BridgeMT	F-score: 0.955
Lan-BridgeMT	F-score: 0.933
Lan-BridgeMT	F-score: 0.667
Lan-BridgeMT	F-score: 0.681
Lan-BridgeMT	F-score: 0.296
Lan-BridgeMT	F-score: 0.556
Lan-BridgeMT	F-score: 0.793
Lan-BridgeMT	F-score: 0.667
Lan-BridgeMT	F-score: 0.780
Lan-BridgeMT	F-score: 0.833
Lan-BridgeMT	F-score: 0.557
Lan-BridgeMT	F-score: 0.490
Lan-BridgeMT	F-score: 0.513
Lan-BridgeMT	F-score: 0.572
Lan-BridgeMT	F-score: 0.852
Lan-BridgeMT	F-score: 0.333
Lan-BridgeMT	F-score: 0.400
Lan-BridgeMT	F-score: 0.455
Lan-BridgeMT	F-score: 0.603
Lan-BridgeMT	F-score: 0.400
Lan-BridgeMT	F-score: 0.685
Lan-BridgeMT	F-score: 0.719
Lan-BridgeMT	F-score: 0.826
Lan-BridgeMT	F-score: 0.647
Lan-BridgeMT	F-score: 0.750
Lan-BridgeMT	F-score: 0.642
Lan-BridgeMT	F-score: 0.449
Lan-BridgeMT	F-score: 0.340
Lan-BridgeMT	F-score: 0.500
Lan-BridgeMT	F-score: 1.000
Lan-BridgeMT	F-score: 0.476
Lan-BridgeMT	F-score: 0.713
Lan-BridgeMT	F-score: 0.316
Lan-BridgeMT	F-score: 0.862
Lan-BridgeMT	F-score: 0.878
Lan-BridgeMT	F-score: 0.513
Lan-BridgeMT	F-score: 0.667
Lan-BridgeMT	F-score: 0.711
Lan-BridgeMT	F-score: 0.182
Lan-BridgeMT	F-score: 0.435
Lan-BridgeMT	F-score: 0.649
Lan-BridgeMT	F-score: 0.667
Lan-BridgeMT	F-score: 0.649
Lan-BridgeMT	F-score: 0.394
Lan-BridgeMT	F-score: 0.863
Lan-BridgeMT	F-score: 0.833
Lan-BridgeMT	F-score: 0.810
Lan-BridgeMT	F-score: 0.806
Lan-BridgeMT	F-score: 0.750
Lan-BridgeMT	F-score: 0.672
Lan-BridgeMT	F-score: 0.571
Lan-BridgeMT	F-score: 0.483
Lan-BridgeMT	F-score: 0.697
Lan-BridgeMT	F-score: 0.554
Lan-BridgeMT	F-score: 0.774
Lan-BridgeMT	F-score: 0.630
Lan-BridgeMT	F-score: 0.655
Lan-BridgeMT	F-score: 0.511
Lan-BridgeMT	F-score: 0.815
Lan-BridgeMT	F-score: 0.492
Lan-BridgeMT	F-score: 0.800
Lan-BridgeMT	F-score: 0.319
Lan-BridgeMT	F-score: 0.537
Lan-BridgeMT	F-score: 0.600
Lan-BridgeMT	F-score: 0.795
Lan-BridgeMT	F-score: 0.867
Lan-BridgeMT	F-score: 0.750
Lan-BridgeMT	F-score: 0.768
Lan-BridgeMT	F-score: 0.706
Lan-BridgeMT	F-score: 0.830
Lan-BridgeMT	F-score: 1.000
Lan-BridgeMT	F-score: 0.400
Lan-BridgeMT	F-score: 0.615
Lan-BridgeMT	F-score: 0.672
Lan-BridgeMT	F-score: 0.500
Lan-BridgeMT	F-score: 0.885
Lan-BridgeMT	F-score: 0.553
Lan-BridgeMT	F-score: 0.397
Lan-BridgeMT	F-score: 0.867
Lan-BridgeMT	F-score: 0.708
Lan-BridgeMT	F-score: 0.563
Lan-BridgeMT	F-score: 0.467
Lan-BridgeMT	F-score: 0.566
Lan-BridgeMT	F-score: 0.370
Lan-BridgeMT	F-score: 0.667
Lan-BridgeMT	F-score: 0.792
Lan-BridgeMT	F-score: 0.457
Lan-BridgeMT	F-score: 0.643
Lan-BridgeMT	F-score: 0.500
Lan-BridgeMT	F-score: 0.667
Lan-BridgeMT	F-score: 0.750
Lan-BridgeMT	F-score: 0.426
Lan-BridgeMT	F-score: 0.454
Lan-BridgeMT	F-score: 0.800
Lan-BridgeMT	F-score: 0.682
Lan-BridgeMT	F-score: 0.650
Lan-BridgeMT	F-score: 0.737
Lan-BridgeMT	F-score: 0.400
Lan-BridgeMT	F-score: 0.778
Lan-BridgeMT	F-score: 0.723
Lan-BridgeMT	F-score: 0.471
Lan-BridgeMT	F-score: 0.562
Lan-BridgeMT	F-score: 0.717
Lan-BridgeMT	F-score: 0.423
Lan-BridgeMT	F-score: 0.538
Lan-BridgeMT	F-score: 0.647
Lan-BridgeMT	F-score: 0.750
Lan-BridgeMT	F-score: 0.686
Lan-BridgeMT	F-score: 0.819
Lan-BridgeMT	F-score: 0.593
Lan-BridgeMT	F-score: 0.769
Lan-BridgeMT	F-score: 0.533
Lan-BridgeMT	F-score: 0.698
Lan-BridgeMT	F-score: 0.190
Lan-BridgeMT	F-score: 0.548
Lan-BridgeMT	F-score: 0.917
Lan-BridgeMT	F-score: 0.800
Lan-BridgeMT	F-score: 0.535
Lan-BridgeMT	F-score: 0.585
Lan-BridgeMT	F-score: 0.583
Lan-BridgeMT	F-score: 0.584
Lan-BridgeMT	F-score: 0.590
Lan-BridgeMT	F-score: 0.429
Lan-BridgeMT	F-score: 0.415
Lan-BridgeMT	F-score: 0.500
Lan-BridgeMT	F-score: 0.769
Lan-BridgeMT	F-score: 1.000
Lan-BridgeMT	F-score: 0.750
Lan-BridgeMT	F-score: 0.704
Lan-BridgeMT	F-score: 0.500
Lan-BridgeMT	F-score: 0.667
Lan-BridgeMT	F-score: 0.333
Lan-BridgeMT	F-score: 0.819
Lan-BridgeMT	F-score: 0.817
Lan-BridgeMT	F-score: 0.618
Lan-BridgeMT	F-score: 0.442
Lan-BridgeMT	F-score: 0.571
Lan-BridgeMT	F-score: 0.853
Lan-BridgeMT	F-score: 0.517
Lan-BridgeMT	F-score: 0.615
Lan-BridgeMT	F-score: 0.250
Lan-BridgeMT	F-score: 0.651
Lan-BridgeMT	F-score: 0.660
Lan-BridgeMT	F-score: 0.560
Lan-BridgeMT	F-score: 0.788
Lan-BridgeMT	F-score: 0.727
Lan-BridgeMT	F-score: 0.625
Lan-BridgeMT	F-score: 0.778
Lan-BridgeMT	F-score: 0.824
Lan-BridgeMT	F-score: 0.522
Lan-BridgeMT	F-score: 0.438
Lan-BridgeMT	F-score: 0.818
Lan-BridgeMT	F-score: 0.625
Lan-BridgeMT	F-score: 0.938
Lan-BridgeMT	F-score: 0.630
Lan-BridgeMT	F-score: 0.484
Lan-BridgeMT	F-score: 0.870
Lan-BridgeMT	F-score: 0.622
Lan-BridgeMT	F-score: 0.357
Lan-BridgeMT	F-score: 0.840
Lan-BridgeMT	F-score: 0.692
Lan-BridgeMT	F-score: 1.000
Lan-BridgeMT	F-score: 0.750
Lan-BridgeMT	F-score: 0.621
Lan-BridgeMT	F-score: 0.441
Lan-BridgeMT	F-score: 0.364
Lan-BridgeMT	F-score: 0.571
Lan-BridgeMT	F-score: 0.571
Lan-BridgeMT	F-score: 0.568
Lan-BridgeMT	F-score: 0.467
Lan-BridgeMT	F-score: 0.750
Lan-BridgeMT	F-score: 0.598
Lan-BridgeMT	F-score: 1.000
Lan-BridgeMT	F-score: 0.857
Lan-BridgeMT	F-score: 0.692
Lan-BridgeMT	F-score: 0.909
Lan-BridgeMT	F-score: 0.667
Lan-BridgeMT	F-score: 0.647
Lan-BridgeMT	F-score: 0.453
Lan-BridgeMT	F-score: 0.541
Lan-BridgeMT	F-score: 0.588
Lan-BridgeMT	F-score: 0.509
Lan-BridgeMT	F-score: 0.364
Lan-BridgeMT	F-score: 0.448
Lan-BridgeMT	F-score: 0.408
Lan-BridgeMT	F-score: 0.348
Lan-BridgeMT	F-score: 0.300
Lan-BridgeMT	F-score: 0.716
Lan-BridgeMT	F-score: 0.875
Lan-BridgeMT	F-score: 0.689
Lan-BridgeMT	F-score: 0.788
Lan-BridgeMT	F-score: 0.417
Lan-BridgeMT	F-score: 0.442
Lan-BridgeMT	F-score: 0.375
Lan-BridgeMT	F-score: 0.311
Lan-BridgeMT	F-score: 0.714
Lan-BridgeMT	F-score: 0.612
Lan-BridgeMT	F-score: 0.714
Lan-BridgeMT	F-score: 0.556
Lan-BridgeMT	F-score: 0.424
Lan-BridgeMT	F-score: 0.941
Lan-BridgeMT	F-score: 0.517
Lan-BridgeMT	F-score: 1.000
Lan-BridgeMT	F-score: 0.610
Lan-BridgeMT	F-score: 0.643
Lan-BridgeMT	F-score: 0.231
Lan-BridgeMT	F-score: 0.667
Lan-BridgeMT	F-score: 0.509
Lan-BridgeMT	F-score: 0.303
Lan-BridgeMT	F-score: 0.421
Lan-BridgeMT	F-score: 0.692
Lan-BridgeMT	F-score: 0.327
Lan-BridgeMT	F-score: 0.800
Lan-BridgeMT	F-score: 0.620
Lan-BridgeMT	F-score: 0.571
Lan-BridgeMT	F-score: 0.667
Lan-BridgeMT	F-score: 0.538
Lan-BridgeMT	F-score: 0.750
Lan-BridgeMT	F-score: 0.762
Lan-BridgeMT	F-score: 1.000
Lan-BridgeMT	F-score: 0.933
Lan-BridgeMT	F-score: 0.625
Lan-BridgeMT	F-score: 0.587
Lan-BridgeMT	F-score: 0.637
Lan-BridgeMT	F-score: 0.752
Lan-BridgeMT	F-score: 0.749
Lan-BridgeMT	F-score: 0.545
Lan-BridgeMT	F-score: 0.400
Lan-BridgeMT	F-score: 1.000
Lan-BridgeMT	F-score: 0.963
Lan-BridgeMT	F-score: 0.182
Lan-BridgeMT	F-score: 0.825
Lan-BridgeMT	F-score: 0.933
Lan-BridgeMT	F-score: 0.564
Lan-BridgeMT	F-score: 0.475
Lan-BridgeMT	F-score: 0.550
Lan-BridgeMT	F-score: 0.449
Lan-BridgeMT	F-score: 0.912
Lan-BridgeMT	F-score: 0.538
Lan-BridgeMT	F-score: 0.493
Lan-BridgeMT	F-score: 0.553
Lan-BridgeMT	F-score: 0.200
Lan-BridgeMT	F-score: 0.692
Lan-BridgeMT	F-score: 0.733
Lan-BridgeMT	F-score: 0.682
Lan-BridgeMT	F-score: 0.532
Lan-BridgeMT	F-score: 0.423
Lan-BridgeMT	F-score: 0.350
Lan-BridgeMT	F-score: 0.567
Lan-BridgeMT	F-score: 0.642
Lan-BridgeMT	F-score: 0.400
Lan-BridgeMT	F-score: 0.750
Lan-BridgeMT	F-score: 0.562
Lan-BridgeMT	F-score: 0.687
Lan-BridgeMT	F-score: 0.653
Lan-BridgeMT	F-score: 0.486
Lan-BridgeMT	F-score: 0.706
Lan-BridgeMT	F-score: 1.000
Lan-BridgeMT	F-score: 0.735
Lan-BridgeMT	F-score: 0.667
Lan-BridgeMT	F-score: 0.625
Lan-BridgeMT	F-score: 0.535
Lan-BridgeMT	F-score: 1.000
Lan-BridgeMT	F-score: 0.925
Lan-BridgeMT	F-score: 0.759
Lan-BridgeMT	F-score: 0.500
Lan-BridgeMT	F-score: 0.336
Lan-BridgeMT	F-score: 0.394
Lan-BridgeMT	F-score: 1.000
Lan-BridgeMT	F-score: 0.958
Lan-BridgeMT	F-score: 0.558
Lan-BridgeMT	F-score: 0.571
Lan-BridgeMT	F-score: 0.276
Lan-BridgeMT	F-score: 0.468
Lan-BridgeMT	F-score: 0.278
Lan-BridgeMT	F-score: 0.368
Lan-BridgeMT	F-score: 0.634
Lan-BridgeMT	F-score: 0.613
Lan-BridgeMT	F-score: 0.494
Lan-BridgeMT	F-score: 0.870
Lan-BridgeMT	F-score: 0.500
Lan-BridgeMT	F-score: 0.857
Lan-BridgeMT	F-score: 0.455
Lan-BridgeMT	F-score: 0.757
Lan-BridgeMT	F-score: 0.533
Lan-BridgeMT	F-score: 0.759
Lan-BridgeMT	F-score: 0.610
Lan-BridgeMT	F-score: 0.800
Lan-BridgeMT	F-score: 0.606
Lan-BridgeMT	F-score: 0.800
Lan-BridgeMT	F-score: 0.727
Lan-BridgeMT	F-score: 0.364
Lan-BridgeMT	F-score: 0.267
Lan-BridgeMT	F-score: 0.414
Lan-BridgeMT	F-score: 0.452
Lan-BridgeMT	F-score: 1.000
Lan-BridgeMT	F-score: 0.700
Lan-BridgeMT	F-score: 0.523
Lan-BridgeMT	F-score: 0.929
Lan-BridgeMT	F-score: 0.518
Lan-BridgeMT	F-score: 0.767
Lan-BridgeMT	F-score: 0.825
Lan-BridgeMT	F-score: 0.444
Lan-BridgeMT	F-score: 0.625
Lan-BridgeMT	F-score: 1.000
Lan-BridgeMT	F-score: 0.716
Lan-BridgeMT	F-score: 0.776
Lan-BridgeMT	F-score: 0.500
Lan-BridgeMT	F-score: 0.717
Lan-BridgeMT	F-score: 1.000
Lan-BridgeMT	F-score: 0.354
Lan-BridgeMT	F-score: 0.742
Lan-BridgeMT	F-score: 0.512
Lan-BridgeMT	F-score: 0.429
Lan-BridgeMT	F-score: 0.725
Lan-BridgeMT	F-score: 0.658
Lan-BridgeMT	F-score: 0.432
Lan-BridgeMT	F-score: 0.688
Lan-BridgeMT	F-score: 0.500
Lan-BridgeMT	F-score: 0.500
Lan-BridgeMT	F-score: 0.800
Lan-BridgeMT	F-score: 0.800
Lan-BridgeMT	F-score: 0.308
Lan-BridgeMT	F-score: 0.524
Lan-BridgeMT	F-score: 1.000
Lan-BridgeMT	F-score: 1.000
Lan-BridgeMT	F-score: 0.581
Lan-BridgeMT	F-score: 0.759
Lan-BridgeMT	F-score: 0.667
Lan-BridgeMT	F-score: 0.833
Lan-BridgeMT	F-score: 0.759
Lan-BridgeMT	F-score: 0.750
Lan-BridgeMT	F-score: 0.300
Lan-BridgeMT	F-score: 0.333
Lan-BridgeMT	F-score: 0.348
Lan-BridgeMT	F-score: 1.000
Lan-BridgeMT	F-score: 0.954
Lan-BridgeMT	F-score: 0.768
Lan-BridgeMT	F-score: 0.642
Lan-BridgeMT	F-score: 0.682
Lan-BridgeMT	F-score: 0.826
Lan-BridgeMT	F-score: 0.754
Lan-BridgeMT	F-score: 0.667
Lan-BridgeMT	F-score: 0.466
Lan-BridgeMT	F-score: 0.957
Lan-BridgeMT	F-score: 0.530
Lan-BridgeMT	F-score: 0.564
Lan-BridgeMT	F-score: 0.462
Lan-BridgeMT	F-score: 0.617
Lan-BridgeMT	F-score: 0.510
Lan-BridgeMT	F-score: 0.537
Lan-BridgeMT	F-score: 0.688
Lan-BridgeMT	F-score: 0.689
Lan-BridgeMT	F-score: 0.750
Lan-BridgeMT	F-score: 0.500
Lan-BridgeMT	F-score: 0.510
Lan-BridgeMT	F-score: 0.514
Lan-BridgeMT	F-score: 0.636
Lan-BridgeMT	F-score: 1.000
Lan-BridgeMT	F-score: 0.546
Lan-BridgeMT	F-score: 0.870
Lan-BridgeMT	F-score: 0.364
Lan-BridgeMT	F-score: 0.875
Lan-BridgeMT	F-score: 0.889
Lan-BridgeMT	F-score: 0.516
Lan-BridgeMT	F-score: 0.703
Lan-BridgeMT	F-score: 0.692
Lan-BridgeMT	F-score: 0.456
Lan-BridgeMT	F-score: 0.597
Lan-BridgeMT	F-score: 0.483
Lan-BridgeMT	F-score: 0.788
Lan-BridgeMT	F-score: 0.400
Lan-BridgeMT	F-score: 0.510
Lan-BridgeMT	F-score: 0.400
Lan-BridgeMT	F-score: 0.600
Lan-BridgeMT	F-score: 0.500
Lan-BridgeMT	F-score: 0.571
Lan-BridgeMT	F-score: 0.786
Lan-BridgeMT	F-score: 0.500
Lan-BridgeMT	F-score: 0.571
Lan-BridgeMT	F-score: 0.400
Lan-BridgeMT	F-score: 0.857
Lan-BridgeMT	F-score: 0.500
Lan-BridgeMT	F-score: 0.714
Lan-BridgeMT	F-score: 0.533
Lan-BridgeMT	F-score: 0.400
Lan-BridgeMT	F-score: 0.667
Lan-BridgeMT	F-score: 0.560
Lan-BridgeMT	F-score: 0.857
Lan-BridgeMT	F-score: 0.864
Lan-BridgeMT	F-score: 0.756
Lan-BridgeMT	F-score: 0.588
Lan-BridgeMT	F-score: 0.692
Lan-BridgeMT	F-score: 0.875
Lan-BridgeMT	F-score: 0.276
Lan-BridgeMT	F-score: 0.769
Lan-BridgeMT	F-score: 1.000
Lan-BridgeMT	F-score: 0.587
Lan-BridgeMT	F-score: 0.412
Lan-BridgeMT	F-score: 0.630
Lan-BridgeMT	F-score: 0.200
Lan-BridgeMT	F-score: 0.543
Lan-BridgeMT	F-score: 0.667
Lan-BridgeMT	F-score: 0.875
Lan-BridgeMT	F-score: 0.519
Lan-BridgeMT	F-score: 0.105
Lan-BridgeMT	F-score: 0.578
Lan-BridgeMT	F-score: 0.569
Lan-BridgeMT	F-score: 0.909
Lan-BridgeMT	F-score: 0.649
Lan-BridgeMT	F-score: 0.353
Lan-BridgeMT	F-score: 0.754
Lan-BridgeMT	F-score: 0.583
Lan-BridgeMT	F-score: 0.750
Lan-BridgeMT	F-score: 0.267
Lan-BridgeMT	F-score: 0.879
Lan-BridgeMT	F-score: 0.706
Lan-BridgeMT	F-score: 0.714
Lan-BridgeMT	F-score: 0.516
Lan-BridgeMT	F-score: 0.732
Lan-BridgeMT	F-score: 0.715
Lan-BridgeMT	F-score: 0.429
Lan-BridgeMT	F-score: 0.608
Lan-BridgeMT	F-score: 0.509
Lan-BridgeMT	F-score: 0.500
Lan-BridgeMT	F-score: 0.455
Lan-BridgeMT	F-score: 0.780
Lan-BridgeMT	F-score: 0.320
Lan-BridgeMT	F-score: 0.500
Lan-BridgeMT	F-score: 0.833
Lan-BridgeMT	F-score: 0.545
Lan-BridgeMT	F-score: 0.333
Lan-BridgeMT	F-score: 0.548
Lan-BridgeMT	F-score: 0.705
Lan-BridgeMT	F-score: 0.672
Lan-BridgeMT	F-score: 0.500
Lan-BridgeMT	F-score: 0.778
Lan-BridgeMT	F-score: 0.435
Lan-BridgeMT	F-score: 0.500
Lan-BridgeMT	F-score: 0.929
Lan-BridgeMT	F-score: 0.939
Lan-BridgeMT	F-score: 0.714
Lan-BridgeMT	F-score: 1.000
Lan-BridgeMT	F-score: 0.833
Lan-BridgeMT	F-score: 0.691
Lan-BridgeMT	F-score: 0.839
Lan-BridgeMT	F-score: 0.880
Lan-BridgeMT	F-score: 1.000
Lan-BridgeMT	F-score: 0.784
Lan-BridgeMT	F-score: 0.471
Lan-BridgeMT	F-score: 0.566
Lan-BridgeMT	F-score: 0.571
Lan-BridgeMT	F-score: 0.619
Lan-BridgeMT	F-score: 0.600
Lan-BridgeMT	F-score: 0.909
Lan-BridgeMT	F-score: 1.000
Lan-BridgeMT	F-score: 0.579
Lan-BridgeMT	F-score: 0.636
Lan-BridgeMT	F-score: 0.667
Lan-BridgeMT	F-score: 0.619
Lan-BridgeMT	F-score: 0.905
Lan-BridgeMT	F-score: 0.691
Lan-BridgeMT	F-score: 0.682
Lan-BridgeMT	F-score: 0.615
Lan-BridgeMT	F-score: 0.409
Lan-BridgeMT	F-score: 0.588
Lan-BridgeMT	F-score: 0.355
Lan-BridgeMT	F-score: 0.364
Lan-BridgeMT	F-score: 0.615
Lan-BridgeMT	F-score: 0.537
Lan-BridgeMT	F-score: 0.429
Lan-BridgeMT	F-score: 0.750
Lan-BridgeMT	F-score: 0.455
Lan-BridgeMT	F-score: 0.567
Lan-BridgeMT	F-score: 0.348
Lan-BridgeMT	F-score: 0.491
Lan-BridgeMT	F-score: 0.426
Lan-BridgeMT	F-score: 0.800
Lan-BridgeMT	F-score: 0.564
Lan-BridgeMT	F-score: 0.761
Lan-BridgeMT	F-score: 0.671
Lan-BridgeMT	F-score: 0.598
Lan-BridgeMT	F-score: 0.250
Lan-BridgeMT	F-score: 0.452
Lan-BridgeMT	F-score: 0.337
Lan-BridgeMT	F-score: 0.667
Lan-BridgeMT	F-score: 0.714
Lan-BridgeMT	F-score: 0.596
Lan-BridgeMT	F-score: 0.598
Lan-BridgeMT	F-score: 0.820
Lan-BridgeMT	F-score: 0.857
Lan-BridgeMT	F-score: 0.440
Lan-BridgeMT	F-score: 0.414
Lan-BridgeMT	F-score: 0.682
NLLB_Greedy	F-score: 0.494
NLLB_Greedy	F-score: 0.320
NLLB_Greedy	F-score: 0.727
NLLB_Greedy	F-score: 0.470
NLLB_Greedy	F-score: 0.568
NLLB_Greedy	F-score: 0.414
NLLB_Greedy	F-score: 0.240
NLLB_Greedy	F-score: 0.388
NLLB_Greedy	F-score: 0.471
NLLB_Greedy	F-score: 0.900
NLLB_Greedy	F-score: 0.421
NLLB_Greedy	F-score: 0.698
NLLB_Greedy	F-score: 0.385
NLLB_Greedy	F-score: 0.786
NLLB_Greedy	F-score: 0.730
NLLB_Greedy	F-score: 0.417
NLLB_Greedy	F-score: 0.317
NLLB_Greedy	F-score: 0.400
NLLB_Greedy	F-score: 0.407
NLLB_Greedy	F-score: 0.353
NLLB_Greedy	F-score: 0.456
NLLB_Greedy	F-score: 0.286
NLLB_Greedy	F-score: 0.390
NLLB_Greedy	F-score: 0.750
NLLB_Greedy	F-score: 0.647
NLLB_Greedy	F-score: 0.750
NLLB_Greedy	F-score: 0.571
NLLB_Greedy	F-score: 0.571
NLLB_Greedy	F-score: 0.174
NLLB_Greedy	F-score: 0.455
NLLB_Greedy	F-score: 0.769
NLLB_Greedy	F-score: 0.333
NLLB_Greedy	F-score: 0.154
NLLB_Greedy	F-score: 1.000
NLLB_Greedy	F-score: 0.545
NLLB_Greedy	F-score: 0.385
NLLB_Greedy	F-score: 0.333
NLLB_Greedy	F-score: 0.143
NLLB_Greedy	F-score: 0.488
NLLB_Greedy	F-score: 0.481
NLLB_Greedy	F-score: 0.545
NLLB_Greedy	F-score: 0.566
NLLB_Greedy	F-score: 0.500
NLLB_Greedy	F-score: 0.517
NLLB_Greedy	F-score: 0.452
NLLB_Greedy	F-score: 0.444
NLLB_Greedy	F-score: 0.410
NLLB_Greedy	F-score: 0.800
NLLB_Greedy	F-score: 0.318
NLLB_Greedy	F-score: 0.267
NLLB_Greedy	F-score: 0.600
NLLB_Greedy	F-score: 0.426
NLLB_Greedy	F-score: 0.435
NLLB_Greedy	F-score: 0.382
NLLB_Greedy	F-score: 0.213
NLLB_Greedy	F-score: 0.182
NLLB_Greedy	F-score: 0.272
NLLB_Greedy	F-score: 0.634
NLLB_Greedy	F-score: 0.571
NLLB_Greedy	F-score: 0.231
NLLB_Greedy	F-score: 0.241
NLLB_Greedy	F-score: 0.353
NLLB_Greedy	F-score: 0.256
NLLB_Greedy	F-score: 0.333
NLLB_Greedy	F-score: 0.214
NLLB_Greedy	F-score: 0.431
NLLB_Greedy	F-score: 0.333
NLLB_Greedy	F-score: 0.429
NLLB_Greedy	F-score: 0.500
NLLB_Greedy	F-score: 0.255
NLLB_Greedy	F-score: 0.636
NLLB_Greedy	F-score: 0.211
NLLB_Greedy	F-score: 0.161
NLLB_Greedy	F-score: 0.400
NLLB_Greedy	F-score: 0.429
NLLB_Greedy	F-score: 0.083
NLLB_Greedy	F-score: 0.333
NLLB_Greedy	F-score: 0.435
NLLB_Greedy	F-score: 0.267
NLLB_Greedy	F-score: 0.240
NLLB_Greedy	F-score: 0.429
NLLB_Greedy	F-score: 0.348
NLLB_Greedy	F-score: 0.650
NLLB_Greedy	F-score: 0.571
NLLB_Greedy	F-score: 0.387
NLLB_Greedy	F-score: 0.296
NLLB_Greedy	F-score: 0.600
NLLB_Greedy	F-score: 0.414
NLLB_Greedy	F-score: 0.167
NLLB_Greedy	F-score: 0.286
NLLB_Greedy	F-score: 0.606
NLLB_Greedy	F-score: 0.700
NLLB_Greedy	F-score: 0.279
NLLB_Greedy	F-score: 0.250
NLLB_Greedy	F-score: 0.727
NLLB_Greedy	F-score: 0.740
NLLB_Greedy	F-score: 0.400
NLLB_Greedy	F-score: 0.308
NLLB_Greedy	F-score: 0.864
NLLB_Greedy	F-score: 0.494
NLLB_Greedy	F-score: 0.600
NLLB_Greedy	F-score: 0.400
NLLB_Greedy	F-score: 0.345
NLLB_Greedy	F-score: 0.453
NLLB_Greedy	F-score: 0.429
NLLB_Greedy	F-score: 0.362
NLLB_Greedy	F-score: 0.800
NLLB_Greedy	F-score: 0.600
NLLB_Greedy	F-score: 0.563
NLLB_Greedy	F-score: 0.480
NLLB_Greedy	F-score: 0.396
NLLB_Greedy	F-score: 0.095
NLLB_Greedy	F-score: 0.333
NLLB_Greedy	F-score: 0.308
NLLB_Greedy	F-score: 0.451
NLLB_Greedy	F-score: 0.500
NLLB_Greedy	F-score: 0.200
NLLB_Greedy	F-score: 0.250
NLLB_Greedy	F-score: 0.667
NLLB_Greedy	F-score: 0.483
NLLB_Greedy	F-score: 0.091
NLLB_Greedy	F-score: 0.600
NLLB_Greedy	F-score: 0.289
NLLB_Greedy	F-score: 0.667
NLLB_Greedy	F-score: 0.409
NLLB_Greedy	F-score: 0.042
NLLB_Greedy	F-score: 0.667
NLLB_Greedy	F-score: 0.381
NLLB_Greedy	F-score: 0.571
NLLB_Greedy	F-score: 0.643
NLLB_Greedy	F-score: 0.600
NLLB_Greedy	F-score: 0.200
NLLB_Greedy	F-score: 0.200
NLLB_Greedy	F-score: 0.429
NLLB_Greedy	F-score: 0.154
NLLB_Greedy	F-score: 0.412
NLLB_Greedy	F-score: 0.286
NLLB_Greedy	F-score: 1.000
NLLB_Greedy	F-score: 0.105
NLLB_Greedy	F-score: 0.167
NLLB_Greedy	F-score: 0.286
NLLB_Greedy	F-score: 0.423
NLLB_Greedy	F-score: 0.500
NLLB_Greedy	F-score: 0.080
NLLB_Greedy	F-score: 0.609
NLLB_Greedy	F-score: 0.300
NLLB_Greedy	F-score: 0.327
NLLB_Greedy	F-score: 0.286
NLLB_Greedy	F-score: 0.321
NLLB_Greedy	F-score: 0.514
NLLB_Greedy	F-score: 0.462
NLLB_Greedy	F-score: 0.250
NLLB_Greedy	F-score: 0.458
NLLB_Greedy	F-score: 0.318
NLLB_Greedy	F-score: 0.364
NLLB_Greedy	F-score: 0.467
NLLB_Greedy	F-score: 0.296
NLLB_Greedy	F-score: 0.407
NLLB_Greedy	F-score: 0.200
NLLB_Greedy	F-score: 0.261
NLLB_Greedy	F-score: 0.235
NLLB_Greedy	F-score: 0.865
NLLB_Greedy	F-score: 0.600
NLLB_Greedy	F-score: 0.700
NLLB_Greedy	F-score: 0.767
NLLB_Greedy	F-score: 0.556
NLLB_Greedy	F-score: 0.527
NLLB_Greedy	F-score: 0.809
NLLB_Greedy	F-score: 0.643
NLLB_Greedy	F-score: 0.793
NLLB_Greedy	F-score: 0.636
NLLB_Greedy	F-score: 0.324
NLLB_Greedy	F-score: 0.444
NLLB_Greedy	F-score: 0.667
NLLB_Greedy	F-score: 0.579
NLLB_Greedy	F-score: 0.556
NLLB_Greedy	F-score: 0.485
NLLB_Greedy	F-score: 0.359
NLLB_Greedy	F-score: 0.222
NLLB_Greedy	F-score: 0.387
NLLB_Greedy	F-score: 0.353
NLLB_Greedy	F-score: 0.267
NLLB_Greedy	F-score: 0.182
NLLB_Greedy	F-score: 0.388
NLLB_Greedy	F-score: 0.312
NLLB_Greedy	F-score: 0.286
NLLB_Greedy	F-score: 0.390
NLLB_Greedy	F-score: 0.273
NLLB_Greedy	F-score: 0.444
NLLB_Greedy	F-score: 0.667
NLLB_Greedy	F-score: 1.000
NLLB_Greedy	F-score: 0.400
NLLB_Greedy	F-score: 0.786
NLLB_Greedy	F-score: 0.710
NLLB_Greedy	F-score: 0.628
NLLB_Greedy	F-score: 1.000
NLLB_Greedy	F-score: 0.519
NLLB_Greedy	F-score: 0.489
NLLB_Greedy	F-score: 0.490
NLLB_Greedy	F-score: 0.364
NLLB_Greedy	F-score: 0.474
NLLB_Greedy	F-score: 0.400
NLLB_Greedy	F-score: 0.259
NLLB_Greedy	F-score: 0.431
NLLB_Greedy	F-score: 0.333
NLLB_Greedy	F-score: 0.465
NLLB_Greedy	F-score: 0.417
NLLB_Greedy	F-score: 0.457
NLLB_Greedy	F-score: 0.333
NLLB_Greedy	F-score: 0.509
NLLB_Greedy	F-score: 0.375
NLLB_Greedy	F-score: 0.471
NLLB_Greedy	F-score: 0.200
NLLB_Greedy	F-score: 0.412
NLLB_Greedy	F-score: 0.382
NLLB_Greedy	F-score: 0.585
NLLB_Greedy	F-score: 0.360
NLLB_Greedy	F-score: 0.329
NLLB_Greedy	F-score: 0.286
NLLB_Greedy	F-score: 0.370
NLLB_Greedy	F-score: 0.417
NLLB_Greedy	F-score: 0.255
NLLB_Greedy	F-score: 0.455
NLLB_Greedy	F-score: 0.233
NLLB_Greedy	F-score: 0.278
NLLB_Greedy	F-score: 0.412
NLLB_Greedy	F-score: 0.483
NLLB_Greedy	F-score: 0.557
NLLB_Greedy	F-score: 0.394
NLLB_Greedy	F-score: 0.600
NLLB_Greedy	F-score: 0.400
NLLB_Greedy	F-score: 0.444
NLLB_Greedy	F-score: 0.219
NLLB_Greedy	F-score: 0.433
NLLB_Greedy	F-score: 0.376
NLLB_Greedy	F-score: 0.200
NLLB_Greedy	F-score: 0.737
NLLB_Greedy	F-score: 0.733
NLLB_Greedy	F-score: 0.634
NLLB_Greedy	F-score: 0.675
NLLB_Greedy	F-score: 0.588
NLLB_Greedy	F-score: 0.951
NLLB_Greedy	F-score: 1.000
NLLB_Greedy	F-score: 0.893
NLLB_Greedy	F-score: 0.522
NLLB_Greedy	F-score: 0.495
NLLB_Greedy	F-score: 0.562
NLLB_Greedy	F-score: 0.529
NLLB_Greedy	F-score: 0.585
NLLB_Greedy	F-score: 0.358
NLLB_Greedy	F-score: 0.303
NLLB_Greedy	F-score: 0.387
NLLB_Greedy	F-score: 0.500
NLLB_Greedy	F-score: 0.353
NLLB_Greedy	F-score: 0.434
NLLB_Greedy	F-score: 0.419
NLLB_Greedy	F-score: 0.833
NLLB_Greedy	F-score: 0.500
NLLB_Greedy	F-score: 0.353
NLLB_Greedy	F-score: 0.385
NLLB_Greedy	F-score: 0.442
NLLB_Greedy	F-score: 0.562
NLLB_Greedy	F-score: 0.333
NLLB_Greedy	F-score: 0.480
NLLB_Greedy	F-score: 0.507
NLLB_Greedy	F-score: 0.611
NLLB_Greedy	F-score: 0.426
NLLB_Greedy	F-score: 0.327
NLLB_Greedy	F-score: 0.540
NLLB_Greedy	F-score: 0.552
NLLB_Greedy	F-score: 0.327
NLLB_Greedy	F-score: 0.327
NLLB_Greedy	F-score: 0.531
NLLB_Greedy	F-score: 0.339
NLLB_Greedy	F-score: 0.566
NLLB_Greedy	F-score: 0.354
NLLB_Greedy	F-score: 0.400
NLLB_Greedy	F-score: 0.242
NLLB_Greedy	F-score: 0.294
NLLB_Greedy	F-score: 0.696
NLLB_Greedy	F-score: 1.000
NLLB_Greedy	F-score: 0.873
NLLB_Greedy	F-score: 0.703
NLLB_Greedy	F-score: 0.852
NLLB_Greedy	F-score: 0.423
NLLB_Greedy	F-score: 0.743
NLLB_Greedy	F-score: 0.615
NLLB_Greedy	F-score: 0.586
NLLB_Greedy	F-score: 0.750
NLLB_Greedy	F-score: 0.719
NLLB_Greedy	F-score: 0.468
NLLB_Greedy	F-score: 0.171
NLLB_Greedy	F-score: 0.410
NLLB_Greedy	F-score: 0.486
NLLB_Greedy	F-score: 0.513
NLLB_Greedy	F-score: 0.283
NLLB_Greedy	F-score: 0.382
NLLB_Greedy	F-score: 0.400
NLLB_Greedy	F-score: 0.500
NLLB_Greedy	F-score: 0.609
NLLB_Greedy	F-score: 0.667
NLLB_Greedy	F-score: 0.420
NLLB_Greedy	F-score: 0.333
NLLB_Greedy	F-score: 0.400
NLLB_Greedy	F-score: 0.388
NLLB_Greedy	F-score: 0.778
NLLB_Greedy	F-score: 0.623
NLLB_Greedy	F-score: 0.391
NLLB_Greedy	F-score: 0.575
NLLB_Greedy	F-score: 0.323
NLLB_Greedy	F-score: 0.345
NLLB_Greedy	F-score: 0.769
NLLB_Greedy	F-score: 0.473
NLLB_Greedy	F-score: 0.407
NLLB_Greedy	F-score: 0.875
NLLB_Greedy	F-score: 0.732
NLLB_Greedy	F-score: 0.727
NLLB_Greedy	F-score: 0.692
NLLB_Greedy	F-score: 0.514
NLLB_Greedy	F-score: 0.769
NLLB_Greedy	F-score: 0.882
NLLB_Greedy	F-score: 0.812
NLLB_Greedy	F-score: 0.780
NLLB_Greedy	F-score: 0.600
NLLB_Greedy	F-score: 0.516
NLLB_Greedy	F-score: 0.302
NLLB_Greedy	F-score: 0.267
NLLB_Greedy	F-score: 0.302
NLLB_Greedy	F-score: 0.326
NLLB_Greedy	F-score: 0.321
NLLB_Greedy	F-score: 0.576
NLLB_Greedy	F-score: 0.429
NLLB_Greedy	F-score: 0.550
NLLB_Greedy	F-score: 0.314
NLLB_Greedy	F-score: 0.267
NLLB_Greedy	F-score: 0.389
NLLB_Greedy	F-score: 0.260
NLLB_Greedy	F-score: 0.333
NLLB_Greedy	F-score: 0.276
NLLB_Greedy	F-score: 0.346
NLLB_Greedy	F-score: 0.517
NLLB_Greedy	F-score: 0.330
NLLB_Greedy	F-score: 0.630
NLLB_Greedy	F-score: 0.409
NLLB_Greedy	F-score: 0.350
NLLB_Greedy	F-score: 0.431
NLLB_Greedy	F-score: 0.231
NLLB_Greedy	F-score: 0.393
NLLB_Greedy	F-score: 0.346
NLLB_Greedy	F-score: 0.500
NLLB_Greedy	F-score: 0.638
NLLB_Greedy	F-score: 0.625
NLLB_Greedy	F-score: 0.727
NLLB_Greedy	F-score: 0.571
NLLB_Greedy	F-score: 0.518
NLLB_Greedy	F-score: 0.690
NLLB_Greedy	F-score: 0.608
NLLB_Greedy	F-score: 0.831
NLLB_Greedy	F-score: 0.653
NLLB_Greedy	F-score: 0.769
NLLB_Greedy	F-score: 0.367
NLLB_Greedy	F-score: 0.710
NLLB_Greedy	F-score: 0.294
NLLB_Greedy	F-score: 0.372
NLLB_Greedy	F-score: 0.667
NLLB_Greedy	F-score: 0.395
NLLB_Greedy	F-score: 0.500
NLLB_Greedy	F-score: 0.833
NLLB_Greedy	F-score: 0.591
NLLB_Greedy	F-score: 0.585
NLLB_Greedy	F-score: 0.395
NLLB_Greedy	F-score: 0.571
NLLB_Greedy	F-score: 0.389
NLLB_Greedy	F-score: 0.684
NLLB_Greedy	F-score: 0.579
NLLB_Greedy	F-score: 0.737
NLLB_Greedy	F-score: 0.490
NLLB_Greedy	F-score: 0.691
NLLB_Greedy	F-score: 0.667
NLLB_Greedy	F-score: 0.480
NLLB_Greedy	F-score: 0.400
NLLB_Greedy	F-score: 0.400
NLLB_Greedy	F-score: 0.655
NLLB_Greedy	F-score: 0.316
NLLB_Greedy	F-score: 0.769
NLLB_Greedy	F-score: 0.321
NLLB_Greedy	F-score: 0.627
NLLB_Greedy	F-score: 0.563
NLLB_Greedy	F-score: 0.586
NLLB_Greedy	F-score: 0.486
NLLB_Greedy	F-score: 0.476
NLLB_Greedy	F-score: 0.432
NLLB_Greedy	F-score: 0.333
NLLB_Greedy	F-score: 0.238
NLLB_Greedy	F-score: 0.484
NLLB_Greedy	F-score: 0.417
NLLB_Greedy	F-score: 0.700
NLLB_Greedy	F-score: 1.000
NLLB_Greedy	F-score: 0.643
NLLB_Greedy	F-score: 0.486
NLLB_Greedy	F-score: 0.500
NLLB_Greedy	F-score: 0.375
NLLB_Greedy	F-score: 0.421
NLLB_Greedy	F-score: 0.381
NLLB_Greedy	F-score: 0.375
NLLB_Greedy	F-score: 0.508
NLLB_Greedy	F-score: 0.338
NLLB_Greedy	F-score: 0.217
NLLB_Greedy	F-score: 0.500
NLLB_Greedy	F-score: 0.476
NLLB_Greedy	F-score: 0.258
NLLB_Greedy	F-score: 0.167
NLLB_Greedy	F-score: 0.349
NLLB_Greedy	F-score: 0.356
NLLB_Greedy	F-score: 0.500
NLLB_Greedy	F-score: 0.667
NLLB_Greedy	F-score: 0.444
NLLB_Greedy	F-score: 0.364
NLLB_Greedy	F-score: 0.480
NLLB_Greedy	F-score: 0.480
NLLB_Greedy	F-score: 0.133
NLLB_Greedy	F-score: 0.340
NLLB_Greedy	F-score: 0.421
NLLB_Greedy	F-score: 0.550
NLLB_Greedy	F-score: 0.200
NLLB_Greedy	F-score: 1.000
NLLB_Greedy	F-score: 0.605
NLLB_Greedy	F-score: 0.421
NLLB_Greedy	F-score: 0.348
NLLB_Greedy	F-score: 0.563
NLLB_Greedy	F-score: 0.788
NLLB_Greedy	F-score: 0.792
NLLB_Greedy	F-score: 1.000
NLLB_Greedy	F-score: 0.733
NLLB_Greedy	F-score: 0.500
NLLB_Greedy	F-score: 0.500
NLLB_Greedy	F-score: 0.435
NLLB_Greedy	F-score: 0.357
NLLB_Greedy	F-score: 0.240
NLLB_Greedy	F-score: 0.692
NLLB_Greedy	F-score: 0.211
NLLB_Greedy	F-score: 0.486
NLLB_Greedy	F-score: 1.000
NLLB_Greedy	F-score: 0.408
NLLB_Greedy	F-score: 0.364
NLLB_Greedy	F-score: 0.600
NLLB_Greedy	F-score: 0.500
NLLB_Greedy	F-score: 1.000
NLLB_Greedy	F-score: 0.667
NLLB_Greedy	F-score: 0.436
NLLB_Greedy	F-score: 0.706
NLLB_Greedy	F-score: 0.400
NLLB_Greedy	F-score: 0.591
NLLB_Greedy	F-score: 0.560
NLLB_Greedy	F-score: 0.500
NLLB_Greedy	F-score: 0.957
NLLB_Greedy	F-score: 0.618
NLLB_Greedy	F-score: 0.388
NLLB_Greedy	F-score: 0.609
NLLB_Greedy	F-score: 0.625
NLLB_Greedy	F-score: 0.231
NLLB_Greedy	F-score: 0.308
NLLB_Greedy	F-score: 0.364
NLLB_Greedy	F-score: 0.700
NLLB_Greedy	F-score: 0.556
NLLB_Greedy	F-score: 0.353
NLLB_Greedy	F-score: 0.276
NLLB_Greedy	F-score: 0.378
NLLB_Greedy	F-score: 0.604
NLLB_Greedy	F-score: 0.400
NLLB_Greedy	F-score: 0.483
NLLB_Greedy	F-score: 0.590
NLLB_Greedy	F-score: 0.535
NLLB_Greedy	F-score: 0.439
NLLB_Greedy	F-score: 0.462
NLLB_Greedy	F-score: 0.875
NLLB_Greedy	F-score: 0.606
NLLB_Greedy	F-score: 0.600
NLLB_Greedy	F-score: 0.429
NLLB_Greedy	F-score: 0.400
NLLB_Greedy	F-score: 0.211
NLLB_Greedy	F-score: 0.571
NLLB_Greedy	F-score: 0.431
NLLB_Greedy	F-score: 0.382
NLLB_Greedy	F-score: 0.437
NLLB_Greedy	F-score: 0.512
NLLB_Greedy	F-score: 0.576
NLLB_Greedy	F-score: 0.646
NLLB_Greedy	F-score: 0.742
NLLB_Greedy	F-score: 0.663
NLLB_Greedy	F-score: 0.571
NLLB_Greedy	F-score: 0.742
NLLB_Greedy	F-score: 0.509
NLLB_Greedy	F-score: 0.818
NLLB_Greedy	F-score: 0.855
NLLB_Greedy	F-score: 0.683
NLLB_Greedy	F-score: 0.512
NLLB_Greedy	F-score: 0.564
NLLB_Greedy	F-score: 0.604
NLLB_Greedy	F-score: 0.590
NLLB_Greedy	F-score: 0.500
NLLB_Greedy	F-score: 0.456
NLLB_Greedy	F-score: 0.685
NLLB_Greedy	F-score: 0.487
NLLB_Greedy	F-score: 0.484
NLLB_Greedy	F-score: 0.471
NLLB_Greedy	F-score: 0.643
NLLB_Greedy	F-score: 0.792
NLLB_Greedy	F-score: 0.639
NLLB_Greedy	F-score: 0.639
NLLB_Greedy	F-score: 0.528
NLLB_Greedy	F-score: 0.773
NLLB_Greedy	F-score: 0.494
NLLB_Greedy	F-score: 0.549
NLLB_Greedy	F-score: 0.407
NLLB_Greedy	F-score: 0.436
NLLB_Greedy	F-score: 0.364
NLLB_Greedy	F-score: 0.494
NLLB_Greedy	F-score: 0.541
NLLB_Greedy	F-score: 0.154
NLLB_Greedy	F-score: 0.556
NLLB_Greedy	F-score: 0.471
NLLB_Greedy	F-score: 0.368
NLLB_Greedy	F-score: 0.857
NLLB_Greedy	F-score: 0.544
NLLB_Greedy	F-score: 0.435
NLLB_Greedy	F-score: 0.508
NLLB_Greedy	F-score: 0.531
NLLB_Greedy	F-score: 0.552
NLLB_Greedy	F-score: 0.301
NLLB_Greedy	F-score: 0.388
NLLB_Greedy	F-score: 0.331
NLLB_Greedy	F-score: 0.256
NLLB_Greedy	F-score: 0.247
NLLB_Greedy	F-score: 0.248
NLLB_Greedy	F-score: 0.402
NLLB_Greedy	F-score: 0.400
NLLB_Greedy	F-score: 0.260
NLLB_Greedy	F-score: 0.364
NLLB_Greedy	F-score: 0.280
NLLB_Greedy	F-score: 0.400
NLLB_Greedy	F-score: 0.244
NLLB_Greedy	F-score: 0.326
NLLB_Greedy	F-score: 0.459
NLLB_Greedy	F-score: 0.325
NLLB_Greedy	F-score: 0.389
NLLB_Greedy	F-score: 1.000
NLLB_Greedy	F-score: 0.500
NLLB_Greedy	F-score: 0.625
NLLB_Greedy	F-score: 0.701
NLLB_Greedy	F-score: 0.673
NLLB_Greedy	F-score: 0.479
NLLB_Greedy	F-score: 0.298
NLLB_Greedy	F-score: 0.471
NLLB_Greedy	F-score: 0.138
NLLB_Greedy	F-score: 0.481
NLLB_Greedy	F-score: 0.235
NLLB_Greedy	F-score: 0.556
NLLB_Greedy	F-score: 0.264
NLLB_Greedy	F-score: 0.506
NLLB_Greedy	F-score: 0.400
NLLB_Greedy	F-score: 0.437
NLLB_Greedy	F-score: 0.286
NLLB_Greedy	F-score: 0.430
NLLB_Greedy	F-score: 0.587
NLLB_Greedy	F-score: 0.636
NLLB_Greedy	F-score: 0.462
NLLB_Greedy	F-score: 0.390
NLLB_Greedy	F-score: 0.690
NLLB_Greedy	F-score: 0.667
NLLB_Greedy	F-score: 0.512
NLLB_Greedy	F-score: 0.391
NLLB_Greedy	F-score: 0.333
NLLB_Greedy	F-score: 0.370
NLLB_Greedy	F-score: 0.200
NLLB_Greedy	F-score: 0.286
NLLB_Greedy	F-score: 0.731
NLLB_Greedy	F-score: 0.549
NLLB_Greedy	F-score: 0.615
NLLB_Greedy	F-score: 0.681
NLLB_Greedy	F-score: 0.617
NLLB_Greedy	F-score: 0.542
NLLB_Greedy	F-score: 0.528
NLLB_Greedy	F-score: 0.584
NLLB_Greedy	F-score: 0.583
NLLB_Greedy	F-score: 0.387
NLLB_Greedy	F-score: 0.316
NLLB_Greedy	F-score: 0.371
NLLB_Greedy	F-score: 0.415
NLLB_Greedy	F-score: 0.234
NLLB_Greedy	F-score: 0.400
NLLB_Greedy	F-score: 0.211
NLLB_Greedy	F-score: 0.444
NLLB_Greedy	F-score: 0.419
NLLB_Greedy	F-score: 0.564
NLLB_Greedy	F-score: 0.333
NLLB_Greedy	F-score: 0.474
NLLB_Greedy	F-score: 0.542
NLLB_Greedy	F-score: 0.500
NLLB_Greedy	F-score: 0.615
NLLB_Greedy	F-score: 0.406
NLLB_Greedy	F-score: 0.750
NLLB_Greedy	F-score: 0.704
NLLB_Greedy	F-score: 0.595
NLLB_Greedy	F-score: 0.713
NLLB_Greedy	F-score: 0.370
NLLB_Greedy	F-score: 0.220
NLLB_Greedy	F-score: 0.374
NLLB_Greedy	F-score: 0.449
NLLB_Greedy	F-score: 0.268
NLLB_Greedy	F-score: 0.397
NLLB_Greedy	F-score: 0.350
NLLB_Greedy	F-score: 0.513
NLLB_Greedy	F-score: 0.329
NLLB_Greedy	F-score: 0.417
NLLB_Greedy	F-score: 0.341
NLLB_Greedy	F-score: 0.473
NLLB_Greedy	F-score: 0.359
NLLB_Greedy	F-score: 0.688
NLLB_Greedy	F-score: 0.455
NLLB_Greedy	F-score: 0.963
NLLB_Greedy	F-score: 0.699
NLLB_Greedy	F-score: 0.792
NLLB_Greedy	F-score: 0.638
NLLB_Greedy	F-score: 0.528
NLLB_Greedy	F-score: 0.800
NLLB_Greedy	F-score: 0.585
NLLB_Greedy	F-score: 0.430
NLLB_Greedy	F-score: 0.429
NLLB_Greedy	F-score: 0.373
NLLB_Greedy	F-score: 0.291
NLLB_Greedy	F-score: 0.419
NLLB_Greedy	F-score: 0.293
NLLB_Greedy	F-score: 0.366
NLLB_Greedy	F-score: 0.302
NLLB_Greedy	F-score: 0.385
NLLB_Greedy	F-score: 0.069
NLLB_Greedy	F-score: 0.784
NLLB_Greedy	F-score: 0.424
NLLB_Greedy	F-score: 0.533
NLLB_Greedy	F-score: 0.722
NLLB_Greedy	F-score: 0.474
NLLB_Greedy	F-score: 0.468
NLLB_Greedy	F-score: 0.611
NLLB_Greedy	F-score: 0.649
NLLB_Greedy	F-score: 0.541
NLLB_Greedy	F-score: 0.557
NLLB_Greedy	F-score: 0.367
NLLB_Greedy	F-score: 0.383
NLLB_Greedy	F-score: 0.250
NLLB_Greedy	F-score: 0.421
NLLB_Greedy	F-score: 0.264
NLLB_Greedy	F-score: 0.353
NLLB_Greedy	F-score: 0.390
NLLB_Greedy	F-score: 0.405
NLLB_Greedy	F-score: 0.500
NLLB_Greedy	F-score: 0.387
NLLB_Greedy	F-score: 0.522
NLLB_Greedy	F-score: 0.322
NLLB_Greedy	F-score: 0.393
NLLB_Greedy	F-score: 0.661
NLLB_Greedy	F-score: 0.466
NLLB_Greedy	F-score: 0.414
NLLB_Greedy	F-score: 0.560
NLLB_Greedy	F-score: 0.580
NLLB_Greedy	F-score: 0.512
NLLB_Greedy	F-score: 0.379
NLLB_Greedy	F-score: 0.304
NLLB_Greedy	F-score: 0.403
NLLB_Greedy	F-score: 0.229
NLLB_Greedy	F-score: 0.329
NLLB_Greedy	F-score: 0.647
NLLB_Greedy	F-score: 0.481
NLLB_Greedy	F-score: 0.522
NLLB_Greedy	F-score: 0.303
NLLB_Greedy	F-score: 0.527
NLLB_Greedy	F-score: 0.297
NLLB_Greedy	F-score: 0.435
NLLB_Greedy	F-score: 0.340
NLLB_Greedy	F-score: 0.133
NLLB_Greedy	F-score: 0.288
NLLB_Greedy	F-score: 0.305
NLLB_Greedy	F-score: 0.302
NLLB_Greedy	F-score: 0.277
NLLB_Greedy	F-score: 0.341
NLLB_Greedy	F-score: 0.211
NLLB_Greedy	F-score: 0.538
NLLB_Greedy	F-score: 0.200
NLLB_Greedy	F-score: 0.405
NLLB_Greedy	F-score: 0.706
NLLB_Greedy	F-score: 0.656
NLLB_Greedy	F-score: 0.478
NLLB_Greedy	F-score: 0.133
NLLB_Greedy	F-score: 0.581
NLLB_Greedy	F-score: 0.593
NLLB_Greedy	F-score: 0.500
NLLB_Greedy	F-score: 0.170
NLLB_Greedy	F-score: 0.410
NLLB_Greedy	F-score: 0.577
NLLB_Greedy	F-score: 0.298
NLLB_Greedy	F-score: 0.474
NLLB_Greedy	F-score: 0.579
NLLB_Greedy	F-score: 0.091
NLLB_Greedy	F-score: 0.479
NLLB_Greedy	F-score: 0.404
NLLB_Greedy	F-score: 0.368
NLLB_Greedy	F-score: 0.478
NLLB_Greedy	F-score: 0.430
NLLB_Greedy	F-score: 0.517
NLLB_Greedy	F-score: 0.293
NLLB_Greedy	F-score: 0.605
NLLB_Greedy	F-score: 0.457
NLLB_Greedy	F-score: 0.316
NLLB_Greedy	F-score: 0.667
NLLB_Greedy	F-score: 0.320
NLLB_Greedy	F-score: 0.500
NLLB_Greedy	F-score: 0.449
NLLB_Greedy	F-score: 0.374
NLLB_Greedy	F-score: 0.658
NLLB_Greedy	F-score: 0.423
NLLB_Greedy	F-score: 0.929
NLLB_Greedy	F-score: 0.607
NLLB_Greedy	F-score: 0.473
NLLB_Greedy	F-score: 0.386
NLLB_Greedy	F-score: 0.444
NLLB_Greedy	F-score: 0.780
NLLB_Greedy	F-score: 0.691
NLLB_Greedy	F-score: 0.533
NLLB_Greedy	F-score: 0.661
NLLB_Greedy	F-score: 0.822
NLLB_Greedy	F-score: 0.467
NLLB_Greedy	F-score: 0.609
NLLB_Greedy	F-score: 0.721
NLLB_Greedy	F-score: 0.607
NLLB_Greedy	F-score: 0.746
NLLB_Greedy	F-score: 0.586
NLLB_Greedy	F-score: 0.619
NLLB_Greedy	F-score: 0.667
NLLB_Greedy	F-score: 0.854
NLLB_Greedy	F-score: 0.447
NLLB_Greedy	F-score: 0.617
NLLB_Greedy	F-score: 0.510
NLLB_Greedy	F-score: 0.478
NLLB_Greedy	F-score: 0.433
NLLB_Greedy	F-score: 0.403
NLLB_Greedy	F-score: 0.302
NLLB_Greedy	F-score: 0.276
NLLB_Greedy	F-score: 0.479
NLLB_Greedy	F-score: 0.567
NLLB_Greedy	F-score: 0.457
NLLB_Greedy	F-score: 0.662
NLLB_Greedy	F-score: 0.571
NLLB_Greedy	F-score: 0.385
NLLB_Greedy	F-score: 0.533
NLLB_Greedy	F-score: 0.509
NLLB_Greedy	F-score: 0.667
NLLB_Greedy	F-score: 0.619
NLLB_Greedy	F-score: 0.812
NLLB_Greedy	F-score: 0.446
NLLB_Greedy	F-score: 0.364
NLLB_Greedy	F-score: 0.406
NLLB_Greedy	F-score: 0.507
NLLB_Greedy	F-score: 0.559
NLLB_Greedy	F-score: 0.631
NLLB_Greedy	F-score: 0.577
NLLB_Greedy	F-score: 0.566
NLLB_Greedy	F-score: 0.077
NLLB_Greedy	F-score: 0.524
NLLB_Greedy	F-score: 0.785
NLLB_Greedy	F-score: 0.694
NLLB_Greedy	F-score: 0.737
NLLB_Greedy	F-score: 0.547
NLLB_Greedy	F-score: 0.623
NLLB_Greedy	F-score: 0.855
NLLB_Greedy	F-score: 0.787
NLLB_Greedy	F-score: 0.614
NLLB_Greedy	F-score: 0.780
NLLB_Greedy	F-score: 0.763
NLLB_Greedy	F-score: 0.740
NLLB_Greedy	F-score: 0.619
NLLB_Greedy	F-score: 0.468
NLLB_Greedy	F-score: 0.500
NLLB_Greedy	F-score: 0.860
NLLB_Greedy	F-score: 0.791
NLLB_Greedy	F-score: 0.500
NLLB_Greedy	F-score: 0.675
NLLB_Greedy	F-score: 0.563
NLLB_Greedy	F-score: 0.559
NLLB_Greedy	F-score: 0.717
NLLB_Greedy	F-score: 0.832
NLLB_Greedy	F-score: 0.636
NLLB_Greedy	F-score: 0.704
NLLB_Greedy	F-score: 0.750
NLLB_Greedy	F-score: 0.800
NLLB_Greedy	F-score: 0.750
NLLB_Greedy	F-score: 0.521
NLLB_Greedy	F-score: 0.697
NLLB_Greedy	F-score: 0.818
NLLB_Greedy	F-score: 0.588
NLLB_Greedy	F-score: 0.818
NLLB_Greedy	F-score: 0.667
NLLB_Greedy	F-score: 0.634
NLLB_Greedy	F-score: 0.757
NLLB_Greedy	F-score: 0.690
NLLB_Greedy	F-score: 0.688
NLLB_Greedy	F-score: 0.763
NLLB_Greedy	F-score: 0.762
NLLB_Greedy	F-score: 0.833
NLLB_Greedy	F-score: 0.553
NLLB_Greedy	F-score: 0.564
NLLB_Greedy	F-score: 0.627
NLLB_Greedy	F-score: 0.585
NLLB_Greedy	F-score: 0.435
NLLB_Greedy	F-score: 0.762
NLLB_Greedy	F-score: 0.276
NLLB_Greedy	F-score: 0.444
NLLB_Greedy	F-score: 0.597
NLLB_Greedy	F-score: 0.692
NLLB_Greedy	F-score: 0.649
NLLB_Greedy	F-score: 0.900
NLLB_Greedy	F-score: 0.564
NLLB_Greedy	F-score: 0.867
NLLB_Greedy	F-score: 1.000
NLLB_Greedy	F-score: 0.577
NLLB_Greedy	F-score: 0.762
NLLB_Greedy	F-score: 1.000
NLLB_Greedy	F-score: 0.763
NLLB_Greedy	F-score: 0.581
NLLB_Greedy	F-score: 0.292
NLLB_Greedy	F-score: 0.500
NLLB_Greedy	F-score: 0.590
NLLB_Greedy	F-score: 0.512
NLLB_Greedy	F-score: 0.800
NLLB_Greedy	F-score: 0.762
NLLB_Greedy	F-score: 1.000
NLLB_Greedy	F-score: 0.717
NLLB_Greedy	F-score: 0.875
NLLB_Greedy	F-score: 0.544
NLLB_Greedy	F-score: 0.503
NLLB_Greedy	F-score: 0.667
NLLB_Greedy	F-score: 0.762
NLLB_Greedy	F-score: 0.941
NLLB_Greedy	F-score: 0.640
NLLB_Greedy	F-score: 0.594
NLLB_Greedy	F-score: 0.407
NLLB_Greedy	F-score: 0.675
NLLB_Greedy	F-score: 0.712
NLLB_Greedy	F-score: 0.721
NLLB_Greedy	F-score: 0.528
NLLB_Greedy	F-score: 0.762
NLLB_Greedy	F-score: 1.000
NLLB_Greedy	F-score: 0.667
NLLB_Greedy	F-score: 0.543
NLLB_Greedy	F-score: 0.537
NLLB_Greedy	F-score: 0.650
NLLB_Greedy	F-score: 0.698
NLLB_Greedy	F-score: 0.545
NLLB_Greedy	F-score: 0.762
NLLB_Greedy	F-score: 0.667
NLLB_Greedy	F-score: 0.509
NLLB_Greedy	F-score: 0.793
NLLB_Greedy	F-score: 0.500
NLLB_Greedy	F-score: 0.958
NLLB_Greedy	F-score: 0.439
NLLB_Greedy	F-score: 0.490
NLLB_Greedy	F-score: 0.649
NLLB_Greedy	F-score: 0.700
NLLB_Greedy	F-score: 0.553
NLLB_Greedy	F-score: 0.457
NLLB_Greedy	F-score: 0.667
NLLB_Greedy	F-score: 0.440
NLLB_Greedy	F-score: 0.747
NLLB_Greedy	F-score: 0.696
NLLB_Greedy	F-score: 0.872
NLLB_Greedy	F-score: 0.678
NLLB_Greedy	F-score: 0.167
NLLB_Greedy	F-score: 0.675
NLLB_Greedy	F-score: 0.444
NLLB_Greedy	F-score: 0.438
NLLB_Greedy	F-score: 0.413
NLLB_Greedy	F-score: 0.815
NLLB_Greedy	F-score: 0.467
NLLB_Greedy	F-score: 0.417
NLLB_Greedy	F-score: 0.667
NLLB_Greedy	F-score: 0.381
NLLB_Greedy	F-score: 0.732
NLLB_Greedy	F-score: 0.588
NLLB_Greedy	F-score: 0.885
NLLB_Greedy	F-score: 0.522
NLLB_Greedy	F-score: 0.630
NLLB_Greedy	F-score: 0.515
NLLB_Greedy	F-score: 0.611
NLLB_Greedy	F-score: 0.591
NLLB_Greedy	F-score: 0.579
NLLB_Greedy	F-score: 0.330
NLLB_Greedy	F-score: 0.710
NLLB_Greedy	F-score: 0.612
NLLB_Greedy	F-score: 0.685
NLLB_Greedy	F-score: 0.652
NLLB_Greedy	F-score: 0.435
NLLB_Greedy	F-score: 0.619
NLLB_Greedy	F-score: 0.208
NLLB_Greedy	F-score: 0.571
NLLB_Greedy	F-score: 0.505
NLLB_Greedy	F-score: 0.692
NLLB_Greedy	F-score: 0.727
NLLB_Greedy	F-score: 0.552
NLLB_Greedy	F-score: 0.778
NLLB_Greedy	F-score: 0.735
NLLB_Greedy	F-score: 0.517
NLLB_Greedy	F-score: 0.438
NLLB_Greedy	F-score: 0.555
NLLB_Greedy	F-score: 0.456
NLLB_Greedy	F-score: 0.519
NLLB_Greedy	F-score: 0.217
NLLB_Greedy	F-score: 0.346
NLLB_Greedy	F-score: 0.548
NLLB_Greedy	F-score: 0.576
NLLB_Greedy	F-score: 0.571
NLLB_Greedy	F-score: 0.354
NLLB_Greedy	F-score: 0.584
NLLB_Greedy	F-score: 0.471
NLLB_Greedy	F-score: 0.431
NLLB_Greedy	F-score: 0.330
NLLB_Greedy	F-score: 0.577
NLLB_Greedy	F-score: 0.680
NLLB_Greedy	F-score: 0.712
NLLB_Greedy	F-score: 0.615
NLLB_Greedy	F-score: 0.546
NLLB_Greedy	F-score: 0.783
NLLB_Greedy	F-score: 0.540
NLLB_Greedy	F-score: 0.700
NLLB_Greedy	F-score: 0.427
NLLB_Greedy	F-score: 0.538
NLLB_Greedy	F-score: 0.655
NLLB_Greedy	F-score: 0.438
NLLB_Greedy	F-score: 0.603
NLLB_Greedy	F-score: 0.800
NLLB_Greedy	F-score: 0.579
NLLB_Greedy	F-score: 0.519
NLLB_Greedy	F-score: 0.720
NLLB_Greedy	F-score: 0.667
NLLB_Greedy	F-score: 0.783
NLLB_Greedy	F-score: 0.654
NLLB_Greedy	F-score: 0.745
NLLB_Greedy	F-score: 0.637
NLLB_Greedy	F-score: 0.767
NLLB_Greedy	F-score: 0.755
NLLB_Greedy	F-score: 0.718
NLLB_Greedy	F-score: 0.762
NLLB_Greedy	F-score: 0.829
NLLB_Greedy	F-score: 0.493
NLLB_Greedy	F-score: 0.605
NLLB_Greedy	F-score: 0.895
NLLB_Greedy	F-score: 0.594
NLLB_Greedy	F-score: 0.667
NLLB_Greedy	F-score: 0.667
NLLB_Greedy	F-score: 0.717
NLLB_Greedy	F-score: 0.639
NLLB_Greedy	F-score: 0.648
NLLB_Greedy	F-score: 0.703
NLLB_Greedy	F-score: 0.659
NLLB_Greedy	F-score: 0.733
NLLB_Greedy	F-score: 0.645
NLLB_Greedy	F-score: 0.656
NLLB_Greedy	F-score: 0.722
NLLB_Greedy	F-score: 0.476
NLLB_Greedy	F-score: 0.476
NLLB_Greedy	F-score: 0.439
NLLB_Greedy	F-score: 0.452
NLLB_Greedy	F-score: 0.504
NLLB_Greedy	F-score: 0.617
NLLB_Greedy	F-score: 0.730
NLLB_Greedy	F-score: 0.442
NLLB_Greedy	F-score: 0.539
NLLB_Greedy	F-score: 0.609
NLLB_Greedy	F-score: 0.414
NLLB_Greedy	F-score: 0.508
NLLB_Greedy	F-score: 0.528
NLLB_Greedy	F-score: 0.453
NLLB_Greedy	F-score: 0.429
NLLB_Greedy	F-score: 0.600
NLLB_Greedy	F-score: 0.655
NLLB_Greedy	F-score: 0.508
NLLB_Greedy	F-score: 0.667
NLLB_Greedy	F-score: 0.481
NLLB_Greedy	F-score: 0.531
NLLB_Greedy	F-score: 0.561
NLLB_Greedy	F-score: 0.517
NLLB_Greedy	F-score: 0.517
NLLB_Greedy	F-score: 0.630
NLLB_Greedy	F-score: 0.513
NLLB_Greedy	F-score: 0.476
NLLB_Greedy	F-score: 0.585
NLLB_Greedy	F-score: 0.520
NLLB_Greedy	F-score: 0.576
NLLB_Greedy	F-score: 0.688
NLLB_Greedy	F-score: 0.605
NLLB_Greedy	F-score: 0.769
NLLB_Greedy	F-score: 0.368
NLLB_Greedy	F-score: 0.337
NLLB_Greedy	F-score: 0.617
NLLB_Greedy	F-score: 0.486
NLLB_Greedy	F-score: 0.667
NLLB_Greedy	F-score: 0.500
NLLB_Greedy	F-score: 0.552
NLLB_Greedy	F-score: 0.430
NLLB_Greedy	F-score: 0.583
NLLB_Greedy	F-score: 0.624
NLLB_Greedy	F-score: 0.672
NLLB_Greedy	F-score: 0.587
NLLB_Greedy	F-score: 0.453
NLLB_Greedy	F-score: 0.613
NLLB_Greedy	F-score: 0.540
NLLB_Greedy	F-score: 0.551
NLLB_Greedy	F-score: 0.527
NLLB_Greedy	F-score: 0.364
NLLB_Greedy	F-score: 0.600
NLLB_Greedy	F-score: 0.320
NLLB_Greedy	F-score: 0.602
NLLB_Greedy	F-score: 0.526
NLLB_Greedy	F-score: 0.550
NLLB_Greedy	F-score: 0.508
NLLB_Greedy	F-score: 0.484
NLLB_Greedy	F-score: 0.609
NLLB_Greedy	F-score: 0.444
NLLB_Greedy	F-score: 0.380
NLLB_Greedy	F-score: 0.689
NLLB_Greedy	F-score: 0.492
NLLB_Greedy	F-score: 0.610
NLLB_Greedy	F-score: 0.400
NLLB_Greedy	F-score: 0.526
NLLB_Greedy	F-score: 0.562
NLLB_Greedy	F-score: 0.711
NLLB_Greedy	F-score: 0.500
NLLB_Greedy	F-score: 0.453
NLLB_Greedy	F-score: 0.494
NLLB_Greedy	F-score: 0.583
NLLB_Greedy	F-score: 0.568
NLLB_Greedy	F-score: 0.571
NLLB_Greedy	F-score: 0.531
NLLB_Greedy	F-score: 0.541
NLLB_Greedy	F-score: 0.417
NLLB_Greedy	F-score: 0.419
NLLB_Greedy	F-score: 0.879
NLLB_Greedy	F-score: 0.737
NLLB_Greedy	F-score: 0.561
NLLB_Greedy	F-score: 0.885
NLLB_Greedy	F-score: 0.824
NLLB_Greedy	F-score: 0.844
NLLB_Greedy	F-score: 0.716
NLLB_Greedy	F-score: 0.692
NLLB_Greedy	F-score: 0.743
NLLB_Greedy	F-score: 0.479
NLLB_Greedy	F-score: 0.542
NLLB_Greedy	F-score: 0.628
NLLB_Greedy	F-score: 0.435
NLLB_Greedy	F-score: 0.610
NLLB_Greedy	F-score: 0.724
NLLB_Greedy	F-score: 0.479
NLLB_Greedy	F-score: 0.425
NLLB_Greedy	F-score: 0.645
NLLB_Greedy	F-score: 0.577
NLLB_Greedy	F-score: 0.560
NLLB_Greedy	F-score: 0.278
NLLB_Greedy	F-score: 0.507
NLLB_Greedy	F-score: 0.543
NLLB_Greedy	F-score: 0.476
NLLB_Greedy	F-score: 0.759
NLLB_Greedy	F-score: 0.708
NLLB_Greedy	F-score: 0.625
NLLB_Greedy	F-score: 0.729
NLLB_Greedy	F-score: 0.720
NLLB_Greedy	F-score: 0.693
NLLB_Greedy	F-score: 0.688
NLLB_Greedy	F-score: 0.641
NLLB_Greedy	F-score: 0.762
NLLB_Greedy	F-score: 0.360
NLLB_Greedy	F-score: 0.722
NLLB_Greedy	F-score: 0.492
NLLB_Greedy	F-score: 0.205
NLLB_Greedy	F-score: 0.505
NLLB_Greedy	F-score: 0.667
NLLB_Greedy	F-score: 0.455
NLLB_Greedy	F-score: 0.812
NLLB_Greedy	F-score: 0.489
NLLB_Greedy	F-score: 0.540
NLLB_Greedy	F-score: 0.508
NLLB_Greedy	F-score: 0.821
NLLB_Greedy	F-score: 0.496
NLLB_Greedy	F-score: 0.629
NLLB_Greedy	F-score: 0.519
NLLB_Greedy	F-score: 0.540
NLLB_Greedy	F-score: 0.715
NLLB_Greedy	F-score: 0.426
NLLB_Greedy	F-score: 0.870
NLLB_Greedy	F-score: 0.776
NLLB_Greedy	F-score: 0.846
NLLB_Greedy	F-score: 0.500
NLLB_Greedy	F-score: 0.720
NLLB_Greedy	F-score: 0.914
NLLB_Greedy	F-score: 0.938
NLLB_Greedy	F-score: 0.889
NLLB_Greedy	F-score: 0.733
NLLB_Greedy	F-score: 0.706
NLLB_Greedy	F-score: 0.652
NLLB_Greedy	F-score: 0.679
NLLB_Greedy	F-score: 0.625
NLLB_Greedy	F-score: 0.771
NLLB_Greedy	F-score: 0.656
NLLB_Greedy	F-score: 0.846
NLLB_Greedy	F-score: 0.222
NLLB_Greedy	F-score: 0.712
NLLB_Greedy	F-score: 0.727
NLLB_Greedy	F-score: 0.769
NLLB_Greedy	F-score: 0.712
NLLB_Greedy	F-score: 0.863
NLLB_Greedy	F-score: 0.845
NLLB_Greedy	F-score: 0.545
NLLB_Greedy	F-score: 0.881
NLLB_Greedy	F-score: 0.614
NLLB_Greedy	F-score: 0.690
NLLB_Greedy	F-score: 0.540
NLLB_Greedy	F-score: 0.690
NLLB_Greedy	F-score: 0.563
NLLB_Greedy	F-score: 0.830
NLLB_Greedy	F-score: 0.907
NLLB_Greedy	F-score: 0.763
NLLB_Greedy	F-score: 0.596
NLLB_Greedy	F-score: 0.905
NLLB_Greedy	F-score: 0.552
NLLB_Greedy	F-score: 0.660
NLLB_Greedy	F-score: 0.684
NLLB_Greedy	F-score: 0.818
NLLB_Greedy	F-score: 0.857
NLLB_Greedy	F-score: 0.500
NLLB_Greedy	F-score: 0.704
NLLB_Greedy	F-score: 0.516
NLLB_Greedy	F-score: 0.636
NLLB_Greedy	F-score: 0.480
NLLB_Greedy	F-score: 0.814
NLLB_Greedy	F-score: 1.000
NLLB_Greedy	F-score: 0.636
NLLB_Greedy	F-score: 0.909
NLLB_Greedy	F-score: 0.746
NLLB_Greedy	F-score: 0.938
NLLB_Greedy	F-score: 0.674
NLLB_Greedy	F-score: 0.500
NLLB_Greedy	F-score: 0.857
NLLB_Greedy	F-score: 0.833
NLLB_Greedy	F-score: 0.780
NLLB_Greedy	F-score: 0.831
NLLB_Greedy	F-score: 0.929
NLLB_Greedy	F-score: 0.815
NLLB_Greedy	F-score: 0.560
NLLB_Greedy	F-score: 0.823
NLLB_Greedy	F-score: 0.896
NLLB_Greedy	F-score: 0.756
NLLB_Greedy	F-score: 0.757
NLLB_Greedy	F-score: 0.860
NLLB_Greedy	F-score: 0.622
NLLB_Greedy	F-score: 0.691
NLLB_Greedy	F-score: 0.400
NLLB_Greedy	F-score: 0.718
NLLB_Greedy	F-score: 0.492
NLLB_Greedy	F-score: 0.853
NLLB_Greedy	F-score: 1.000
NLLB_Greedy	F-score: 0.679
NLLB_Greedy	F-score: 0.750
NLLB_Greedy	F-score: 0.783
NLLB_Greedy	F-score: 0.836
NLLB_Greedy	F-score: 0.705
NLLB_Greedy	F-score: 0.688
NLLB_Greedy	F-score: 0.602
NLLB_Greedy	F-score: 0.594
NLLB_Greedy	F-score: 0.563
NLLB_Greedy	F-score: 0.842
NLLB_Greedy	F-score: 0.765
NLLB_Greedy	F-score: 0.556
NLLB_Greedy	F-score: 0.743
NLLB_Greedy	F-score: 0.557
NLLB_Greedy	F-score: 0.857
NLLB_Greedy	F-score: 0.761
NLLB_Greedy	F-score: 0.410
NLLB_Greedy	F-score: 0.839
NLLB_Greedy	F-score: 0.881
NLLB_Greedy	F-score: 0.596
NLLB_Greedy	F-score: 0.500
NLLB_Greedy	F-score: 0.500
NLLB_Greedy	F-score: 0.609
NLLB_Greedy	F-score: 0.878
NLLB_Greedy	F-score: 0.737
NLLB_Greedy	F-score: 0.825
NLLB_Greedy	F-score: 0.607
NLLB_Greedy	F-score: 0.545
NLLB_Greedy	F-score: 0.584
NLLB_Greedy	F-score: 0.598
NLLB_Greedy	F-score: 0.662
NLLB_Greedy	F-score: 0.630
NLLB_Greedy	F-score: 0.737
NLLB_Greedy	F-score: 0.742
NLLB_Greedy	F-score: 0.745
NLLB_Greedy	F-score: 0.740
NLLB_Greedy	F-score: 0.706
NLLB_Greedy	F-score: 0.787
NLLB_Greedy	F-score: 0.689
NLLB_Greedy	F-score: 0.500
NLLB_Greedy	F-score: 0.286
NLLB_Greedy	F-score: 0.711
NLLB_Greedy	F-score: 0.829
NLLB_Greedy	F-score: 0.558
NLLB_Greedy	F-score: 0.747
NLLB_Greedy	F-score: 0.695
NLLB_Greedy	F-score: 0.841
NLLB_Greedy	F-score: 1.000
NLLB_Greedy	F-score: 0.661
NLLB_Greedy	F-score: 0.746
NLLB_Greedy	F-score: 0.421
NLLB_Greedy	F-score: 0.593
NLLB_Greedy	F-score: 0.610
NLLB_Greedy	F-score: 0.675
NLLB_Greedy	F-score: 0.421
NLLB_Greedy	F-score: 0.808
NLLB_Greedy	F-score: 0.553
NLLB_Greedy	F-score: 0.895
NLLB_Greedy	F-score: 0.662
NLLB_Greedy	F-score: 0.661
NLLB_Greedy	F-score: 0.500
NLLB_Greedy	F-score: 0.688
NLLB_Greedy	F-score: 0.235
NLLB_Greedy	F-score: 0.811
NLLB_Greedy	F-score: 0.714
NLLB_Greedy	F-score: 0.800
NLLB_Greedy	F-score: 0.711
NLLB_Greedy	F-score: 0.728
NLLB_Greedy	F-score: 0.842
NLLB_Greedy	F-score: 0.615
NLLB_Greedy	F-score: 0.762
NLLB_Greedy	F-score: 0.656
NLLB_Greedy	F-score: 0.659
NLLB_Greedy	F-score: 0.478
NLLB_Greedy	F-score: 0.590
NLLB_Greedy	F-score: 0.815
NLLB_Greedy	F-score: 0.673
NLLB_Greedy	F-score: 0.756
NLLB_Greedy	F-score: 0.726
NLLB_Greedy	F-score: 0.462
NLLB_Greedy	F-score: 0.421
NLLB_Greedy	F-score: 0.667
NLLB_Greedy	F-score: 0.737
NLLB_Greedy	F-score: 0.556
NLLB_Greedy	F-score: 0.694
NLLB_Greedy	F-score: 0.444
NLLB_Greedy	F-score: 0.570
NLLB_Greedy	F-score: 0.393
NLLB_Greedy	F-score: 0.667
NLLB_Greedy	F-score: 0.544
NLLB_Greedy	F-score: 0.538
NLLB_Greedy	F-score: 0.250
NLLB_Greedy	F-score: 0.388
NLLB_Greedy	F-score: 0.923
NLLB_Greedy	F-score: 1.000
NLLB_Greedy	F-score: 0.535
NLLB_Greedy	F-score: 0.415
NLLB_Greedy	F-score: 0.425
NLLB_Greedy	F-score: 0.286
NLLB_Greedy	F-score: 0.667
NLLB_Greedy	F-score: 0.459
NLLB_Greedy	F-score: 0.500
NLLB_Greedy	F-score: 0.330
NLLB_Greedy	F-score: 0.312
NLLB_Greedy	F-score: 0.593
NLLB_Greedy	F-score: 0.750
NLLB_Greedy	F-score: 0.513
NLLB_Greedy	F-score: 0.366
NLLB_Greedy	F-score: 0.600
NLLB_Greedy	F-score: 0.571
NLLB_Greedy	F-score: 0.612
NLLB_Greedy	F-score: 0.427
NLLB_Greedy	F-score: 0.543
NLLB_Greedy	F-score: 0.556
NLLB_Greedy	F-score: 0.576
NLLB_Greedy	F-score: 0.456
NLLB_Greedy	F-score: 0.822
NLLB_Greedy	F-score: 0.586
NLLB_Greedy	F-score: 0.250
NLLB_Greedy	F-score: 0.625
NLLB_Greedy	F-score: 0.625
NLLB_Greedy	F-score: 0.714
NLLB_Greedy	F-score: 0.625
NLLB_Greedy	F-score: 0.632
NLLB_Greedy	F-score: 0.343
NLLB_Greedy	F-score: 0.528
NLLB_Greedy	F-score: 0.549
NLLB_Greedy	F-score: 0.444
NLLB_Greedy	F-score: 1.000
NLLB_Greedy	F-score: 0.472
NLLB_Greedy	F-score: 0.769
NLLB_Greedy	F-score: 0.800
NLLB_Greedy	F-score: 0.417
NLLB_Greedy	F-score: 0.710
NLLB_Greedy	F-score: 0.556
NLLB_Greedy	F-score: 0.286
NLLB_Greedy	F-score: 0.478
NLLB_Greedy	F-score: 0.679
NLLB_Greedy	F-score: 0.862
NLLB_Greedy	F-score: 0.568
NLLB_Greedy	F-score: 0.385
NLLB_Greedy	F-score: 0.875
NLLB_Greedy	F-score: 0.435
NLLB_Greedy	F-score: 0.491
NLLB_Greedy	F-score: 0.636
NLLB_Greedy	F-score: 0.765
NLLB_Greedy	F-score: 0.558
NLLB_Greedy	F-score: 0.543
NLLB_Greedy	F-score: 0.530
NLLB_Greedy	F-score: 0.261
NLLB_Greedy	F-score: 0.538
NLLB_Greedy	F-score: 0.472
NLLB_Greedy	F-score: 0.380
NLLB_Greedy	F-score: 0.515
NLLB_Greedy	F-score: 0.900
NLLB_Greedy	F-score: 0.541
NLLB_Greedy	F-score: 0.482
NLLB_Greedy	F-score: 0.633
NLLB_Greedy	F-score: 0.588
NLLB_Greedy	F-score: 0.421
NLLB_Greedy	F-score: 0.421
NLLB_Greedy	F-score: 0.374
NLLB_Greedy	F-score: 0.600
NLLB_Greedy	F-score: 0.360
NLLB_Greedy	F-score: 0.467
NLLB_Greedy	F-score: 0.410
NLLB_Greedy	F-score: 0.571
NLLB_Greedy	F-score: 0.304
NLLB_Greedy	F-score: 0.750
NLLB_Greedy	F-score: 0.500
NLLB_Greedy	F-score: 0.700
NLLB_Greedy	F-score: 0.538
NLLB_Greedy	F-score: 0.588
NLLB_Greedy	F-score: 0.714
NLLB_Greedy	F-score: 0.587
NLLB_Greedy	F-score: 0.400
NLLB_Greedy	F-score: 0.500
NLLB_Greedy	F-score: 0.667
NLLB_Greedy	F-score: 0.585
NLLB_Greedy	F-score: 0.301
NLLB_Greedy	F-score: 0.380
NLLB_Greedy	F-score: 0.600
NLLB_Greedy	F-score: 0.500
NLLB_Greedy	F-score: 0.167
NLLB_Greedy	F-score: 0.302
NLLB_Greedy	F-score: 0.269
NLLB_Greedy	F-score: 0.300
NLLB_Greedy	F-score: 0.415
NLLB_Greedy	F-score: 0.250
NLLB_Greedy	F-score: 0.344
NLLB_Greedy	F-score: 0.200
NLLB_Greedy	F-score: 0.370
NLLB_Greedy	F-score: 0.917
NLLB_Greedy	F-score: 0.352
NLLB_Greedy	F-score: 0.493
NLLB_Greedy	F-score: 0.588
NLLB_Greedy	F-score: 0.553
NLLB_Greedy	F-score: 0.449
NLLB_Greedy	F-score: 0.296
NLLB_Greedy	F-score: 0.405
NLLB_Greedy	F-score: 0.182
NLLB_Greedy	F-score: 0.300
NLLB_Greedy	F-score: 0.320
NLLB_Greedy	F-score: 0.522
NLLB_Greedy	F-score: 0.531
NLLB_Greedy	F-score: 0.780
NLLB_Greedy	F-score: 0.089
NLLB_Greedy	F-score: 0.333
NLLB_Greedy	F-score: 0.213
NLLB_Greedy	F-score: 0.512
NLLB_Greedy	F-score: 0.750
NLLB_Greedy	F-score: 0.528
NLLB_Greedy	F-score: 0.244
NLLB_Greedy	F-score: 0.815
NLLB_Greedy	F-score: 0.182
NLLB_Greedy	F-score: 0.400
NLLB_Greedy	F-score: 0.800
NLLB_Greedy	F-score: 0.489
NLLB_Greedy	F-score: 0.519
NLLB_Greedy	F-score: 0.538
NLLB_Greedy	F-score: 0.286
NLLB_Greedy	F-score: 0.595
NLLB_Greedy	F-score: 1.000
NLLB_Greedy	F-score: 0.400
NLLB_Greedy	F-score: 0.750
NLLB_Greedy	F-score: 0.289
NLLB_Greedy	F-score: 0.379
NLLB_Greedy	F-score: 0.576
NLLB_Greedy	F-score: 0.165
NLLB_Greedy	F-score: 0.403
NLLB_Greedy	F-score: 0.636
NLLB_Greedy	F-score: 0.519
NLLB_Greedy	F-score: 0.385
NLLB_Greedy	F-score: 0.216
NLLB_Greedy	F-score: 0.303
NLLB_Greedy	F-score: 0.500
NLLB_Greedy	F-score: 0.377
NLLB_Greedy	F-score: 0.083
NLLB_Greedy	F-score: 0.649
NLLB_Greedy	F-score: 0.414
NLLB_Greedy	F-score: 0.338
NLLB_Greedy	F-score: 0.492
NLLB_Greedy	F-score: 0.162
NLLB_Greedy	F-score: 0.154
NLLB_Greedy	F-score: 0.780
NLLB_Greedy	F-score: 0.500
NLLB_Greedy	F-score: 0.597
NLLB_Greedy	F-score: 0.485
NLLB_Greedy	F-score: 0.541
NLLB_Greedy	F-score: 0.539
NLLB_Greedy	F-score: 0.333
NLLB_Greedy	F-score: 0.764
NLLB_Greedy	F-score: 0.561
NLLB_Greedy	F-score: 0.407
NLLB_Greedy	F-score: 0.478
NLLB_Greedy	F-score: 0.520
NLLB_Greedy	F-score: 0.500
NLLB_Greedy	F-score: 0.441
NLLB_Greedy	F-score: 0.500
NLLB_Greedy	F-score: 0.543
NLLB_Greedy	F-score: 0.421
NLLB_Greedy	F-score: 0.250
NLLB_Greedy	F-score: 0.300
NLLB_Greedy	F-score: 0.476
NLLB_Greedy	F-score: 0.348
NLLB_Greedy	F-score: 0.545
NLLB_Greedy	F-score: 1.000
NLLB_Greedy	F-score: 1.000
NLLB_Greedy	F-score: 0.305
NLLB_Greedy	F-score: 0.625
NLLB_Greedy	F-score: 0.750
NLLB_Greedy	F-score: 0.464
NLLB_Greedy	F-score: 0.385
NLLB_Greedy	F-score: 0.842
NLLB_Greedy	F-score: 0.394
NLLB_Greedy	F-score: 0.500
NLLB_Greedy	F-score: 0.333
NLLB_Greedy	F-score: 0.429
NLLB_Greedy	F-score: 0.560
NLLB_Greedy	F-score: 0.491
NLLB_Greedy	F-score: 0.621
NLLB_Greedy	F-score: 0.425
NLLB_Greedy	F-score: 0.450
NLLB_Greedy	F-score: 0.714
NLLB_Greedy	F-score: 0.697
NLLB_Greedy	F-score: 0.413
NLLB_Greedy	F-score: 0.554
NLLB_Greedy	F-score: 0.833
NLLB_Greedy	F-score: 0.741
NLLB_Greedy	F-score: 0.762
NLLB_Greedy	F-score: 0.509
NLLB_Greedy	F-score: 0.591
NLLB_Greedy	F-score: 0.585
NLLB_Greedy	F-score: 0.439
NLLB_Greedy	F-score: 0.474
NLLB_Greedy	F-score: 0.418
NLLB_Greedy	F-score: 0.652
NLLB_Greedy	F-score: 0.417
NLLB_Greedy	F-score: 0.594
NLLB_Greedy	F-score: 0.507
NLLB_Greedy	F-score: 0.303
NLLB_Greedy	F-score: 0.471
NLLB_Greedy	F-score: 0.500
NLLB_Greedy	F-score: 0.500
NLLB_Greedy	F-score: 0.563
NLLB_Greedy	F-score: 0.638
NLLB_Greedy	F-score: 0.333
NLLB_Greedy	F-score: 0.357
NLLB_Greedy	F-score: 0.435
NLLB_Greedy	F-score: 0.706
NLLB_Greedy	F-score: 0.800
NLLB_Greedy	F-score: 0.504
NLLB_Greedy	F-score: 0.400
NLLB_Greedy	F-score: 0.568
NLLB_Greedy	F-score: 0.721
NLLB_Greedy	F-score: 0.833
NLLB_Greedy	F-score: 0.688
NLLB_Greedy	F-score: 0.565
NLLB_Greedy	F-score: 0.593
NLLB_Greedy	F-score: 0.265
NLLB_Greedy	F-score: 0.571
NLLB_Greedy	F-score: 0.574
NLLB_Greedy	F-score: 0.676
NLLB_Greedy	F-score: 0.702
NLLB_Greedy	F-score: 0.979
NLLB_Greedy	F-score: 0.536
NLLB_Greedy	F-score: 0.520
NLLB_Greedy	F-score: 0.571
NLLB_Greedy	F-score: 0.492
NLLB_Greedy	F-score: 0.481
NLLB_Greedy	F-score: 0.263
NLLB_Greedy	F-score: 0.500
NLLB_Greedy	F-score: 0.917
NLLB_Greedy	F-score: 0.493
NLLB_Greedy	F-score: 0.400
NLLB_Greedy	F-score: 0.449
NLLB_Greedy	F-score: 0.793
NLLB_Greedy	F-score: 0.550
NLLB_Greedy	F-score: 0.400
NLLB_Greedy	F-score: 0.750
NLLB_Greedy	F-score: 0.322
NLLB_Greedy	F-score: 0.346
NLLB_Greedy	F-score: 0.429
NLLB_Greedy	F-score: 0.182
NLLB_Greedy	F-score: 0.500
NLLB_Greedy	F-score: 0.475
NLLB_Greedy	F-score: 0.474
NLLB_Greedy	F-score: 0.316
NLLB_Greedy	F-score: 0.308
NLLB_Greedy	F-score: 0.478
NLLB_Greedy	F-score: 0.857
NLLB_Greedy	F-score: 0.625
NLLB_Greedy	F-score: 0.395
NLLB_Greedy	F-score: 0.750
NLLB_Greedy	F-score: 0.404
NLLB_Greedy	F-score: 0.478
NLLB_Greedy	F-score: 0.500
NLLB_Greedy	F-score: 0.295
NLLB_Greedy	F-score: 0.348
NLLB_Greedy	F-score: 0.426
NLLB_Greedy	F-score: 0.750
NLLB_Greedy	F-score: 0.564
NLLB_Greedy	F-score: 0.531
NLLB_Greedy	F-score: 0.654
NLLB_Greedy	F-score: 0.534
NLLB_Greedy	F-score: 0.333
NLLB_Greedy	F-score: 0.403
NLLB_Greedy	F-score: 0.702
NLLB_Greedy	F-score: 0.455
NLLB_Greedy	F-score: 0.652
NLLB_Greedy	F-score: 0.472
NLLB_Greedy	F-score: 0.422
NLLB_Greedy	F-score: 0.400
NLLB_Greedy	F-score: 0.526
NLLB_Greedy	F-score: 0.600
NLLB_Greedy	F-score: 0.182
NLLB_Greedy	F-score: 0.402
NLLB_Greedy	F-score: 0.625
NLLB_Greedy	F-score: 0.600
NLLB_Greedy	F-score: 0.431
NLLB_Greedy	F-score: 0.457
NLLB_Greedy	F-score: 0.429
NLLB_Greedy	F-score: 0.333
NLLB_Greedy	F-score: 0.625
NLLB_Greedy	F-score: 0.525
NLLB_Greedy	F-score: 1.000
NLLB_Greedy	F-score: 0.500
NLLB_Greedy	F-score: 0.520
NLLB_Greedy	F-score: 0.713
NLLB_Greedy	F-score: 1.000
NLLB_Greedy	F-score: 0.480
NLLB_Greedy	F-score: 0.222
NLLB_Greedy	F-score: 0.430
NLLB_Greedy	F-score: 0.474
NLLB_Greedy	F-score: 0.472
NLLB_Greedy	F-score: 0.336
NLLB_Greedy	F-score: 0.500
NLLB_Greedy	F-score: 0.333
NLLB_Greedy	F-score: 0.279
NLLB_Greedy	F-score: 0.318
NLLB_Greedy	F-score: 0.612
NLLB_Greedy	F-score: 0.571
NLLB_Greedy	F-score: 0.667
NLLB_Greedy	F-score: 0.370
NLLB_Greedy	F-score: 0.533
NLLB_Greedy	F-score: 0.429
NLLB_Greedy	F-score: 0.909
NLLB_Greedy	F-score: 0.343
NLLB_Greedy	F-score: 0.375
NLLB_Greedy	F-score: 0.354
NLLB_Greedy	F-score: 0.350
NLLB_Greedy	F-score: 0.456
NLLB_Greedy	F-score: 0.526
NLLB_Greedy	F-score: 0.528
NLLB_Greedy	F-score: 0.564
NLLB_Greedy	F-score: 0.518
NLLB_Greedy	F-score: 0.545
NLLB_Greedy	F-score: 0.467
NLLB_Greedy	F-score: 0.417
NLLB_Greedy	F-score: 0.211
NLLB_Greedy	F-score: 0.559
NLLB_Greedy	F-score: 0.400
NLLB_Greedy	F-score: 0.390
NLLB_Greedy	F-score: 0.505
NLLB_Greedy	F-score: 0.741
NLLB_Greedy	F-score: 0.342
NLLB_Greedy	F-score: 0.467
NLLB_Greedy	F-score: 0.523
NLLB_Greedy	F-score: 0.444
NLLB_Greedy	F-score: 0.415
NLLB_Greedy	F-score: 0.667
NLLB_Greedy	F-score: 0.800
NLLB_Greedy	F-score: 0.406
NLLB_Greedy	F-score: 0.576
NLLB_Greedy	F-score: 0.636
NLLB_Greedy	F-score: 0.588
NLLB_Greedy	F-score: 1.000
NLLB_Greedy	F-score: 0.400
NLLB_Greedy	F-score: 0.378
NLLB_Greedy	F-score: 0.750
NLLB_Greedy	F-score: 0.441
NLLB_Greedy	F-score: 0.625
NLLB_Greedy	F-score: 0.727
NLLB_Greedy	F-score: 0.404
NLLB_Greedy	F-score: 0.714
NLLB_Greedy	F-score: 0.154
NLLB_Greedy	F-score: 0.333
NLLB_Greedy	F-score: 0.612
NLLB_Greedy	F-score: 0.576
NLLB_Greedy	F-score: 0.356
NLLB_Greedy	F-score: 0.529
NLLB_Greedy	F-score: 0.782
NLLB_Greedy	F-score: 0.657
NLLB_Greedy	F-score: 0.314
NLLB_Greedy	F-score: 0.421
NLLB_Greedy	F-score: 1.000
NLLB_Greedy	F-score: 0.353
NLLB_Greedy	F-score: 0.452
NLLB_Greedy	F-score: 0.417
NLLB_Greedy	F-score: 0.839
NLLB_Greedy	F-score: 0.556
NLLB_Greedy	F-score: 0.625
NLLB_Greedy	F-score: 0.800
NLLB_Greedy	F-score: 0.706
NLLB_Greedy	F-score: 0.372
NLLB_Greedy	F-score: 0.514
NLLB_Greedy	F-score: 0.476
NLLB_Greedy	F-score: 0.357
NLLB_Greedy	F-score: 0.667
NLLB_Greedy	F-score: 0.612
NLLB_Greedy	F-score: 0.453
NLLB_Greedy	F-score: 0.389
NLLB_Greedy	F-score: 0.372
NLLB_Greedy	F-score: 0.211
NLLB_Greedy	F-score: 0.533
NLLB_Greedy	F-score: 0.381
NLLB_Greedy	F-score: 0.308
NLLB_Greedy	F-score: 0.424
NLLB_Greedy	F-score: 0.691
NLLB_Greedy	F-score: 0.600
NLLB_Greedy	F-score: 0.333
NLLB_Greedy	F-score: 0.644
NLLB_Greedy	F-score: 0.753
NLLB_Greedy	F-score: 0.590
NLLB_Greedy	F-score: 0.429
NLLB_Greedy	F-score: 0.375
NLLB_Greedy	F-score: 0.542
NLLB_Greedy	F-score: 0.653
NLLB_Greedy	F-score: 0.545
NLLB_Greedy	F-score: 0.372
NLLB_Greedy	F-score: 0.818
NLLB_Greedy	F-score: 0.667
NLLB_Greedy	F-score: 0.286
NLLB_Greedy	F-score: 0.489
NLLB_Greedy	F-score: 0.410
NLLB_Greedy	F-score: 0.393
NLLB_Greedy	F-score: 0.515
NLLB_Greedy	F-score: 0.409
NLLB_Greedy	F-score: 0.323
NLLB_Greedy	F-score: 0.407
NLLB_Greedy	F-score: 0.750
NLLB_Greedy	F-score: 0.359
NLLB_Greedy	F-score: 0.500
NLLB_Greedy	F-score: 0.571
NLLB_Greedy	F-score: 0.526
NLLB_Greedy	F-score: 0.383
NLLB_Greedy	F-score: 0.348
NLLB_Greedy	F-score: 0.472
NLLB_Greedy	F-score: 0.500
NLLB_Greedy	F-score: 0.439
NLLB_Greedy	F-score: 0.846
NLLB_Greedy	F-score: 0.596
NLLB_Greedy	F-score: 0.677
NLLB_Greedy	F-score: 0.600
NLLB_Greedy	F-score: 0.727
NLLB_Greedy	F-score: 0.519
NLLB_Greedy	F-score: 0.250
NLLB_Greedy	F-score: 0.300
NLLB_Greedy	F-score: 0.792
NLLB_Greedy	F-score: 0.786
NLLB_Greedy	F-score: 0.429
NLLB_Greedy	F-score: 0.530
NLLB_Greedy	F-score: 0.349
NLLB_Greedy	F-score: 0.452
NLLB_Greedy	F-score: 0.400
NLLB_Greedy	F-score: 0.636
NLLB_Greedy	F-score: 0.400
NLLB_Greedy	F-score: 0.132
NLLB_Greedy	F-score: 0.497
NLLB_Greedy	F-score: 0.571
NLLB_Greedy	F-score: 0.359
NLLB_Greedy	F-score: 0.455
NLLB_Greedy	F-score: 0.167
NLLB_Greedy	F-score: 0.439
NLLB_Greedy	F-score: 0.875
NLLB_Greedy	F-score: 0.256
NLLB_Greedy	F-score: 0.500
NLLB_Greedy	F-score: 0.567
NLLB_Greedy	F-score: 0.560
NLLB_Greedy	F-score: 0.436
NLLB_Greedy	F-score: 0.457
NLLB_Greedy	F-score: 0.462
NLLB_Greedy	F-score: 0.250
NLLB_Greedy	F-score: 0.364
NLLB_Greedy	F-score: 0.426
NLLB_Greedy	F-score: 0.625
NLLB_Greedy	F-score: 0.588
NLLB_Greedy	F-score: 0.786
NLLB_Greedy	F-score: 0.552
NLLB_Greedy	F-score: 0.375
NLLB_Greedy	F-score: 0.286
NLLB_Greedy	F-score: 0.512
NLLB_Greedy	F-score: 0.793
NLLB_Greedy	F-score: 0.630
NLLB_Greedy	F-score: 0.383
NLLB_Greedy	F-score: 0.449
NLLB_Greedy	F-score: 0.200
NLLB_Greedy	F-score: 0.505
NLLB_Greedy	F-score: 0.677
NLLB_Greedy	F-score: 0.429
NLLB_Greedy	F-score: 0.521
NLLB_Greedy	F-score: 0.514
NLLB_Greedy	F-score: 0.074
NLLB_Greedy	F-score: 0.338
NLLB_Greedy	F-score: 0.349
NLLB_Greedy	F-score: 0.833
NLLB_Greedy	F-score: 0.750
NLLB_Greedy	F-score: 0.750
NLLB_Greedy	F-score: 0.255
NLLB_Greedy	F-score: 0.205
NLLB_Greedy	F-score: 0.308
NLLB_Greedy	F-score: 0.512
NLLB_Greedy	F-score: 0.250
NLLB_Greedy	F-score: 0.431
NLLB_Greedy	F-score: 0.435
NLLB_Greedy	F-score: 0.500
NLLB_Greedy	F-score: 0.339
NLLB_Greedy	F-score: 0.769
NLLB_Greedy	F-score: 0.594
NLLB_Greedy	F-score: 0.514
NLLB_Greedy	F-score: 0.627
NLLB_Greedy	F-score: 0.376
NLLB_Greedy	F-score: 0.494
NLLB_Greedy	F-score: 0.722
NLLB_Greedy	F-score: 0.585
NLLB_Greedy	F-score: 0.565
NLLB_Greedy	F-score: 0.720
NLLB_Greedy	F-score: 0.400
NLLB_Greedy	F-score: 0.330
NLLB_Greedy	F-score: 0.258
NLLB_Greedy	F-score: 0.368
NLLB_Greedy	F-score: 0.615
NLLB_Greedy	F-score: 0.667
NLLB_Greedy	F-score: 0.530
NLLB_Greedy	F-score: 0.739
NLLB_Greedy	F-score: 0.923
NLLB_Greedy	F-score: 0.360
NLLB_Greedy	F-score: 0.833
NLLB_Greedy	F-score: 0.684
NLLB_Greedy	F-score: 0.312
NLLB_Greedy	F-score: 0.568
NLLB_Greedy	F-score: 0.913
NLLB_Greedy	F-score: 0.655
NLLB_Greedy	F-score: 0.489
NLLB_Greedy	F-score: 1.000
NLLB_Greedy	F-score: 0.727
NLLB_Greedy	F-score: 0.923
NLLB_Greedy	F-score: 0.240
NLLB_Greedy	F-score: 0.440
NLLB_Greedy	F-score: 0.480
NLLB_Greedy	F-score: 0.444
NLLB_Greedy	F-score: 0.498
NLLB_Greedy	F-score: 0.403
NLLB_Greedy	F-score: 0.500
NLLB_Greedy	F-score: 0.536
NLLB_Greedy	F-score: 0.514
NLLB_Greedy	F-score: 0.615
NLLB_Greedy	F-score: 0.444
NLLB_Greedy	F-score: 0.360
NLLB_Greedy	F-score: 1.000
NLLB_Greedy	F-score: 0.612
NLLB_Greedy	F-score: 0.417
NLLB_Greedy	F-score: 0.500
NLLB_Greedy	F-score: 0.263
NLLB_Greedy	F-score: 0.320
NLLB_Greedy	F-score: 0.250
NLLB_Greedy	F-score: 0.327
NLLB_Greedy	F-score: 0.416
NLLB_Greedy	F-score: 0.400
NLLB_Greedy	F-score: 0.515
NLLB_Greedy	F-score: 0.438
NLLB_Greedy	F-score: 0.486
NLLB_Greedy	F-score: 0.516
NLLB_Greedy	F-score: 0.762
NLLB_Greedy	F-score: 0.333
NLLB_Greedy	F-score: 0.889
NLLB_Greedy	F-score: 0.200
NLLB_Greedy	F-score: 0.333
NLLB_Greedy	F-score: 0.667
NLLB_Greedy	F-score: 0.556
NLLB_Greedy	F-score: 0.333
NLLB_Greedy	F-score: 0.491
NLLB_Greedy	F-score: 0.520
NLLB_Greedy	F-score: 0.615
NLLB_Greedy	F-score: 0.400
NLLB_Greedy	F-score: 0.385
NLLB_Greedy	F-score: 0.500
NLLB_Greedy	F-score: 0.444
NLLB_Greedy	F-score: 0.500
NLLB_Greedy	F-score: 0.261
NLLB_Greedy	F-score: 1.000
NLLB_Greedy	F-score: 0.710
NLLB_Greedy	F-score: 0.511
NLLB_Greedy	F-score: 0.411
NLLB_Greedy	F-score: 0.667
NLLB_Greedy	F-score: 0.421
NLLB_Greedy	F-score: 0.464
NLLB_Greedy	F-score: 0.387
NLLB_Greedy	F-score: 0.317
NLLB_Greedy	F-score: 0.773
NLLB_Greedy	F-score: 0.574
NLLB_Greedy	F-score: 0.373
NLLB_Greedy	F-score: 0.267
NLLB_Greedy	F-score: 0.458
NLLB_Greedy	F-score: 0.444
NLLB_Greedy	F-score: 0.466
NLLB_Greedy	F-score: 0.378
NLLB_Greedy	F-score: 0.448
NLLB_Greedy	F-score: 0.400
NLLB_Greedy	F-score: 0.500
NLLB_Greedy	F-score: 0.314
NLLB_Greedy	F-score: 0.667
NLLB_Greedy	F-score: 0.472
NLLB_Greedy	F-score: 0.714
NLLB_Greedy	F-score: 0.509
NLLB_Greedy	F-score: 0.650
NLLB_Greedy	F-score: 0.154
NLLB_Greedy	F-score: 0.098
NLLB_Greedy	F-score: 0.488
NLLB_Greedy	F-score: 0.300
NLLB_Greedy	F-score: 0.441
NLLB_Greedy	F-score: 0.414
NLLB_Greedy	F-score: 0.625
NLLB_Greedy	F-score: 0.592
NLLB_Greedy	F-score: 0.615
NLLB_Greedy	F-score: 0.563
NLLB_Greedy	F-score: 0.298
NLLB_Greedy	F-score: 0.340
NLLB_Greedy	F-score: 0.311
NLLB_Greedy	F-score: 0.364
NLLB_Greedy	F-score: 0.500
NLLB_Greedy	F-score: 0.429
NLLB_Greedy	F-score: 0.692
NLLB_Greedy	F-score: 0.333
NLLB_Greedy	F-score: 0.167
NLLB_Greedy	F-score: 0.500
NLLB_Greedy	F-score: 0.353
NLLB_Greedy	F-score: 0.222
NLLB_Greedy	F-score: 0.435
NLLB_Greedy	F-score: 0.286
NLLB_Greedy	F-score: 0.444
NLLB_Greedy	F-score: 0.667
NLLB_Greedy	F-score: 0.489
NLLB_Greedy	F-score: 0.800
NLLB_Greedy	F-score: 0.783
NLLB_Greedy	F-score: 0.652
NLLB_Greedy	F-score: 0.588
NLLB_Greedy	F-score: 0.692
NLLB_Greedy	F-score: 0.750
NLLB_Greedy	F-score: 0.267
NLLB_Greedy	F-score: 0.612
NLLB_Greedy	F-score: 0.400
NLLB_Greedy	F-score: 0.564
NLLB_Greedy	F-score: 0.293
NLLB_Greedy	F-score: 0.319
NLLB_Greedy	F-score: 0.500
NLLB_Greedy	F-score: 0.483
NLLB_Greedy	F-score: 0.857
NLLB_Greedy	F-score: 0.875
NLLB_Greedy	F-score: 0.261
NLLB_Greedy	F-score: 0.080
NLLB_Greedy	F-score: 0.568
NLLB_Greedy	F-score: 0.407
NLLB_Greedy	F-score: 0.111
NLLB_Greedy	F-score: 0.353
NLLB_Greedy	F-score: 0.429
NLLB_Greedy	F-score: 0.450
NLLB_Greedy	F-score: 0.400
NLLB_Greedy	F-score: 0.750
NLLB_Greedy	F-score: 0.714
NLLB_Greedy	F-score: 0.541
NLLB_Greedy	F-score: 0.769
NLLB_Greedy	F-score: 0.421
NLLB_Greedy	F-score: 0.467
NLLB_Greedy	F-score: 0.436
NLLB_Greedy	F-score: 0.374
NLLB_Greedy	F-score: 0.857
NLLB_Greedy	F-score: 0.507
NLLB_Greedy	F-score: 0.433
NLLB_Greedy	F-score: 0.357
NLLB_Greedy	F-score: 0.286
NLLB_Greedy	F-score: 0.382
NLLB_Greedy	F-score: 0.190
NLLB_Greedy	F-score: 0.222
NLLB_Greedy	F-score: 0.313
NLLB_Greedy	F-score: 0.683
NLLB_Greedy	F-score: 0.595
NLLB_Greedy	F-score: 0.375
NLLB_Greedy	F-score: 0.346
NLLB_Greedy	F-score: 0.584
NLLB_Greedy	F-score: 0.444
NLLB_Greedy	F-score: 0.889
NLLB_Greedy	F-score: 0.316
NLLB_Greedy	F-score: 1.000
NLLB_Greedy	F-score: 0.190
NLLB_Greedy	F-score: 0.696
NLLB_Greedy	F-score: 0.250
NLLB_Greedy	F-score: 0.483
NLLB_Greedy	F-score: 0.545
NLLB_Greedy	F-score: 0.641
NLLB_Greedy	F-score: 0.568
NLLB_Greedy	F-score: 0.356
NLLB_Greedy	F-score: 0.714
NLLB_Greedy	F-score: 0.257
NLLB_Greedy	F-score: 0.462
NLLB_Greedy	F-score: 0.362
NLLB_Greedy	F-score: 0.167
NLLB_Greedy	F-score: 0.356
NLLB_Greedy	F-score: 0.308
NLLB_Greedy	F-score: 0.545
NLLB_Greedy	F-score: 0.533
NLLB_Greedy	F-score: 0.364
NLLB_Greedy	F-score: 0.424
NLLB_Greedy	F-score: 0.640
NLLB_Greedy	F-score: 0.650
NLLB_Greedy	F-score: 0.579
NLLB_Greedy	F-score: 0.563
NLLB_Greedy	F-score: 0.795
NLLB_Greedy	F-score: 0.444
NLLB_Greedy	F-score: 0.531
NLLB_Greedy	F-score: 0.612
NLLB_Greedy	F-score: 0.386
NLLB_Greedy	F-score: 0.429
NLLB_Greedy	F-score: 0.600
NLLB_Greedy	F-score: 0.667
NLLB_Greedy	F-score: 0.320
NLLB_Greedy	F-score: 0.857
NLLB_Greedy	F-score: 0.639
NLLB_Greedy	F-score: 0.433
NLLB_Greedy	F-score: 0.566
NLLB_Greedy	F-score: 0.370
NLLB_Greedy	F-score: 0.356
NLLB_Greedy	F-score: 0.659
NLLB_Greedy	F-score: 0.530
NLLB_Greedy	F-score: 0.624
NLLB_Greedy	F-score: 0.484
NLLB_Greedy	F-score: 0.487
NLLB_Greedy	F-score: 0.571
NLLB_Greedy	F-score: 0.480
NLLB_Greedy	F-score: 0.467
NLLB_Greedy	F-score: 0.636
NLLB_Greedy	F-score: 0.667
NLLB_Greedy	F-score: 0.596
NLLB_Greedy	F-score: 0.484
NLLB_Greedy	F-score: 0.340
NLLB_Greedy	F-score: 0.714
NLLB_Greedy	F-score: 0.400
NLLB_Greedy	F-score: 0.500
NLLB_Greedy	F-score: 0.696
NLLB_MBR_BLEU	F-score: 0.667
NLLB_MBR_BLEU	F-score: 0.603
NLLB_MBR_BLEU	F-score: 0.667
NLLB_MBR_BLEU	F-score: 0.426
NLLB_MBR_BLEU	F-score: 0.462
NLLB_MBR_BLEU	F-score: 0.340
NLLB_MBR_BLEU	F-score: 0.261
NLLB_MBR_BLEU	F-score: 0.269
NLLB_MBR_BLEU	F-score: 0.494
NLLB_MBR_BLEU	F-score: 0.933
NLLB_MBR_BLEU	F-score: 0.444
NLLB_MBR_BLEU	F-score: 0.618
NLLB_MBR_BLEU	F-score: 0.385
NLLB_MBR_BLEU	F-score: 0.643
NLLB_MBR_BLEU	F-score: 0.730
NLLB_MBR_BLEU	F-score: 0.417
NLLB_MBR_BLEU	F-score: 0.247
NLLB_MBR_BLEU	F-score: 0.400
NLLB_MBR_BLEU	F-score: 0.576
NLLB_MBR_BLEU	F-score: 0.432
NLLB_MBR_BLEU	F-score: 0.464
NLLB_MBR_BLEU	F-score: 0.286
NLLB_MBR_BLEU	F-score: 0.476
NLLB_MBR_BLEU	F-score: 0.750
NLLB_MBR_BLEU	F-score: 0.647
NLLB_MBR_BLEU	F-score: 0.750
NLLB_MBR_BLEU	F-score: 0.571
NLLB_MBR_BLEU	F-score: 0.571
NLLB_MBR_BLEU	F-score: 0.174
NLLB_MBR_BLEU	F-score: 0.455
NLLB_MBR_BLEU	F-score: 0.769
NLLB_MBR_BLEU	F-score: 0.333
NLLB_MBR_BLEU	F-score: 0.412
NLLB_MBR_BLEU	F-score: 1.000
NLLB_MBR_BLEU	F-score: 0.467
NLLB_MBR_BLEU	F-score: 0.385
NLLB_MBR_BLEU	F-score: 1.000
NLLB_MBR_BLEU	F-score: 0.143
NLLB_MBR_BLEU	F-score: 0.486
NLLB_MBR_BLEU	F-score: 0.400
NLLB_MBR_BLEU	F-score: 0.545
NLLB_MBR_BLEU	F-score: 0.462
NLLB_MBR_BLEU	F-score: 0.429
NLLB_MBR_BLEU	F-score: 0.467
NLLB_MBR_BLEU	F-score: 0.545
NLLB_MBR_BLEU	F-score: 0.420
NLLB_MBR_BLEU	F-score: 0.442
NLLB_MBR_BLEU	F-score: 0.182
NLLB_MBR_BLEU	F-score: 0.321
NLLB_MBR_BLEU	F-score: 0.125
NLLB_MBR_BLEU	F-score: 0.600
NLLB_MBR_BLEU	F-score: 0.414
NLLB_MBR_BLEU	F-score: 0.381
NLLB_MBR_BLEU	F-score: 0.333
NLLB_MBR_BLEU	F-score: 0.209
NLLB_MBR_BLEU	F-score: 0.182
NLLB_MBR_BLEU	F-score: 0.341
NLLB_MBR_BLEU	F-score: 0.524
NLLB_MBR_BLEU	F-score: 0.571
NLLB_MBR_BLEU	F-score: 0.286
NLLB_MBR_BLEU	F-score: 0.300
NLLB_MBR_BLEU	F-score: 0.462
NLLB_MBR_BLEU	F-score: 0.293
NLLB_MBR_BLEU	F-score: 0.462
NLLB_MBR_BLEU	F-score: 0.274
NLLB_MBR_BLEU	F-score: 0.368
NLLB_MBR_BLEU	F-score: 0.375
NLLB_MBR_BLEU	F-score: 0.429
NLLB_MBR_BLEU	F-score: 0.615
NLLB_MBR_BLEU	F-score: 0.255
NLLB_MBR_BLEU	F-score: 0.667
NLLB_MBR_BLEU	F-score: 0.316
NLLB_MBR_BLEU	F-score: 0.206
NLLB_MBR_BLEU	F-score: 0.485
NLLB_MBR_BLEU	F-score: 0.167
NLLB_MBR_BLEU	F-score: 0.222
NLLB_MBR_BLEU	F-score: 0.367
NLLB_MBR_BLEU	F-score: 0.415
NLLB_MBR_BLEU	F-score: 0.214
NLLB_MBR_BLEU	F-score: 0.160
NLLB_MBR_BLEU	F-score: 0.333
NLLB_MBR_BLEU	F-score: 0.632
NLLB_MBR_BLEU	F-score: 0.864
NLLB_MBR_BLEU	F-score: 0.500
NLLB_MBR_BLEU	F-score: 0.375
NLLB_MBR_BLEU	F-score: 0.385
NLLB_MBR_BLEU	F-score: 0.200
NLLB_MBR_BLEU	F-score: 0.429
NLLB_MBR_BLEU	F-score: 0.190
NLLB_MBR_BLEU	F-score: 0.240
NLLB_MBR_BLEU	F-score: 0.606
NLLB_MBR_BLEU	F-score: 0.783
NLLB_MBR_BLEU	F-score: 0.264
NLLB_MBR_BLEU	F-score: 0.250
NLLB_MBR_BLEU	F-score: 0.727
NLLB_MBR_BLEU	F-score: 0.778
NLLB_MBR_BLEU	F-score: 0.400
NLLB_MBR_BLEU	F-score: 0.364
NLLB_MBR_BLEU	F-score: 0.864
NLLB_MBR_BLEU	F-score: 0.427
NLLB_MBR_BLEU	F-score: 0.800
NLLB_MBR_BLEU	F-score: 0.400
NLLB_MBR_BLEU	F-score: 0.246
NLLB_MBR_BLEU	F-score: 0.413
NLLB_MBR_BLEU	F-score: 0.429
NLLB_MBR_BLEU	F-score: 0.359
NLLB_MBR_BLEU	F-score: 0.750
NLLB_MBR_BLEU	F-score: 0.600
NLLB_MBR_BLEU	F-score: 0.563
NLLB_MBR_BLEU	F-score: 0.480
NLLB_MBR_BLEU	F-score: 0.318
NLLB_MBR_BLEU	F-score: 0.250
NLLB_MBR_BLEU	F-score: 0.400
NLLB_MBR_BLEU	F-score: 0.308
NLLB_MBR_BLEU	F-score: 0.417
NLLB_MBR_BLEU	F-score: 0.500
NLLB_MBR_BLEU	F-score: 0.200
NLLB_MBR_BLEU	F-score: 0.250
NLLB_MBR_BLEU	F-score: 0.364
NLLB_MBR_BLEU	F-score: 0.483
NLLB_MBR_BLEU	F-score: 0.429
NLLB_MBR_BLEU	F-score: 0.750
NLLB_MBR_BLEU	F-score: 0.250
NLLB_MBR_BLEU	F-score: 0.636
NLLB_MBR_BLEU	F-score: 0.435
NLLB_MBR_BLEU	F-score: 0.361
NLLB_MBR_BLEU	F-score: 0.667
NLLB_MBR_BLEU	F-score: 0.381
NLLB_MBR_BLEU	F-score: 0.571
NLLB_MBR_BLEU	F-score: 0.621
NLLB_MBR_BLEU	F-score: 0.400
NLLB_MBR_BLEU	F-score: 0.200
NLLB_MBR_BLEU	F-score: 0.200
NLLB_MBR_BLEU	F-score: 0.333
NLLB_MBR_BLEU	F-score: 0.167
NLLB_MBR_BLEU	F-score: 0.174
NLLB_MBR_BLEU	F-score: 0.316
NLLB_MBR_BLEU	F-score: 1.000
NLLB_MBR_BLEU	F-score: 0.091
NLLB_MBR_BLEU	F-score: 0.500
NLLB_MBR_BLEU	F-score: 0.286
NLLB_MBR_BLEU	F-score: 0.416
NLLB_MBR_BLEU	F-score: 0.667
NLLB_MBR_BLEU	F-score: 0.600
NLLB_MBR_BLEU	F-score: 0.636
NLLB_MBR_BLEU	F-score: 0.300
NLLB_MBR_BLEU	F-score: 0.375
NLLB_MBR_BLEU	F-score: 0.286
NLLB_MBR_BLEU	F-score: 0.346
NLLB_MBR_BLEU	F-score: 0.474
NLLB_MBR_BLEU	F-score: 0.462
NLLB_MBR_BLEU	F-score: 0.250
NLLB_MBR_BLEU	F-score: 0.444
NLLB_MBR_BLEU	F-score: 0.279
NLLB_MBR_BLEU	F-score: 0.195
NLLB_MBR_BLEU	F-score: 0.475
NLLB_MBR_BLEU	F-score: 0.275
NLLB_MBR_BLEU	F-score: 0.217
NLLB_MBR_BLEU	F-score: 0.200
NLLB_MBR_BLEU	F-score: 0.500
NLLB_MBR_BLEU	F-score: 0.237
NLLB_MBR_BLEU	F-score: 0.722
NLLB_MBR_BLEU	F-score: 0.571
NLLB_MBR_BLEU	F-score: 0.700
NLLB_MBR_BLEU	F-score: 0.643
NLLB_MBR_BLEU	F-score: 0.527
NLLB_MBR_BLEU	F-score: 0.490
NLLB_MBR_BLEU	F-score: 0.696
NLLB_MBR_BLEU	F-score: 0.627
NLLB_MBR_BLEU	F-score: 0.793
NLLB_MBR_BLEU	F-score: 0.870
NLLB_MBR_BLEU	F-score: 0.424
NLLB_MBR_BLEU	F-score: 0.632
NLLB_MBR_BLEU	F-score: 0.667
NLLB_MBR_BLEU	F-score: 0.553
NLLB_MBR_BLEU	F-score: 0.556
NLLB_MBR_BLEU	F-score: 0.471
NLLB_MBR_BLEU	F-score: 0.364
NLLB_MBR_BLEU	F-score: 0.167
NLLB_MBR_BLEU	F-score: 0.462
NLLB_MBR_BLEU	F-score: 0.343
NLLB_MBR_BLEU	F-score: 0.267
NLLB_MBR_BLEU	F-score: 0.143
NLLB_MBR_BLEU	F-score: 0.312
NLLB_MBR_BLEU	F-score: 0.298
NLLB_MBR_BLEU	F-score: 0.286
NLLB_MBR_BLEU	F-score: 0.347
NLLB_MBR_BLEU	F-score: 0.333
NLLB_MBR_BLEU	F-score: 0.444
NLLB_MBR_BLEU	F-score: 0.667
NLLB_MBR_BLEU	F-score: 1.000
NLLB_MBR_BLEU	F-score: 0.333
NLLB_MBR_BLEU	F-score: 0.714
NLLB_MBR_BLEU	F-score: 0.540
NLLB_MBR_BLEU	F-score: 0.527
NLLB_MBR_BLEU	F-score: 0.333
NLLB_MBR_BLEU	F-score: 0.710
NLLB_MBR_BLEU	F-score: 0.489
NLLB_MBR_BLEU	F-score: 0.571
NLLB_MBR_BLEU	F-score: 0.341
NLLB_MBR_BLEU	F-score: 0.421
NLLB_MBR_BLEU	F-score: 0.364
NLLB_MBR_BLEU	F-score: 0.348
NLLB_MBR_BLEU	F-score: 0.431
NLLB_MBR_BLEU	F-score: 0.273
NLLB_MBR_BLEU	F-score: 0.512
NLLB_MBR_BLEU	F-score: 0.458
NLLB_MBR_BLEU	F-score: 0.500
NLLB_MBR_BLEU	F-score: 0.333
NLLB_MBR_BLEU	F-score: 0.509
NLLB_MBR_BLEU	F-score: 0.375
NLLB_MBR_BLEU	F-score: 0.500
NLLB_MBR_BLEU	F-score: 0.242
NLLB_MBR_BLEU	F-score: 0.419
NLLB_MBR_BLEU	F-score: 0.277
NLLB_MBR_BLEU	F-score: 0.600
NLLB_MBR_BLEU	F-score: 0.385
NLLB_MBR_BLEU	F-score: 0.308
NLLB_MBR_BLEU	F-score: 0.250
NLLB_MBR_BLEU	F-score: 0.357
NLLB_MBR_BLEU	F-score: 0.417
NLLB_MBR_BLEU	F-score: 0.351
NLLB_MBR_BLEU	F-score: 0.431
NLLB_MBR_BLEU	F-score: 0.162
NLLB_MBR_BLEU	F-score: 0.278
NLLB_MBR_BLEU	F-score: 0.412
NLLB_MBR_BLEU	F-score: 0.456
NLLB_MBR_BLEU	F-score: 0.576
NLLB_MBR_BLEU	F-score: 0.371
NLLB_MBR_BLEU	F-score: 0.545
NLLB_MBR_BLEU	F-score: 0.400
NLLB_MBR_BLEU	F-score: 0.492
NLLB_MBR_BLEU	F-score: 0.247
NLLB_MBR_BLEU	F-score: 0.321
NLLB_MBR_BLEU	F-score: 0.169
NLLB_MBR_BLEU	F-score: 1.000
NLLB_MBR_BLEU	F-score: 0.667
NLLB_MBR_BLEU	F-score: 0.600
NLLB_MBR_BLEU	F-score: 0.634
NLLB_MBR_BLEU	F-score: 0.625
NLLB_MBR_BLEU	F-score: 0.600
NLLB_MBR_BLEU	F-score: 0.951
NLLB_MBR_BLEU	F-score: 0.896
NLLB_MBR_BLEU	F-score: 0.897
NLLB_MBR_BLEU	F-score: 0.542
NLLB_MBR_BLEU	F-score: 0.434
NLLB_MBR_BLEU	F-score: 0.545
NLLB_MBR_BLEU	F-score: 0.545
NLLB_MBR_BLEU	F-score: 0.585
NLLB_MBR_BLEU	F-score: 0.357
NLLB_MBR_BLEU	F-score: 0.336
NLLB_MBR_BLEU	F-score: 0.300
NLLB_MBR_BLEU	F-score: 0.524
NLLB_MBR_BLEU	F-score: 0.383
NLLB_MBR_BLEU	F-score: 0.410
NLLB_MBR_BLEU	F-score: 0.333
NLLB_MBR_BLEU	F-score: 0.833
NLLB_MBR_BLEU	F-score: 0.500
NLLB_MBR_BLEU	F-score: 0.353
NLLB_MBR_BLEU	F-score: 0.333
NLLB_MBR_BLEU	F-score: 0.476
NLLB_MBR_BLEU	F-score: 0.562
NLLB_MBR_BLEU	F-score: 0.413
NLLB_MBR_BLEU	F-score: 0.436
NLLB_MBR_BLEU	F-score: 0.580
NLLB_MBR_BLEU	F-score: 0.611
NLLB_MBR_BLEU	F-score: 0.444
NLLB_MBR_BLEU	F-score: 0.432
NLLB_MBR_BLEU	F-score: 0.540
NLLB_MBR_BLEU	F-score: 0.514
NLLB_MBR_BLEU	F-score: 0.537
NLLB_MBR_BLEU	F-score: 0.327
NLLB_MBR_BLEU	F-score: 0.516
NLLB_MBR_BLEU	F-score: 0.305
NLLB_MBR_BLEU	F-score: 0.630
NLLB_MBR_BLEU	F-score: 0.380
NLLB_MBR_BLEU	F-score: 0.416
NLLB_MBR_BLEU	F-score: 0.207
NLLB_MBR_BLEU	F-score: 0.441
NLLB_MBR_BLEU	F-score: 0.696
NLLB_MBR_BLEU	F-score: 1.000
NLLB_MBR_BLEU	F-score: 0.754
NLLB_MBR_BLEU	F-score: 0.652
NLLB_MBR_BLEU	F-score: 0.852
NLLB_MBR_BLEU	F-score: 0.381
NLLB_MBR_BLEU	F-score: 0.800
NLLB_MBR_BLEU	F-score: 0.475
NLLB_MBR_BLEU	F-score: 0.673
NLLB_MBR_BLEU	F-score: 0.821
NLLB_MBR_BLEU	F-score: 0.542
NLLB_MBR_BLEU	F-score: 0.468
NLLB_MBR_BLEU	F-score: 0.154
NLLB_MBR_BLEU	F-score: 0.395
NLLB_MBR_BLEU	F-score: 0.286
NLLB_MBR_BLEU	F-score: 0.459
NLLB_MBR_BLEU	F-score: 0.347
NLLB_MBR_BLEU	F-score: 0.382
NLLB_MBR_BLEU	F-score: 0.432
NLLB_MBR_BLEU	F-score: 0.429
NLLB_MBR_BLEU	F-score: 0.609
NLLB_MBR_BLEU	F-score: 0.667
NLLB_MBR_BLEU	F-score: 0.420
NLLB_MBR_BLEU	F-score: 0.333
NLLB_MBR_BLEU	F-score: 0.387
NLLB_MBR_BLEU	F-score: 0.420
NLLB_MBR_BLEU	F-score: 0.778
NLLB_MBR_BLEU	F-score: 0.667
NLLB_MBR_BLEU	F-score: 0.356
NLLB_MBR_BLEU	F-score: 0.575
NLLB_MBR_BLEU	F-score: 0.351
NLLB_MBR_BLEU	F-score: 0.345
NLLB_MBR_BLEU	F-score: 0.769
NLLB_MBR_BLEU	F-score: 0.170
NLLB_MBR_BLEU	F-score: 0.441
NLLB_MBR_BLEU	F-score: 0.875
NLLB_MBR_BLEU	F-score: 0.650
NLLB_MBR_BLEU	F-score: 0.697
NLLB_MBR_BLEU	F-score: 0.747
NLLB_MBR_BLEU	F-score: 0.594
NLLB_MBR_BLEU	F-score: 0.687
NLLB_MBR_BLEU	F-score: 0.889
NLLB_MBR_BLEU	F-score: 0.697
NLLB_MBR_BLEU	F-score: 0.839
NLLB_MBR_BLEU	F-score: 0.556
NLLB_MBR_BLEU	F-score: 0.495
NLLB_MBR_BLEU	F-score: 0.262
NLLB_MBR_BLEU	F-score: 0.222
NLLB_MBR_BLEU	F-score: 0.302
NLLB_MBR_BLEU	F-score: 0.326
NLLB_MBR_BLEU	F-score: 0.340
NLLB_MBR_BLEU	F-score: 0.526
NLLB_MBR_BLEU	F-score: 0.469
NLLB_MBR_BLEU	F-score: 0.550
NLLB_MBR_BLEU	F-score: 0.325
NLLB_MBR_BLEU	F-score: 0.267
NLLB_MBR_BLEU	F-score: 0.482
NLLB_MBR_BLEU	F-score: 0.299
NLLB_MBR_BLEU	F-score: 0.333
NLLB_MBR_BLEU	F-score: 0.354
NLLB_MBR_BLEU	F-score: 0.352
NLLB_MBR_BLEU	F-score: 0.542
NLLB_MBR_BLEU	F-score: 0.340
NLLB_MBR_BLEU	F-score: 0.556
NLLB_MBR_BLEU	F-score: 0.227
NLLB_MBR_BLEU	F-score: 0.326
NLLB_MBR_BLEU	F-score: 0.388
NLLB_MBR_BLEU	F-score: 0.231
NLLB_MBR_BLEU	F-score: 0.386
NLLB_MBR_BLEU	F-score: 0.357
NLLB_MBR_BLEU	F-score: 0.500
NLLB_MBR_BLEU	F-score: 0.622
NLLB_MBR_BLEU	F-score: 0.630
NLLB_MBR_BLEU	F-score: 0.727
NLLB_MBR_BLEU	F-score: 0.500
NLLB_MBR_BLEU	F-score: 0.592
NLLB_MBR_BLEU	F-score: 0.690
NLLB_MBR_BLEU	F-score: 0.563
NLLB_MBR_BLEU	F-score: 0.831
NLLB_MBR_BLEU	F-score: 0.653
NLLB_MBR_BLEU	F-score: 0.769
NLLB_MBR_BLEU	F-score: 0.391
NLLB_MBR_BLEU	F-score: 0.552
NLLB_MBR_BLEU	F-score: 0.500
NLLB_MBR_BLEU	F-score: 0.533
NLLB_MBR_BLEU	F-score: 0.721
NLLB_MBR_BLEU	F-score: 0.424
NLLB_MBR_BLEU	F-score: 0.561
NLLB_MBR_BLEU	F-score: 0.833
NLLB_MBR_BLEU	F-score: 0.636
NLLB_MBR_BLEU	F-score: 0.627
NLLB_MBR_BLEU	F-score: 0.500
NLLB_MBR_BLEU	F-score: 0.717
NLLB_MBR_BLEU	F-score: 0.460
NLLB_MBR_BLEU	F-score: 0.703
NLLB_MBR_BLEU	F-score: 0.585
NLLB_MBR_BLEU	F-score: 0.531
NLLB_MBR_BLEU	F-score: 0.500
NLLB_MBR_BLEU	F-score: 0.709
NLLB_MBR_BLEU	F-score: 0.667
NLLB_MBR_BLEU	F-score: 0.480
NLLB_MBR_BLEU	F-score: 0.400
NLLB_MBR_BLEU	F-score: 0.400
NLLB_MBR_BLEU	F-score: 0.721
NLLB_MBR_BLEU	F-score: 0.340
NLLB_MBR_BLEU	F-score: 0.769
NLLB_MBR_BLEU	F-score: 0.353
NLLB_MBR_BLEU	F-score: 0.538
NLLB_MBR_BLEU	F-score: 0.485
NLLB_MBR_BLEU	F-score: 0.467
NLLB_MBR_BLEU	F-score: 0.465
NLLB_MBR_BLEU	F-score: 0.370
NLLB_MBR_BLEU	F-score: 0.400
NLLB_MBR_BLEU	F-score: 0.333
NLLB_MBR_BLEU	F-score: 0.359
NLLB_MBR_BLEU	F-score: 0.505
NLLB_MBR_BLEU	F-score: 0.417
NLLB_MBR_BLEU	F-score: 1.000
NLLB_MBR_BLEU	F-score: 1.000
NLLB_MBR_BLEU	F-score: 0.462
NLLB_MBR_BLEU	F-score: 0.486
NLLB_MBR_BLEU	F-score: 0.625
NLLB_MBR_BLEU	F-score: 0.375
NLLB_MBR_BLEU	F-score: 0.471
NLLB_MBR_BLEU	F-score: 0.462
NLLB_MBR_BLEU	F-score: 0.471
NLLB_MBR_BLEU	F-score: 0.542
NLLB_MBR_BLEU	F-score: 0.338
NLLB_MBR_BLEU	F-score: 0.300
NLLB_MBR_BLEU	F-score: 0.500
NLLB_MBR_BLEU	F-score: 0.458
NLLB_MBR_BLEU	F-score: 0.385
NLLB_MBR_BLEU	F-score: 0.167
NLLB_MBR_BLEU	F-score: 0.311
NLLB_MBR_BLEU	F-score: 0.387
NLLB_MBR_BLEU	F-score: 1.000
NLLB_MBR_BLEU	F-score: 0.600
NLLB_MBR_BLEU	F-score: 0.400
NLLB_MBR_BLEU	F-score: 0.250
NLLB_MBR_BLEU	F-score: 0.615
NLLB_MBR_BLEU	F-score: 0.522
NLLB_MBR_BLEU	F-score: 0.211
NLLB_MBR_BLEU	F-score: 0.408
NLLB_MBR_BLEU	F-score: 0.750
NLLB_MBR_BLEU	F-score: 0.524
NLLB_MBR_BLEU	F-score: 0.333
NLLB_MBR_BLEU	F-score: 1.000
NLLB_MBR_BLEU	F-score: 0.517
NLLB_MBR_BLEU	F-score: 0.516
NLLB_MBR_BLEU	F-score: 0.400
NLLB_MBR_BLEU	F-score: 0.554
NLLB_MBR_BLEU	F-score: 0.895
NLLB_MBR_BLEU	F-score: 0.674
NLLB_MBR_BLEU	F-score: 1.000
NLLB_MBR_BLEU	F-score: 0.667
NLLB_MBR_BLEU	F-score: 0.571
NLLB_MBR_BLEU	F-score: 0.500
NLLB_MBR_BLEU	F-score: 0.625
NLLB_MBR_BLEU	F-score: 0.429
NLLB_MBR_BLEU	F-score: 0.467
NLLB_MBR_BLEU	F-score: 0.692
NLLB_MBR_BLEU	F-score: 0.211
NLLB_MBR_BLEU	F-score: 0.486
NLLB_MBR_BLEU	F-score: 1.000
NLLB_MBR_BLEU	F-score: 0.408
NLLB_MBR_BLEU	F-score: 0.343
NLLB_MBR_BLEU	F-score: 0.600
NLLB_MBR_BLEU	F-score: 0.500
NLLB_MBR_BLEU	F-score: 1.000
NLLB_MBR_BLEU	F-score: 0.685
NLLB_MBR_BLEU	F-score: 0.444
NLLB_MBR_BLEU	F-score: 0.596
NLLB_MBR_BLEU	F-score: 0.441
NLLB_MBR_BLEU	F-score: 0.622
NLLB_MBR_BLEU	F-score: 0.560
NLLB_MBR_BLEU	F-score: 0.286
NLLB_MBR_BLEU	F-score: 0.957
NLLB_MBR_BLEU	F-score: 0.642
NLLB_MBR_BLEU	F-score: 0.492
NLLB_MBR_BLEU	F-score: 0.629
NLLB_MBR_BLEU	F-score: 0.625
NLLB_MBR_BLEU	F-score: 0.645
NLLB_MBR_BLEU	F-score: 0.308
NLLB_MBR_BLEU	F-score: 0.400
NLLB_MBR_BLEU	F-score: 0.700
NLLB_MBR_BLEU	F-score: 0.556
NLLB_MBR_BLEU	F-score: 0.316
NLLB_MBR_BLEU	F-score: 0.375
NLLB_MBR_BLEU	F-score: 0.462
NLLB_MBR_BLEU	F-score: 0.581
NLLB_MBR_BLEU	F-score: 0.182
NLLB_MBR_BLEU	F-score: 0.433
NLLB_MBR_BLEU	F-score: 0.588
NLLB_MBR_BLEU	F-score: 0.481
NLLB_MBR_BLEU	F-score: 0.439
NLLB_MBR_BLEU	F-score: 0.462
NLLB_MBR_BLEU	F-score: 0.875
NLLB_MBR_BLEU	F-score: 0.276
NLLB_MBR_BLEU	F-score: 0.667
NLLB_MBR_BLEU	F-score: 0.429
NLLB_MBR_BLEU	F-score: 0.361
NLLB_MBR_BLEU	F-score: 0.211
NLLB_MBR_BLEU	F-score: 0.571
NLLB_MBR_BLEU	F-score: 0.340
NLLB_MBR_BLEU	F-score: 0.395
NLLB_MBR_BLEU	F-score: 0.437
NLLB_MBR_BLEU	F-score: 0.513
NLLB_MBR_BLEU	F-score: 0.508
NLLB_MBR_BLEU	F-score: 0.585
NLLB_MBR_BLEU	F-score: 0.733
NLLB_MBR_BLEU	F-score: 0.558
NLLB_MBR_BLEU	F-score: 0.633
NLLB_MBR_BLEU	F-score: 0.747
NLLB_MBR_BLEU	F-score: 0.708
NLLB_MBR_BLEU	F-score: 0.870
NLLB_MBR_BLEU	F-score: 0.800
NLLB_MBR_BLEU	F-score: 0.604
NLLB_MBR_BLEU	F-score: 0.488
NLLB_MBR_BLEU	F-score: 0.564
NLLB_MBR_BLEU	F-score: 0.553
NLLB_MBR_BLEU	F-score: 0.625
NLLB_MBR_BLEU	F-score: 0.552
NLLB_MBR_BLEU	F-score: 0.520
NLLB_MBR_BLEU	F-score: 0.549
NLLB_MBR_BLEU	F-score: 0.575
NLLB_MBR_BLEU	F-score: 0.532
NLLB_MBR_BLEU	F-score: 0.475
NLLB_MBR_BLEU	F-score: 0.658
NLLB_MBR_BLEU	F-score: 0.742
NLLB_MBR_BLEU	F-score: 0.680
NLLB_MBR_BLEU	F-score: 0.649
NLLB_MBR_BLEU	F-score: 0.571
NLLB_MBR_BLEU	F-score: 0.644
NLLB_MBR_BLEU	F-score: 0.558
NLLB_MBR_BLEU	F-score: 0.505
NLLB_MBR_BLEU	F-score: 0.576
NLLB_MBR_BLEU	F-score: 0.480
NLLB_MBR_BLEU	F-score: 0.421
NLLB_MBR_BLEU	F-score: 0.550
NLLB_MBR_BLEU	F-score: 0.610
NLLB_MBR_BLEU	F-score: 0.182
NLLB_MBR_BLEU	F-score: 0.500
NLLB_MBR_BLEU	F-score: 0.500
NLLB_MBR_BLEU	F-score: 0.368
NLLB_MBR_BLEU	F-score: 0.857
NLLB_MBR_BLEU	F-score: 0.592
NLLB_MBR_BLEU	F-score: 0.494
NLLB_MBR_BLEU	F-score: 0.527
NLLB_MBR_BLEU	F-score: 0.579
NLLB_MBR_BLEU	F-score: 0.504
NLLB_MBR_BLEU	F-score: 0.274
NLLB_MBR_BLEU	F-score: 0.389
NLLB_MBR_BLEU	F-score: 0.302
NLLB_MBR_BLEU	F-score: 0.278
NLLB_MBR_BLEU	F-score: 0.261
NLLB_MBR_BLEU	F-score: 0.263
NLLB_MBR_BLEU	F-score: 0.345
NLLB_MBR_BLEU	F-score: 0.261
NLLB_MBR_BLEU	F-score: 0.234
NLLB_MBR_BLEU	F-score: 0.400
NLLB_MBR_BLEU	F-score: 0.268
NLLB_MBR_BLEU	F-score: 0.268
NLLB_MBR_BLEU	F-score: 0.333
NLLB_MBR_BLEU	F-score: 0.283
NLLB_MBR_BLEU	F-score: 0.393
NLLB_MBR_BLEU	F-score: 0.321
NLLB_MBR_BLEU	F-score: 0.286
NLLB_MBR_BLEU	F-score: 0.783
NLLB_MBR_BLEU	F-score: 0.364
NLLB_MBR_BLEU	F-score: 0.326
NLLB_MBR_BLEU	F-score: 0.509
NLLB_MBR_BLEU	F-score: 0.626
NLLB_MBR_BLEU	F-score: 0.355
NLLB_MBR_BLEU	F-score: 0.269
NLLB_MBR_BLEU	F-score: 0.508
NLLB_MBR_BLEU	F-score: 0.354
NLLB_MBR_BLEU	F-score: 0.436
NLLB_MBR_BLEU	F-score: 0.235
NLLB_MBR_BLEU	F-score: 0.444
NLLB_MBR_BLEU	F-score: 0.526
NLLB_MBR_BLEU	F-score: 0.373
NLLB_MBR_BLEU	F-score: 0.450
NLLB_MBR_BLEU	F-score: 0.489
NLLB_MBR_BLEU	F-score: 0.395
NLLB_MBR_BLEU	F-score: 0.525
NLLB_MBR_BLEU	F-score: 0.532
NLLB_MBR_BLEU	F-score: 0.584
NLLB_MBR_BLEU	F-score: 0.320
NLLB_MBR_BLEU	F-score: 0.421
NLLB_MBR_BLEU	F-score: 0.733
NLLB_MBR_BLEU	F-score: 0.706
NLLB_MBR_BLEU	F-score: 0.683
NLLB_MBR_BLEU	F-score: 0.478
NLLB_MBR_BLEU	F-score: 0.533
NLLB_MBR_BLEU	F-score: 0.434
NLLB_MBR_BLEU	F-score: 0.200
NLLB_MBR_BLEU	F-score: 0.286
NLLB_MBR_BLEU	F-score: 0.465
NLLB_MBR_BLEU	F-score: 0.562
NLLB_MBR_BLEU	F-score: 0.519
NLLB_MBR_BLEU	F-score: 0.614
NLLB_MBR_BLEU	F-score: 0.635
NLLB_MBR_BLEU	F-score: 0.519
NLLB_MBR_BLEU	F-score: 0.478
NLLB_MBR_BLEU	F-score: 0.604
NLLB_MBR_BLEU	F-score: 0.576
NLLB_MBR_BLEU	F-score: 0.320
NLLB_MBR_BLEU	F-score: 0.331
NLLB_MBR_BLEU	F-score: 0.256
NLLB_MBR_BLEU	F-score: 0.367
NLLB_MBR_BLEU	F-score: 0.260
NLLB_MBR_BLEU	F-score: 0.300
NLLB_MBR_BLEU	F-score: 0.211
NLLB_MBR_BLEU	F-score: 0.380
NLLB_MBR_BLEU	F-score: 0.435
NLLB_MBR_BLEU	F-score: 0.462
NLLB_MBR_BLEU	F-score: 0.375
NLLB_MBR_BLEU	F-score: 0.412
NLLB_MBR_BLEU	F-score: 0.576
NLLB_MBR_BLEU	F-score: 0.485
NLLB_MBR_BLEU	F-score: 0.596
NLLB_MBR_BLEU	F-score: 0.413
NLLB_MBR_BLEU	F-score: 0.655
NLLB_MBR_BLEU	F-score: 0.537
NLLB_MBR_BLEU	F-score: 0.644
NLLB_MBR_BLEU	F-score: 0.638
NLLB_MBR_BLEU	F-score: 0.367
NLLB_MBR_BLEU	F-score: 0.248
NLLB_MBR_BLEU	F-score: 0.400
NLLB_MBR_BLEU	F-score: 0.518
NLLB_MBR_BLEU	F-score: 0.229
NLLB_MBR_BLEU	F-score: 0.475
NLLB_MBR_BLEU	F-score: 0.372
NLLB_MBR_BLEU	F-score: 0.449
NLLB_MBR_BLEU	F-score: 0.422
NLLB_MBR_BLEU	F-score: 0.325
NLLB_MBR_BLEU	F-score: 0.447
NLLB_MBR_BLEU	F-score: 0.380
NLLB_MBR_BLEU	F-score: 0.472
NLLB_MBR_BLEU	F-score: 0.933
NLLB_MBR_BLEU	F-score: 0.455
NLLB_MBR_BLEU	F-score: 0.926
NLLB_MBR_BLEU	F-score: 0.684
NLLB_MBR_BLEU	F-score: 0.653
NLLB_MBR_BLEU	F-score: 0.551
NLLB_MBR_BLEU	F-score: 0.321
NLLB_MBR_BLEU	F-score: 0.816
NLLB_MBR_BLEU	F-score: 0.857
NLLB_MBR_BLEU	F-score: 0.430
NLLB_MBR_BLEU	F-score: 0.229
NLLB_MBR_BLEU	F-score: 0.358
NLLB_MBR_BLEU	F-score: 0.309
NLLB_MBR_BLEU	F-score: 0.419
NLLB_MBR_BLEU	F-score: 0.273
NLLB_MBR_BLEU	F-score: 0.373
NLLB_MBR_BLEU	F-score: 0.437
NLLB_MBR_BLEU	F-score: 0.258
NLLB_MBR_BLEU	F-score: 0.429
NLLB_MBR_BLEU	F-score: 0.636
NLLB_MBR_BLEU	F-score: 0.451
NLLB_MBR_BLEU	F-score: 0.505
NLLB_MBR_BLEU	F-score: 0.598
NLLB_MBR_BLEU	F-score: 0.667
NLLB_MBR_BLEU	F-score: 0.569
NLLB_MBR_BLEU	F-score: 0.621
NLLB_MBR_BLEU	F-score: 0.703
NLLB_MBR_BLEU	F-score: 0.541
NLLB_MBR_BLEU	F-score: 0.505
NLLB_MBR_BLEU	F-score: 0.281
NLLB_MBR_BLEU	F-score: 0.446
NLLB_MBR_BLEU	F-score: 0.331
NLLB_MBR_BLEU	F-score: 0.456
NLLB_MBR_BLEU	F-score: 0.252
NLLB_MBR_BLEU	F-score: 0.397
NLLB_MBR_BLEU	F-score: 0.308
NLLB_MBR_BLEU	F-score: 0.511
NLLB_MBR_BLEU	F-score: 0.500
NLLB_MBR_BLEU	F-score: 0.258
NLLB_MBR_BLEU	F-score: 0.533
NLLB_MBR_BLEU	F-score: 0.637
NLLB_MBR_BLEU	F-score: 0.540
NLLB_MBR_BLEU	F-score: 0.534
NLLB_MBR_BLEU	F-score: 0.530
NLLB_MBR_BLEU	F-score: 0.511
NLLB_MBR_BLEU	F-score: 0.500
NLLB_MBR_BLEU	F-score: 0.556
NLLB_MBR_BLEU	F-score: 0.457
NLLB_MBR_BLEU	F-score: 0.538
NLLB_MBR_BLEU	F-score: 0.289
NLLB_MBR_BLEU	F-score: 0.447
NLLB_MBR_BLEU	F-score: 0.188
NLLB_MBR_BLEU	F-score: 0.427
NLLB_MBR_BLEU	F-score: 0.437
NLLB_MBR_BLEU	F-score: 0.568
NLLB_MBR_BLEU	F-score: 0.425
NLLB_MBR_BLEU	F-score: 0.457
NLLB_MBR_BLEU	F-score: 0.487
NLLB_MBR_BLEU	F-score: 0.331
NLLB_MBR_BLEU	F-score: 0.400
NLLB_MBR_BLEU	F-score: 0.283
NLLB_MBR_BLEU	F-score: 0.125
NLLB_MBR_BLEU	F-score: 0.324
NLLB_MBR_BLEU	F-score: 0.339
NLLB_MBR_BLEU	F-score: 0.310
NLLB_MBR_BLEU	F-score: 0.268
NLLB_MBR_BLEU	F-score: 0.326
NLLB_MBR_BLEU	F-score: 0.400
NLLB_MBR_BLEU	F-score: 0.867
NLLB_MBR_BLEU	F-score: 0.200
NLLB_MBR_BLEU	F-score: 0.371
NLLB_MBR_BLEU	F-score: 0.250
NLLB_MBR_BLEU	F-score: 0.588
NLLB_MBR_BLEU	F-score: 0.633
NLLB_MBR_BLEU	F-score: 0.366
NLLB_MBR_BLEU	F-score: 0.457
NLLB_MBR_BLEU	F-score: 0.449
NLLB_MBR_BLEU	F-score: 0.333
NLLB_MBR_BLEU	F-score: 0.456
NLLB_MBR_BLEU	F-score: 0.308
NLLB_MBR_BLEU	F-score: 0.495
NLLB_MBR_BLEU	F-score: 0.368
NLLB_MBR_BLEU	F-score: 0.475
NLLB_MBR_BLEU	F-score: 0.500
NLLB_MBR_BLEU	F-score: 0.222
NLLB_MBR_BLEU	F-score: 0.455
NLLB_MBR_BLEU	F-score: 0.400
NLLB_MBR_BLEU	F-score: 0.339
NLLB_MBR_BLEU	F-score: 0.400
NLLB_MBR_BLEU	F-score: 0.368
NLLB_MBR_BLEU	F-score: 0.545
NLLB_MBR_BLEU	F-score: 0.391
NLLB_MBR_BLEU	F-score: 0.600
NLLB_MBR_BLEU	F-score: 0.551
NLLB_MBR_BLEU	F-score: 0.336
NLLB_MBR_BLEU	F-score: 0.500
NLLB_MBR_BLEU	F-score: 0.370
NLLB_MBR_BLEU	F-score: 0.448
NLLB_MBR_BLEU	F-score: 0.627
NLLB_MBR_BLEU	F-score: 0.454
NLLB_MBR_BLEU	F-score: 0.600
NLLB_MBR_BLEU	F-score: 0.423
NLLB_MBR_BLEU	F-score: 0.634
NLLB_MBR_BLEU	F-score: 0.500
NLLB_MBR_BLEU	F-score: 0.497
NLLB_MBR_BLEU	F-score: 0.532
NLLB_MBR_BLEU	F-score: 0.438
NLLB_MBR_BLEU	F-score: 0.780
NLLB_MBR_BLEU	F-score: 0.758
NLLB_MBR_BLEU	F-score: 0.549
NLLB_MBR_BLEU	F-score: 0.550
NLLB_MBR_BLEU	F-score: 0.827
NLLB_MBR_BLEU	F-score: 0.555
NLLB_MBR_BLEU	F-score: 0.692
NLLB_MBR_BLEU	F-score: 0.721
NLLB_MBR_BLEU	F-score: 0.684
NLLB_MBR_BLEU	F-score: 0.787
NLLB_MBR_BLEU	F-score: 0.567
NLLB_MBR_BLEU	F-score: 0.667
NLLB_MBR_BLEU	F-score: 0.569
NLLB_MBR_BLEU	F-score: 0.707
NLLB_MBR_BLEU	F-score: 0.442
NLLB_MBR_BLEU	F-score: 0.559
NLLB_MBR_BLEU	F-score: 0.468
NLLB_MBR_BLEU	F-score: 0.602
NLLB_MBR_BLEU	F-score: 0.453
NLLB_MBR_BLEU	F-score: 0.403
NLLB_MBR_BLEU	F-score: 0.455
NLLB_MBR_BLEU	F-score: 0.750
NLLB_MBR_BLEU	F-score: 0.526
NLLB_MBR_BLEU	F-score: 0.555
NLLB_MBR_BLEU	F-score: 0.464
NLLB_MBR_BLEU	F-score: 0.551
NLLB_MBR_BLEU	F-score: 0.492
NLLB_MBR_BLEU	F-score: 0.571
NLLB_MBR_BLEU	F-score: 0.335
NLLB_MBR_BLEU	F-score: 0.427
NLLB_MBR_BLEU	F-score: 0.625
NLLB_MBR_BLEU	F-score: 0.593
NLLB_MBR_BLEU	F-score: 0.800
NLLB_MBR_BLEU	F-score: 0.574
NLLB_MBR_BLEU	F-score: 0.365
NLLB_MBR_BLEU	F-score: 0.348
NLLB_MBR_BLEU	F-score: 0.526
NLLB_MBR_BLEU	F-score: 0.558
NLLB_MBR_BLEU	F-score: 0.559
NLLB_MBR_BLEU	F-score: 0.587
NLLB_MBR_BLEU	F-score: 0.585
NLLB_MBR_BLEU	F-score: 0.273
NLLB_MBR_BLEU	F-score: 0.533
NLLB_MBR_BLEU	F-score: 0.785
NLLB_MBR_BLEU	F-score: 0.660
NLLB_MBR_BLEU	F-score: 0.778
NLLB_MBR_BLEU	F-score: 0.696
NLLB_MBR_BLEU	F-score: 0.462
NLLB_MBR_BLEU	F-score: 0.855
NLLB_MBR_BLEU	F-score: 0.753
NLLB_MBR_BLEU	F-score: 0.691
NLLB_MBR_BLEU	F-score: 0.684
NLLB_MBR_BLEU	F-score: 0.642
NLLB_MBR_BLEU	F-score: 0.630
NLLB_MBR_BLEU	F-score: 0.558
NLLB_MBR_BLEU	F-score: 0.577
NLLB_MBR_BLEU	F-score: 0.333
NLLB_MBR_BLEU	F-score: 0.776
NLLB_MBR_BLEU	F-score: 0.864
NLLB_MBR_BLEU	F-score: 0.429
NLLB_MBR_BLEU	F-score: 0.683
NLLB_MBR_BLEU	F-score: 0.563
NLLB_MBR_BLEU	F-score: 0.486
NLLB_MBR_BLEU	F-score: 0.711
NLLB_MBR_BLEU	F-score: 0.787
NLLB_MBR_BLEU	F-score: 0.500
NLLB_MBR_BLEU	F-score: 0.771
NLLB_MBR_BLEU	F-score: 0.750
NLLB_MBR_BLEU	F-score: 0.761
NLLB_MBR_BLEU	F-score: 0.750
NLLB_MBR_BLEU	F-score: 0.500
NLLB_MBR_BLEU	F-score: 0.697
NLLB_MBR_BLEU	F-score: 0.658
NLLB_MBR_BLEU	F-score: 0.667
NLLB_MBR_BLEU	F-score: 0.680
NLLB_MBR_BLEU	F-score: 0.667
NLLB_MBR_BLEU	F-score: 0.650
NLLB_MBR_BLEU	F-score: 0.882
NLLB_MBR_BLEU	F-score: 0.654
NLLB_MBR_BLEU	F-score: 0.900
NLLB_MBR_BLEU	F-score: 0.763
NLLB_MBR_BLEU	F-score: 0.762
NLLB_MBR_BLEU	F-score: 0.833
NLLB_MBR_BLEU	F-score: 0.563
NLLB_MBR_BLEU	F-score: 0.667
NLLB_MBR_BLEU	F-score: 0.473
NLLB_MBR_BLEU	F-score: 0.600
NLLB_MBR_BLEU	F-score: 0.542
NLLB_MBR_BLEU	F-score: 0.762
NLLB_MBR_BLEU	F-score: 0.600
NLLB_MBR_BLEU	F-score: 0.250
NLLB_MBR_BLEU	F-score: 0.780
NLLB_MBR_BLEU	F-score: 0.627
NLLB_MBR_BLEU	F-score: 0.568
NLLB_MBR_BLEU	F-score: 0.900
NLLB_MBR_BLEU	F-score: 0.833
NLLB_MBR_BLEU	F-score: 0.867
NLLB_MBR_BLEU	F-score: 1.000
NLLB_MBR_BLEU	F-score: 0.739
NLLB_MBR_BLEU	F-score: 0.762
NLLB_MBR_BLEU	F-score: 0.778
NLLB_MBR_BLEU	F-score: 0.816
NLLB_MBR_BLEU	F-score: 0.424
NLLB_MBR_BLEU	F-score: 0.357
NLLB_MBR_BLEU	F-score: 0.638
NLLB_MBR_BLEU	F-score: 0.651
NLLB_MBR_BLEU	F-score: 0.444
NLLB_MBR_BLEU	F-score: 0.800
NLLB_MBR_BLEU	F-score: 0.762
NLLB_MBR_BLEU	F-score: 1.000
NLLB_MBR_BLEU	F-score: 0.771
NLLB_MBR_BLEU	F-score: 0.708
NLLB_MBR_BLEU	F-score: 0.620
NLLB_MBR_BLEU	F-score: 0.496
NLLB_MBR_BLEU	F-score: 0.889
NLLB_MBR_BLEU	F-score: 0.762
NLLB_MBR_BLEU	F-score: 0.571
NLLB_MBR_BLEU	F-score: 0.615
NLLB_MBR_BLEU	F-score: 0.629
NLLB_MBR_BLEU	F-score: 0.436
NLLB_MBR_BLEU	F-score: 0.753
NLLB_MBR_BLEU	F-score: 0.750
NLLB_MBR_BLEU	F-score: 0.762
NLLB_MBR_BLEU	F-score: 0.635
NLLB_MBR_BLEU	F-score: 0.762
NLLB_MBR_BLEU	F-score: 1.000
NLLB_MBR_BLEU	F-score: 0.792
NLLB_MBR_BLEU	F-score: 0.682
NLLB_MBR_BLEU	F-score: 0.537
NLLB_MBR_BLEU	F-score: 0.895
NLLB_MBR_BLEU	F-score: 0.833
NLLB_MBR_BLEU	F-score: 0.545
NLLB_MBR_BLEU	F-score: 0.762
NLLB_MBR_BLEU	F-score: 0.667
NLLB_MBR_BLEU	F-score: 0.526
NLLB_MBR_BLEU	F-score: 0.729
NLLB_MBR_BLEU	F-score: 0.545
NLLB_MBR_BLEU	F-score: 0.917
NLLB_MBR_BLEU	F-score: 0.585
NLLB_MBR_BLEU	F-score: 0.490
NLLB_MBR_BLEU	F-score: 0.690
NLLB_MBR_BLEU	F-score: 0.864
NLLB_MBR_BLEU	F-score: 0.553
NLLB_MBR_BLEU	F-score: 0.514
NLLB_MBR_BLEU	F-score: 0.667
NLLB_MBR_BLEU	F-score: 0.478
NLLB_MBR_BLEU	F-score: 0.741
NLLB_MBR_BLEU	F-score: 0.490
NLLB_MBR_BLEU	F-score: 0.846
NLLB_MBR_BLEU	F-score: 0.721
NLLB_MBR_BLEU	F-score: 0.786
NLLB_MBR_BLEU	F-score: 0.683
NLLB_MBR_BLEU	F-score: 0.500
NLLB_MBR_BLEU	F-score: 0.281
NLLB_MBR_BLEU	F-score: 0.391
NLLB_MBR_BLEU	F-score: 0.580
NLLB_MBR_BLEU	F-score: 0.437
NLLB_MBR_BLEU	F-score: 0.508
NLLB_MBR_BLEU	F-score: 0.333
NLLB_MBR_BLEU	F-score: 0.381
NLLB_MBR_BLEU	F-score: 0.683
NLLB_MBR_BLEU	F-score: 0.344
NLLB_MBR_BLEU	F-score: 0.885
NLLB_MBR_BLEU	F-score: 0.495
NLLB_MBR_BLEU	F-score: 0.733
NLLB_MBR_BLEU	F-score: 0.453
NLLB_MBR_BLEU	F-score: 0.579
NLLB_MBR_BLEU	F-score: 0.545
NLLB_MBR_BLEU	F-score: 0.526
NLLB_MBR_BLEU	F-score: 0.338
NLLB_MBR_BLEU	F-score: 0.776
NLLB_MBR_BLEU	F-score: 0.520
NLLB_MBR_BLEU	F-score: 0.542
NLLB_MBR_BLEU	F-score: 0.633
NLLB_MBR_BLEU	F-score: 0.591
NLLB_MBR_BLEU	F-score: 0.641
NLLB_MBR_BLEU	F-score: 0.704
NLLB_MBR_BLEU	F-score: 0.556
NLLB_MBR_BLEU	F-score: 0.532
NLLB_MBR_BLEU	F-score: 0.609
NLLB_MBR_BLEU	F-score: 0.676
NLLB_MBR_BLEU	F-score: 0.565
NLLB_MBR_BLEU	F-score: 0.611
NLLB_MBR_BLEU	F-score: 0.735
NLLB_MBR_BLEU	F-score: 0.469
NLLB_MBR_BLEU	F-score: 0.493
NLLB_MBR_BLEU	F-score: 0.637
NLLB_MBR_BLEU	F-score: 0.468
NLLB_MBR_BLEU	F-score: 0.418
NLLB_MBR_BLEU	F-score: 0.520
NLLB_MBR_BLEU	F-score: 0.463
NLLB_MBR_BLEU	F-score: 0.482
NLLB_MBR_BLEU	F-score: 0.565
NLLB_MBR_BLEU	F-score: 0.576
NLLB_MBR_BLEU	F-score: 0.315
NLLB_MBR_BLEU	F-score: 0.497
NLLB_MBR_BLEU	F-score: 0.450
NLLB_MBR_BLEU	F-score: 0.360
NLLB_MBR_BLEU	F-score: 0.386
NLLB_MBR_BLEU	F-score: 0.519
NLLB_MBR_BLEU	F-score: 0.598
NLLB_MBR_BLEU	F-score: 0.625
NLLB_MBR_BLEU	F-score: 0.143
NLLB_MBR_BLEU	F-score: 0.372
NLLB_MBR_BLEU	F-score: 0.605
NLLB_MBR_BLEU	F-score: 0.677
NLLB_MBR_BLEU	F-score: 0.732
NLLB_MBR_BLEU	F-score: 0.684
NLLB_MBR_BLEU	F-score: 0.508
NLLB_MBR_BLEU	F-score: 0.588
NLLB_MBR_BLEU	F-score: 0.500
NLLB_MBR_BLEU	F-score: 0.593
NLLB_MBR_BLEU	F-score: 0.800
NLLB_MBR_BLEU	F-score: 0.567
NLLB_MBR_BLEU	F-score: 0.500
NLLB_MBR_BLEU	F-score: 0.720
NLLB_MBR_BLEU	F-score: 0.667
NLLB_MBR_BLEU	F-score: 0.712
NLLB_MBR_BLEU	F-score: 0.627
NLLB_MBR_BLEU	F-score: 0.788
NLLB_MBR_BLEU	F-score: 0.677
NLLB_MBR_BLEU	F-score: 0.667
NLLB_MBR_BLEU	F-score: 0.755
NLLB_MBR_BLEU	F-score: 0.649
NLLB_MBR_BLEU	F-score: 0.706
NLLB_MBR_BLEU	F-score: 0.850
NLLB_MBR_BLEU	F-score: 0.476
NLLB_MBR_BLEU	F-score: 0.628
NLLB_MBR_BLEU	F-score: 0.778
NLLB_MBR_BLEU	F-score: 0.602
NLLB_MBR_BLEU	F-score: 0.500
NLLB_MBR_BLEU	F-score: 0.556
NLLB_MBR_BLEU	F-score: 0.943
NLLB_MBR_BLEU	F-score: 0.573
NLLB_MBR_BLEU	F-score: 0.676
NLLB_MBR_BLEU	F-score: 0.651
NLLB_MBR_BLEU	F-score: 0.604
NLLB_MBR_BLEU	F-score: 0.767
NLLB_MBR_BLEU	F-score: 0.512
NLLB_MBR_BLEU	F-score: 0.556
NLLB_MBR_BLEU	F-score: 0.526
NLLB_MBR_BLEU	F-score: 0.348
NLLB_MBR_BLEU	F-score: 0.769
NLLB_MBR_BLEU	F-score: 0.553
NLLB_MBR_BLEU	F-score: 0.521
NLLB_MBR_BLEU	F-score: 0.555
NLLB_MBR_BLEU	F-score: 0.566
NLLB_MBR_BLEU	F-score: 0.689
NLLB_MBR_BLEU	F-score: 0.671
NLLB_MBR_BLEU	F-score: 0.493
NLLB_MBR_BLEU	F-score: 0.519
NLLB_MBR_BLEU	F-score: 0.577
NLLB_MBR_BLEU	F-score: 0.455
NLLB_MBR_BLEU	F-score: 0.471
NLLB_MBR_BLEU	F-score: 0.413
NLLB_MBR_BLEU	F-score: 0.500
NLLB_MBR_BLEU	F-score: 0.606
NLLB_MBR_BLEU	F-score: 0.643
NLLB_MBR_BLEU	F-score: 0.529
NLLB_MBR_BLEU	F-score: 0.614
NLLB_MBR_BLEU	F-score: 0.552
NLLB_MBR_BLEU	F-score: 0.647
NLLB_MBR_BLEU	F-score: 0.356
NLLB_MBR_BLEU	F-score: 0.623
NLLB_MBR_BLEU	F-score: 0.610
NLLB_MBR_BLEU	F-score: 0.610
NLLB_MBR_BLEU	F-score: 0.472
NLLB_MBR_BLEU	F-score: 0.478
NLLB_MBR_BLEU	F-score: 0.459
NLLB_MBR_BLEU	F-score: 0.497
NLLB_MBR_BLEU	F-score: 0.667
NLLB_MBR_BLEU	F-score: 0.671
NLLB_MBR_BLEU	F-score: 0.542
NLLB_MBR_BLEU	F-score: 0.769
NLLB_MBR_BLEU	F-score: 0.533
NLLB_MBR_BLEU	F-score: 0.459
NLLB_MBR_BLEU	F-score: 0.619
NLLB_MBR_BLEU	F-score: 0.394
NLLB_MBR_BLEU	F-score: 0.573
NLLB_MBR_BLEU	F-score: 0.579
NLLB_MBR_BLEU	F-score: 0.483
NLLB_MBR_BLEU	F-score: 0.508
NLLB_MBR_BLEU	F-score: 0.581
NLLB_MBR_BLEU	F-score: 0.551
NLLB_MBR_BLEU	F-score: 0.744
NLLB_MBR_BLEU	F-score: 0.699
NLLB_MBR_BLEU	F-score: 0.475
NLLB_MBR_BLEU	F-score: 0.500
NLLB_MBR_BLEU	F-score: 0.458
NLLB_MBR_BLEU	F-score: 0.633
NLLB_MBR_BLEU	F-score: 0.600
NLLB_MBR_BLEU	F-score: 0.339
NLLB_MBR_BLEU	F-score: 0.545
NLLB_MBR_BLEU	F-score: 0.400
NLLB_MBR_BLEU	F-score: 0.482
NLLB_MBR_BLEU	F-score: 0.679
NLLB_MBR_BLEU	F-score: 0.561
NLLB_MBR_BLEU	F-score: 0.557
NLLB_MBR_BLEU	F-score: 0.500
NLLB_MBR_BLEU	F-score: 0.500
NLLB_MBR_BLEU	F-score: 0.348
NLLB_MBR_BLEU	F-score: 0.358
NLLB_MBR_BLEU	F-score: 0.587
NLLB_MBR_BLEU	F-score: 0.453
NLLB_MBR_BLEU	F-score: 0.491
NLLB_MBR_BLEU	F-score: 0.400
NLLB_MBR_BLEU	F-score: 0.448
NLLB_MBR_BLEU	F-score: 0.481
NLLB_MBR_BLEU	F-score: 0.578
NLLB_MBR_BLEU	F-score: 0.333
NLLB_MBR_BLEU	F-score: 0.585
NLLB_MBR_BLEU	F-score: 0.566
NLLB_MBR_BLEU	F-score: 0.588
NLLB_MBR_BLEU	F-score: 0.351
NLLB_MBR_BLEU	F-score: 0.458
NLLB_MBR_BLEU	F-score: 0.545
NLLB_MBR_BLEU	F-score: 0.487
NLLB_MBR_BLEU	F-score: 0.200
NLLB_MBR_BLEU	F-score: 0.786
NLLB_MBR_BLEU	F-score: 0.879
NLLB_MBR_BLEU	F-score: 0.614
NLLB_MBR_BLEU	F-score: 0.512
NLLB_MBR_BLEU	F-score: 0.812
NLLB_MBR_BLEU	F-score: 0.863
NLLB_MBR_BLEU	F-score: 0.733
NLLB_MBR_BLEU	F-score: 0.769
NLLB_MBR_BLEU	F-score: 0.720
NLLB_MBR_BLEU	F-score: 0.711
NLLB_MBR_BLEU	F-score: 0.467
NLLB_MBR_BLEU	F-score: 0.582
NLLB_MBR_BLEU	F-score: 0.670
NLLB_MBR_BLEU	F-score: 0.480
NLLB_MBR_BLEU	F-score: 0.593
NLLB_MBR_BLEU	F-score: 0.679
NLLB_MBR_BLEU	F-score: 0.565
NLLB_MBR_BLEU	F-score: 0.551
NLLB_MBR_BLEU	F-score: 0.485
NLLB_MBR_BLEU	F-score: 0.489
NLLB_MBR_BLEU	F-score: 0.764
NLLB_MBR_BLEU	F-score: 0.350
NLLB_MBR_BLEU	F-score: 0.478
NLLB_MBR_BLEU	F-score: 0.598
NLLB_MBR_BLEU	F-score: 0.553
NLLB_MBR_BLEU	F-score: 0.752
NLLB_MBR_BLEU	F-score: 0.524
NLLB_MBR_BLEU	F-score: 0.596
NLLB_MBR_BLEU	F-score: 0.611
NLLB_MBR_BLEU	F-score: 0.738
NLLB_MBR_BLEU	F-score: 0.556
NLLB_MBR_BLEU	F-score: 0.778
NLLB_MBR_BLEU	F-score: 0.667
NLLB_MBR_BLEU	F-score: 0.818
NLLB_MBR_BLEU	F-score: 0.314
NLLB_MBR_BLEU	F-score: 0.684
NLLB_MBR_BLEU	F-score: 0.469
NLLB_MBR_BLEU	F-score: 0.250
NLLB_MBR_BLEU	F-score: 0.607
NLLB_MBR_BLEU	F-score: 0.598
NLLB_MBR_BLEU	F-score: 0.462
NLLB_MBR_BLEU	F-score: 0.717
NLLB_MBR_BLEU	F-score: 0.553
NLLB_MBR_BLEU	F-score: 0.503
NLLB_MBR_BLEU	F-score: 0.569
NLLB_MBR_BLEU	F-score: 0.778
NLLB_MBR_BLEU	F-score: 0.300
NLLB_MBR_BLEU	F-score: 0.629
NLLB_MBR_BLEU	F-score: 0.537
NLLB_MBR_BLEU	F-score: 0.483
NLLB_MBR_BLEU	F-score: 0.723
NLLB_MBR_BLEU	F-score: 0.452
NLLB_MBR_BLEU	F-score: 0.894
NLLB_MBR_BLEU	F-score: 0.738
NLLB_MBR_BLEU	F-score: 1.000
NLLB_MBR_BLEU	F-score: 0.333
NLLB_MBR_BLEU	F-score: 0.733
NLLB_MBR_BLEU	F-score: 0.889
NLLB_MBR_BLEU	F-score: 0.923
NLLB_MBR_BLEU	F-score: 0.889
NLLB_MBR_BLEU	F-score: 0.667
NLLB_MBR_BLEU	F-score: 0.746
NLLB_MBR_BLEU	F-score: 0.652
NLLB_MBR_BLEU	F-score: 0.691
NLLB_MBR_BLEU	F-score: 0.545
NLLB_MBR_BLEU	F-score: 0.716
NLLB_MBR_BLEU	F-score: 0.656
NLLB_MBR_BLEU	F-score: 0.840
NLLB_MBR_BLEU	F-score: 0.222
NLLB_MBR_BLEU	F-score: 0.761
NLLB_MBR_BLEU	F-score: 0.774
NLLB_MBR_BLEU	F-score: 0.750
NLLB_MBR_BLEU	F-score: 0.712
NLLB_MBR_BLEU	F-score: 0.824
NLLB_MBR_BLEU	F-score: 0.824
NLLB_MBR_BLEU	F-score: 0.712
NLLB_MBR_BLEU	F-score: 0.898
NLLB_MBR_BLEU	F-score: 0.653
NLLB_MBR_BLEU	F-score: 0.552
NLLB_MBR_BLEU	F-score: 0.483
NLLB_MBR_BLEU	F-score: 0.719
NLLB_MBR_BLEU	F-score: 0.639
NLLB_MBR_BLEU	F-score: 0.830
NLLB_MBR_BLEU	F-score: 0.804
NLLB_MBR_BLEU	F-score: 0.806
NLLB_MBR_BLEU	F-score: 0.596
NLLB_MBR_BLEU	F-score: 0.700
NLLB_MBR_BLEU	F-score: 0.909
NLLB_MBR_BLEU	F-score: 0.632
NLLB_MBR_BLEU	F-score: 0.615
NLLB_MBR_BLEU	F-score: 0.818
NLLB_MBR_BLEU	F-score: 0.773
NLLB_MBR_BLEU	F-score: 0.409
NLLB_MBR_BLEU	F-score: 0.600
NLLB_MBR_BLEU	F-score: 0.516
NLLB_MBR_BLEU	F-score: 0.567
NLLB_MBR_BLEU	F-score: 0.480
NLLB_MBR_BLEU	F-score: 0.757
NLLB_MBR_BLEU	F-score: 0.952
NLLB_MBR_BLEU	F-score: 0.791
NLLB_MBR_BLEU	F-score: 1.000
NLLB_MBR_BLEU	F-score: 0.746
NLLB_MBR_BLEU	F-score: 0.733
NLLB_MBR_BLEU	F-score: 0.682
NLLB_MBR_BLEU	F-score: 0.333
NLLB_MBR_BLEU	F-score: 0.857
NLLB_MBR_BLEU	F-score: 0.923
NLLB_MBR_BLEU	F-score: 0.902
NLLB_MBR_BLEU	F-score: 0.788
NLLB_MBR_BLEU	F-score: 0.893
NLLB_MBR_BLEU	F-score: 0.815
NLLB_MBR_BLEU	F-score: 0.784
NLLB_MBR_BLEU	F-score: 0.846
NLLB_MBR_BLEU	F-score: 0.863
NLLB_MBR_BLEU	F-score: 0.890
NLLB_MBR_BLEU	F-score: 0.739
NLLB_MBR_BLEU	F-score: 0.719
NLLB_MBR_BLEU	F-score: 0.733
NLLB_MBR_BLEU	F-score: 0.702
NLLB_MBR_BLEU	F-score: 0.439
NLLB_MBR_BLEU	F-score: 0.754
NLLB_MBR_BLEU	F-score: 0.515
NLLB_MBR_BLEU	F-score: 0.844
NLLB_MBR_BLEU	F-score: 0.933
NLLB_MBR_BLEU	F-score: 0.538
NLLB_MBR_BLEU	F-score: 0.634
NLLB_MBR_BLEU	F-score: 0.783
NLLB_MBR_BLEU	F-score: 0.741
NLLB_MBR_BLEU	F-score: 0.713
NLLB_MBR_BLEU	F-score: 0.562
NLLB_MBR_BLEU	F-score: 0.593
NLLB_MBR_BLEU	F-score: 0.576
NLLB_MBR_BLEU	F-score: 0.494
NLLB_MBR_BLEU	F-score: 0.842
NLLB_MBR_BLEU	F-score: 0.677
NLLB_MBR_BLEU	F-score: 0.603
NLLB_MBR_BLEU	F-score: 0.743
NLLB_MBR_BLEU	F-score: 0.602
NLLB_MBR_BLEU	F-score: 0.709
NLLB_MBR_BLEU	F-score: 0.735
NLLB_MBR_BLEU	F-score: 0.400
NLLB_MBR_BLEU	F-score: 0.812
NLLB_MBR_BLEU	F-score: 0.807
NLLB_MBR_BLEU	F-score: 0.691
NLLB_MBR_BLEU	F-score: 0.452
NLLB_MBR_BLEU	F-score: 0.333
NLLB_MBR_BLEU	F-score: 0.667
NLLB_MBR_BLEU	F-score: 0.833
NLLB_MBR_BLEU	F-score: 0.772
NLLB_MBR_BLEU	F-score: 0.727
NLLB_MBR_BLEU	F-score: 0.698
NLLB_MBR_BLEU	F-score: 0.518
NLLB_MBR_BLEU	F-score: 0.577
NLLB_MBR_BLEU	F-score: 0.622
NLLB_MBR_BLEU	F-score: 0.641
NLLB_MBR_BLEU	F-score: 0.689
NLLB_MBR_BLEU	F-score: 0.745
NLLB_MBR_BLEU	F-score: 0.639
NLLB_MBR_BLEU	F-score: 0.713
NLLB_MBR_BLEU	F-score: 0.714
NLLB_MBR_BLEU	F-score: 0.706
NLLB_MBR_BLEU	F-score: 0.571
NLLB_MBR_BLEU	F-score: 0.735
NLLB_MBR_BLEU	F-score: 0.500
NLLB_MBR_BLEU	F-score: 0.286
NLLB_MBR_BLEU	F-score: 0.512
NLLB_MBR_BLEU	F-score: 0.829
NLLB_MBR_BLEU	F-score: 0.660
NLLB_MBR_BLEU	F-score: 0.671
NLLB_MBR_BLEU	F-score: 0.620
NLLB_MBR_BLEU	F-score: 0.803
NLLB_MBR_BLEU	F-score: 0.900
NLLB_MBR_BLEU	F-score: 0.661
NLLB_MBR_BLEU	F-score: 0.618
NLLB_MBR_BLEU	F-score: 0.400
NLLB_MBR_BLEU	F-score: 0.506
NLLB_MBR_BLEU	F-score: 0.617
NLLB_MBR_BLEU	F-score: 0.727
NLLB_MBR_BLEU	F-score: 0.400
NLLB_MBR_BLEU	F-score: 0.889
NLLB_MBR_BLEU	F-score: 0.537
NLLB_MBR_BLEU	F-score: 0.895
NLLB_MBR_BLEU	F-score: 0.654
NLLB_MBR_BLEU	F-score: 0.480
NLLB_MBR_BLEU	F-score: 0.500
NLLB_MBR_BLEU	F-score: 0.571
NLLB_MBR_BLEU	F-score: 0.143
NLLB_MBR_BLEU	F-score: 0.774
NLLB_MBR_BLEU	F-score: 0.667
NLLB_MBR_BLEU	F-score: 0.667
NLLB_MBR_BLEU	F-score: 0.719
NLLB_MBR_BLEU	F-score: 0.695
NLLB_MBR_BLEU	F-score: 0.842
NLLB_MBR_BLEU	F-score: 0.603
NLLB_MBR_BLEU	F-score: 0.730
NLLB_MBR_BLEU	F-score: 0.645
NLLB_MBR_BLEU	F-score: 0.651
NLLB_MBR_BLEU	F-score: 0.511
NLLB_MBR_BLEU	F-score: 0.508
NLLB_MBR_BLEU	F-score: 0.679
NLLB_MBR_BLEU	F-score: 0.648
NLLB_MBR_BLEU	F-score: 0.651
NLLB_MBR_BLEU	F-score: 0.667
NLLB_MBR_BLEU	F-score: 0.444
NLLB_MBR_BLEU	F-score: 0.571
NLLB_MBR_BLEU	F-score: 0.667
NLLB_MBR_BLEU	F-score: 0.797
NLLB_MBR_BLEU	F-score: 0.514
NLLB_MBR_BLEU	F-score: 0.353
NLLB_MBR_BLEU	F-score: 0.489
NLLB_MBR_BLEU	F-score: 0.514
NLLB_MBR_BLEU	F-score: 0.327
NLLB_MBR_BLEU	F-score: 0.583
NLLB_MBR_BLEU	F-score: 0.419
NLLB_MBR_BLEU	F-score: 0.750
NLLB_MBR_BLEU	F-score: 0.500
NLLB_MBR_BLEU	F-score: 0.440
NLLB_MBR_BLEU	F-score: 0.923
NLLB_MBR_BLEU	F-score: 0.750
NLLB_MBR_BLEU	F-score: 0.426
NLLB_MBR_BLEU	F-score: 0.462
NLLB_MBR_BLEU	F-score: 0.403
NLLB_MBR_BLEU	F-score: 0.500
NLLB_MBR_BLEU	F-score: 0.667
NLLB_MBR_BLEU	F-score: 0.381
NLLB_MBR_BLEU	F-score: 0.632
NLLB_MBR_BLEU	F-score: 0.386
NLLB_MBR_BLEU	F-score: 0.438
NLLB_MBR_BLEU	F-score: 0.400
NLLB_MBR_BLEU	F-score: 0.583
NLLB_MBR_BLEU	F-score: 0.400
NLLB_MBR_BLEU	F-score: 0.383
NLLB_MBR_BLEU	F-score: 0.533
NLLB_MBR_BLEU	F-score: 0.571
NLLB_MBR_BLEU	F-score: 0.302
NLLB_MBR_BLEU	F-score: 0.505
NLLB_MBR_BLEU	F-score: 0.435
NLLB_MBR_BLEU	F-score: 0.556
NLLB_MBR_BLEU	F-score: 0.655
NLLB_MBR_BLEU	F-score: 0.500
NLLB_MBR_BLEU	F-score: 0.725
NLLB_MBR_BLEU	F-score: 0.539
NLLB_MBR_BLEU	F-score: 0.200
NLLB_MBR_BLEU	F-score: 0.625
NLLB_MBR_BLEU	F-score: 0.625
NLLB_MBR_BLEU	F-score: 0.714
NLLB_MBR_BLEU	F-score: 0.714
NLLB_MBR_BLEU	F-score: 0.632
NLLB_MBR_BLEU	F-score: 0.324
NLLB_MBR_BLEU	F-score: 0.567
NLLB_MBR_BLEU	F-score: 0.484
NLLB_MBR_BLEU	F-score: 0.571
NLLB_MBR_BLEU	F-score: 1.000
NLLB_MBR_BLEU	F-score: 0.485
NLLB_MBR_BLEU	F-score: 0.857
NLLB_MBR_BLEU	F-score: 0.800
NLLB_MBR_BLEU	F-score: 0.519
NLLB_MBR_BLEU	F-score: 0.606
NLLB_MBR_BLEU	F-score: 0.444
NLLB_MBR_BLEU	F-score: 0.500
NLLB_MBR_BLEU	F-score: 0.500
NLLB_MBR_BLEU	F-score: 0.571
NLLB_MBR_BLEU	F-score: 0.255
NLLB_MBR_BLEU	F-score: 0.563
NLLB_MBR_BLEU	F-score: 0.406
NLLB_MBR_BLEU	F-score: 0.875
NLLB_MBR_BLEU	F-score: 0.496
NLLB_MBR_BLEU	F-score: 0.517
NLLB_MBR_BLEU	F-score: 0.773
NLLB_MBR_BLEU	F-score: 0.765
NLLB_MBR_BLEU	F-score: 0.475
NLLB_MBR_BLEU	F-score: 0.613
NLLB_MBR_BLEU	F-score: 0.800
NLLB_MBR_BLEU	F-score: 0.245
NLLB_MBR_BLEU	F-score: 0.639
NLLB_MBR_BLEU	F-score: 0.455
NLLB_MBR_BLEU	F-score: 0.359
NLLB_MBR_BLEU	F-score: 0.426
NLLB_MBR_BLEU	F-score: 0.750
NLLB_MBR_BLEU	F-score: 0.545
NLLB_MBR_BLEU	F-score: 0.521
NLLB_MBR_BLEU	F-score: 0.656
NLLB_MBR_BLEU	F-score: 0.400
NLLB_MBR_BLEU	F-score: 0.286
NLLB_MBR_BLEU	F-score: 0.500
NLLB_MBR_BLEU	F-score: 0.404
NLLB_MBR_BLEU	F-score: 0.500
NLLB_MBR_BLEU	F-score: 0.408
NLLB_MBR_BLEU	F-score: 0.567
NLLB_MBR_BLEU	F-score: 0.250
NLLB_MBR_BLEU	F-score: 0.485
NLLB_MBR_BLEU	F-score: 0.642
NLLB_MBR_BLEU	F-score: 0.727
NLLB_MBR_BLEU	F-score: 0.444
NLLB_MBR_BLEU	F-score: 0.743
NLLB_MBR_BLEU	F-score: 0.552
NLLB_MBR_BLEU	F-score: 0.667
NLLB_MBR_BLEU	F-score: 0.714
NLLB_MBR_BLEU	F-score: 0.560
NLLB_MBR_BLEU	F-score: 0.627
NLLB_MBR_BLEU	F-score: 0.500
NLLB_MBR_BLEU	F-score: 0.606
NLLB_MBR_BLEU	F-score: 0.618
NLLB_MBR_BLEU	F-score: 0.184
NLLB_MBR_BLEU	F-score: 0.589
NLLB_MBR_BLEU	F-score: 0.400
NLLB_MBR_BLEU	F-score: 0.250
NLLB_MBR_BLEU	F-score: 0.200
NLLB_MBR_BLEU	F-score: 0.398
NLLB_MBR_BLEU	F-score: 0.462
NLLB_MBR_BLEU	F-score: 0.412
NLLB_MBR_BLEU	F-score: 0.367
NLLB_MBR_BLEU	F-score: 0.250
NLLB_MBR_BLEU	F-score: 0.332
NLLB_MBR_BLEU	F-score: 0.200
NLLB_MBR_BLEU	F-score: 0.324
NLLB_MBR_BLEU	F-score: 0.917
NLLB_MBR_BLEU	F-score: 0.400
NLLB_MBR_BLEU	F-score: 0.496
NLLB_MBR_BLEU	F-score: 0.830
NLLB_MBR_BLEU	F-score: 0.522
NLLB_MBR_BLEU	F-score: 0.478
NLLB_MBR_BLEU	F-score: 0.538
NLLB_MBR_BLEU	F-score: 0.420
NLLB_MBR_BLEU	F-score: 0.511
NLLB_MBR_BLEU	F-score: 0.492
NLLB_MBR_BLEU	F-score: 0.367
NLLB_MBR_BLEU	F-score: 0.565
NLLB_MBR_BLEU	F-score: 0.536
NLLB_MBR_BLEU	F-score: 0.444
NLLB_MBR_BLEU	F-score: 0.448
NLLB_MBR_BLEU	F-score: 0.286
NLLB_MBR_BLEU	F-score: 0.560
NLLB_MBR_BLEU	F-score: 0.543
NLLB_MBR_BLEU	F-score: 0.750
NLLB_MBR_BLEU	F-score: 0.514
NLLB_MBR_BLEU	F-score: 0.315
NLLB_MBR_BLEU	F-score: 0.815
NLLB_MBR_BLEU	F-score: 0.511
NLLB_MBR_BLEU	F-score: 0.667
NLLB_MBR_BLEU	F-score: 0.800
NLLB_MBR_BLEU	F-score: 0.449
NLLB_MBR_BLEU	F-score: 0.647
NLLB_MBR_BLEU	F-score: 0.575
NLLB_MBR_BLEU	F-score: 0.348
NLLB_MBR_BLEU	F-score: 0.375
NLLB_MBR_BLEU	F-score: 1.000
NLLB_MBR_BLEU	F-score: 0.311
NLLB_MBR_BLEU	F-score: 0.375
NLLB_MBR_BLEU	F-score: 0.387
NLLB_MBR_BLEU	F-score: 0.367
NLLB_MBR_BLEU	F-score: 0.571
NLLB_MBR_BLEU	F-score: 0.192
NLLB_MBR_BLEU	F-score: 0.422
NLLB_MBR_BLEU	F-score: 0.783
NLLB_MBR_BLEU	F-score: 0.444
NLLB_MBR_BLEU	F-score: 0.400
NLLB_MBR_BLEU	F-score: 0.158
NLLB_MBR_BLEU	F-score: 0.308
NLLB_MBR_BLEU	F-score: 0.636
NLLB_MBR_BLEU	F-score: 0.349
NLLB_MBR_BLEU	F-score: 0.167
NLLB_MBR_BLEU	F-score: 0.789
NLLB_MBR_BLEU	F-score: 0.531
NLLB_MBR_BLEU	F-score: 0.383
NLLB_MBR_BLEU	F-score: 0.423
NLLB_MBR_BLEU	F-score: 0.178
NLLB_MBR_BLEU	F-score: 0.154
NLLB_MBR_BLEU	F-score: 0.698
NLLB_MBR_BLEU	F-score: 0.478
NLLB_MBR_BLEU	F-score: 0.525
NLLB_MBR_BLEU	F-score: 0.571
NLLB_MBR_BLEU	F-score: 0.703
NLLB_MBR_BLEU	F-score: 0.634
NLLB_MBR_BLEU	F-score: 0.273
NLLB_MBR_BLEU	F-score: 0.681
NLLB_MBR_BLEU	F-score: 0.449
NLLB_MBR_BLEU	F-score: 0.368
NLLB_MBR_BLEU	F-score: 0.412
NLLB_MBR_BLEU	F-score: 0.528
NLLB_MBR_BLEU	F-score: 0.448
NLLB_MBR_BLEU	F-score: 0.222
NLLB_MBR_BLEU	F-score: 0.500
NLLB_MBR_BLEU	F-score: 0.400
NLLB_MBR_BLEU	F-score: 0.419
NLLB_MBR_BLEU	F-score: 0.229
NLLB_MBR_BLEU	F-score: 0.435
NLLB_MBR_BLEU	F-score: 0.609
NLLB_MBR_BLEU	F-score: 0.333
NLLB_MBR_BLEU	F-score: 0.545
NLLB_MBR_BLEU	F-score: 1.000
NLLB_MBR_BLEU	F-score: 1.000
NLLB_MBR_BLEU	F-score: 0.417
NLLB_MBR_BLEU	F-score: 0.540
NLLB_MBR_BLEU	F-score: 0.750
NLLB_MBR_BLEU	F-score: 0.433
NLLB_MBR_BLEU	F-score: 0.523
NLLB_MBR_BLEU	F-score: 0.743
NLLB_MBR_BLEU	F-score: 0.355
NLLB_MBR_BLEU	F-score: 0.500
NLLB_MBR_BLEU	F-score: 0.267
NLLB_MBR_BLEU	F-score: 0.308
NLLB_MBR_BLEU	F-score: 0.494
NLLB_MBR_BLEU	F-score: 0.625
NLLB_MBR_BLEU	F-score: 0.522
NLLB_MBR_BLEU	F-score: 0.444
NLLB_MBR_BLEU	F-score: 0.444
NLLB_MBR_BLEU	F-score: 0.714
NLLB_MBR_BLEU	F-score: 0.717
NLLB_MBR_BLEU	F-score: 0.459
NLLB_MBR_BLEU	F-score: 0.566
NLLB_MBR_BLEU	F-score: 0.833
NLLB_MBR_BLEU	F-score: 0.592
NLLB_MBR_BLEU	F-score: 0.500
NLLB_MBR_BLEU	F-score: 0.536
NLLB_MBR_BLEU	F-score: 0.619
NLLB_MBR_BLEU	F-score: 0.514
NLLB_MBR_BLEU	F-score: 0.362
NLLB_MBR_BLEU	F-score: 0.538
NLLB_MBR_BLEU	F-score: 0.426
NLLB_MBR_BLEU	F-score: 0.624
NLLB_MBR_BLEU	F-score: 0.500
NLLB_MBR_BLEU	F-score: 0.678
NLLB_MBR_BLEU	F-score: 0.451
NLLB_MBR_BLEU	F-score: 0.300
NLLB_MBR_BLEU	F-score: 0.389
NLLB_MBR_BLEU	F-score: 0.465
NLLB_MBR_BLEU	F-score: 0.500
NLLB_MBR_BLEU	F-score: 0.493
NLLB_MBR_BLEU	F-score: 0.595
NLLB_MBR_BLEU	F-score: 0.333
NLLB_MBR_BLEU	F-score: 0.324
NLLB_MBR_BLEU	F-score: 0.737
NLLB_MBR_BLEU	F-score: 0.943
NLLB_MBR_BLEU	F-score: 0.800
NLLB_MBR_BLEU	F-score: 0.425
NLLB_MBR_BLEU	F-score: 0.492
NLLB_MBR_BLEU	F-score: 0.545
NLLB_MBR_BLEU	F-score: 0.667
NLLB_MBR_BLEU	F-score: 0.421
NLLB_MBR_BLEU	F-score: 1.000
NLLB_MBR_BLEU	F-score: 0.405
NLLB_MBR_BLEU	F-score: 0.529
NLLB_MBR_BLEU	F-score: 0.341
NLLB_MBR_BLEU	F-score: 0.545
NLLB_MBR_BLEU	F-score: 0.738
NLLB_MBR_BLEU	F-score: 0.658
NLLB_MBR_BLEU	F-score: 0.655
NLLB_MBR_BLEU	F-score: 0.902
NLLB_MBR_BLEU	F-score: 0.611
NLLB_MBR_BLEU	F-score: 0.531
NLLB_MBR_BLEU	F-score: 0.545
NLLB_MBR_BLEU	F-score: 0.442
NLLB_MBR_BLEU	F-score: 0.596
NLLB_MBR_BLEU	F-score: 0.300
NLLB_MBR_BLEU	F-score: 0.500
NLLB_MBR_BLEU	F-score: 0.833
NLLB_MBR_BLEU	F-score: 0.466
NLLB_MBR_BLEU	F-score: 0.800
NLLB_MBR_BLEU	F-score: 0.396
NLLB_MBR_BLEU	F-score: 0.632
NLLB_MBR_BLEU	F-score: 0.400
NLLB_MBR_BLEU	F-score: 0.315
NLLB_MBR_BLEU	F-score: 0.750
NLLB_MBR_BLEU	F-score: 0.408
NLLB_MBR_BLEU	F-score: 0.528
NLLB_MBR_BLEU	F-score: 0.455
NLLB_MBR_BLEU	F-score: 0.400
NLLB_MBR_BLEU	F-score: 0.500
NLLB_MBR_BLEU	F-score: 0.427
NLLB_MBR_BLEU	F-score: 0.462
NLLB_MBR_BLEU	F-score: 0.588
NLLB_MBR_BLEU	F-score: 0.286
NLLB_MBR_BLEU	F-score: 0.388
NLLB_MBR_BLEU	F-score: 0.711
NLLB_MBR_BLEU	F-score: 0.769
NLLB_MBR_BLEU	F-score: 0.379
NLLB_MBR_BLEU	F-score: 0.750
NLLB_MBR_BLEU	F-score: 0.569
NLLB_MBR_BLEU	F-score: 0.535
NLLB_MBR_BLEU	F-score: 0.333
NLLB_MBR_BLEU	F-score: 0.402
NLLB_MBR_BLEU	F-score: 0.383
NLLB_MBR_BLEU	F-score: 0.440
NLLB_MBR_BLEU	F-score: 0.800
NLLB_MBR_BLEU	F-score: 0.359
NLLB_MBR_BLEU	F-score: 0.484
NLLB_MBR_BLEU	F-score: 0.431
NLLB_MBR_BLEU	F-score: 0.610
NLLB_MBR_BLEU	F-score: 0.387
NLLB_MBR_BLEU	F-score: 0.352
NLLB_MBR_BLEU	F-score: 0.667
NLLB_MBR_BLEU	F-score: 0.478
NLLB_MBR_BLEU	F-score: 0.640
NLLB_MBR_BLEU	F-score: 0.421
NLLB_MBR_BLEU	F-score: 0.440
NLLB_MBR_BLEU	F-score: 0.375
NLLB_MBR_BLEU	F-score: 0.465
NLLB_MBR_BLEU	F-score: 0.633
NLLB_MBR_BLEU	F-score: 0.385
NLLB_MBR_BLEU	F-score: 0.390
NLLB_MBR_BLEU	F-score: 0.588
NLLB_MBR_BLEU	F-score: 0.600
NLLB_MBR_BLEU	F-score: 0.394
NLLB_MBR_BLEU	F-score: 0.467
NLLB_MBR_BLEU	F-score: 0.429
NLLB_MBR_BLEU	F-score: 0.327
NLLB_MBR_BLEU	F-score: 0.625
NLLB_MBR_BLEU	F-score: 0.442
NLLB_MBR_BLEU	F-score: 1.000
NLLB_MBR_BLEU	F-score: 0.500
NLLB_MBR_BLEU	F-score: 0.543
NLLB_MBR_BLEU	F-score: 0.603
NLLB_MBR_BLEU	F-score: 1.000
NLLB_MBR_BLEU	F-score: 0.480
NLLB_MBR_BLEU	F-score: 0.533
NLLB_MBR_BLEU	F-score: 0.413
NLLB_MBR_BLEU	F-score: 0.588
NLLB_MBR_BLEU	F-score: 0.427
NLLB_MBR_BLEU	F-score: 0.387
NLLB_MBR_BLEU	F-score: 0.500
NLLB_MBR_BLEU	F-score: 0.304
NLLB_MBR_BLEU	F-score: 0.300
NLLB_MBR_BLEU	F-score: 0.278
NLLB_MBR_BLEU	F-score: 0.902
NLLB_MBR_BLEU	F-score: 0.455
NLLB_MBR_BLEU	F-score: 0.556
NLLB_MBR_BLEU	F-score: 0.385
NLLB_MBR_BLEU	F-score: 0.533
NLLB_MBR_BLEU	F-score: 0.286
NLLB_MBR_BLEU	F-score: 0.667
NLLB_MBR_BLEU	F-score: 0.374
NLLB_MBR_BLEU	F-score: 0.667
NLLB_MBR_BLEU	F-score: 0.458
NLLB_MBR_BLEU	F-score: 0.486
NLLB_MBR_BLEU	F-score: 0.459
NLLB_MBR_BLEU	F-score: 0.421
NLLB_MBR_BLEU	F-score: 0.491
NLLB_MBR_BLEU	F-score: 0.526
NLLB_MBR_BLEU	F-score: 0.469
NLLB_MBR_BLEU	F-score: 0.571
NLLB_MBR_BLEU	F-score: 0.439
NLLB_MBR_BLEU	F-score: 0.497
NLLB_MBR_BLEU	F-score: 0.286
NLLB_MBR_BLEU	F-score: 0.369
NLLB_MBR_BLEU	F-score: 0.500
NLLB_MBR_BLEU	F-score: 0.333
NLLB_MBR_BLEU	F-score: 0.477
NLLB_MBR_BLEU	F-score: 0.667
NLLB_MBR_BLEU	F-score: 0.483
NLLB_MBR_BLEU	F-score: 0.467
NLLB_MBR_BLEU	F-score: 0.519
NLLB_MBR_BLEU	F-score: 0.400
NLLB_MBR_BLEU	F-score: 0.377
NLLB_MBR_BLEU	F-score: 0.531
NLLB_MBR_BLEU	F-score: 0.800
NLLB_MBR_BLEU	F-score: 0.426
NLLB_MBR_BLEU	F-score: 0.605
NLLB_MBR_BLEU	F-score: 0.636
NLLB_MBR_BLEU	F-score: 0.504
NLLB_MBR_BLEU	F-score: 0.621
NLLB_MBR_BLEU	F-score: 0.400
NLLB_MBR_BLEU	F-score: 0.440
NLLB_MBR_BLEU	F-score: 0.750
NLLB_MBR_BLEU	F-score: 0.535
NLLB_MBR_BLEU	F-score: 0.500
NLLB_MBR_BLEU	F-score: 0.750
NLLB_MBR_BLEU	F-score: 0.525
NLLB_MBR_BLEU	F-score: 0.714
NLLB_MBR_BLEU	F-score: 0.222
NLLB_MBR_BLEU	F-score: 0.750
NLLB_MBR_BLEU	F-score: 0.640
NLLB_MBR_BLEU	F-score: 0.541
NLLB_MBR_BLEU	F-score: 0.500
NLLB_MBR_BLEU	F-score: 0.603
NLLB_MBR_BLEU	F-score: 0.977
NLLB_MBR_BLEU	F-score: 0.630
NLLB_MBR_BLEU	F-score: 0.277
NLLB_MBR_BLEU	F-score: 0.526
NLLB_MBR_BLEU	F-score: 1.000
NLLB_MBR_BLEU	F-score: 0.281
NLLB_MBR_BLEU	F-score: 0.426
NLLB_MBR_BLEU	F-score: 0.370
NLLB_MBR_BLEU	F-score: 0.875
NLLB_MBR_BLEU	F-score: 0.727
NLLB_MBR_BLEU	F-score: 0.353
NLLB_MBR_BLEU	F-score: 0.800
NLLB_MBR_BLEU	F-score: 0.421
NLLB_MBR_BLEU	F-score: 0.615
NLLB_MBR_BLEU	F-score: 0.435
NLLB_MBR_BLEU	F-score: 0.545
NLLB_MBR_BLEU	F-score: 0.294
NLLB_MBR_BLEU	F-score: 0.519
NLLB_MBR_BLEU	F-score: 0.704
NLLB_MBR_BLEU	F-score: 0.425
NLLB_MBR_BLEU	F-score: 0.389
NLLB_MBR_BLEU	F-score: 0.545
NLLB_MBR_BLEU	F-score: 0.280
NLLB_MBR_BLEU	F-score: 0.468
NLLB_MBR_BLEU	F-score: 0.374
NLLB_MBR_BLEU	F-score: 0.500
NLLB_MBR_BLEU	F-score: 0.366
NLLB_MBR_BLEU	F-score: 0.759
NLLB_MBR_BLEU	F-score: 0.820
NLLB_MBR_BLEU	F-score: 0.455
NLLB_MBR_BLEU	F-score: 0.485
NLLB_MBR_BLEU	F-score: 0.667
NLLB_MBR_BLEU	F-score: 0.564
NLLB_MBR_BLEU	F-score: 0.541
NLLB_MBR_BLEU	F-score: 0.375
NLLB_MBR_BLEU	F-score: 0.432
NLLB_MBR_BLEU	F-score: 0.627
NLLB_MBR_BLEU	F-score: 0.381
NLLB_MBR_BLEU	F-score: 0.262
NLLB_MBR_BLEU	F-score: 0.818
NLLB_MBR_BLEU	F-score: 0.167
NLLB_MBR_BLEU	F-score: 0.471
NLLB_MBR_BLEU	F-score: 0.451
NLLB_MBR_BLEU	F-score: 0.432
NLLB_MBR_BLEU	F-score: 0.444
NLLB_MBR_BLEU	F-score: 0.460
NLLB_MBR_BLEU	F-score: 0.316
NLLB_MBR_BLEU	F-score: 0.333
NLLB_MBR_BLEU	F-score: 0.357
NLLB_MBR_BLEU	F-score: 0.476
NLLB_MBR_BLEU	F-score: 0.341
NLLB_MBR_BLEU	F-score: 0.500
NLLB_MBR_BLEU	F-score: 0.714
NLLB_MBR_BLEU	F-score: 0.495
NLLB_MBR_BLEU	F-score: 0.495
NLLB_MBR_BLEU	F-score: 0.600
NLLB_MBR_BLEU	F-score: 0.456
NLLB_MBR_BLEU	F-score: 0.429
NLLB_MBR_BLEU	F-score: 0.333
NLLB_MBR_BLEU	F-score: 0.714
NLLB_MBR_BLEU	F-score: 0.694
NLLB_MBR_BLEU	F-score: 0.521
NLLB_MBR_BLEU	F-score: 1.000
NLLB_MBR_BLEU	F-score: 0.765
NLLB_MBR_BLEU	F-score: 0.688
NLLB_MBR_BLEU	F-score: 0.267
NLLB_MBR_BLEU	F-score: 0.100
NLLB_MBR_BLEU	F-score: 0.593
NLLB_MBR_BLEU	F-score: 0.667
NLLB_MBR_BLEU	F-score: 0.286
NLLB_MBR_BLEU	F-score: 0.448
NLLB_MBR_BLEU	F-score: 0.430
NLLB_MBR_BLEU	F-score: 0.400
NLLB_MBR_BLEU	F-score: 0.286
NLLB_MBR_BLEU	F-score: 0.643
NLLB_MBR_BLEU	F-score: 0.400
NLLB_MBR_BLEU	F-score: 0.627
NLLB_MBR_BLEU	F-score: 0.478
NLLB_MBR_BLEU	F-score: 0.643
NLLB_MBR_BLEU	F-score: 0.348
NLLB_MBR_BLEU	F-score: 0.270
NLLB_MBR_BLEU	F-score: 0.250
NLLB_MBR_BLEU	F-score: 0.429
NLLB_MBR_BLEU	F-score: 0.750
NLLB_MBR_BLEU	F-score: 0.320
NLLB_MBR_BLEU	F-score: 0.571
NLLB_MBR_BLEU	F-score: 0.618
NLLB_MBR_BLEU	F-score: 0.517
NLLB_MBR_BLEU	F-score: 0.365
NLLB_MBR_BLEU	F-score: 0.457
NLLB_MBR_BLEU	F-score: 0.583
NLLB_MBR_BLEU	F-score: 0.538
NLLB_MBR_BLEU	F-score: 0.364
NLLB_MBR_BLEU	F-score: 0.588
NLLB_MBR_BLEU	F-score: 0.400
NLLB_MBR_BLEU	F-score: 0.379
NLLB_MBR_BLEU	F-score: 0.786
NLLB_MBR_BLEU	F-score: 0.584
NLLB_MBR_BLEU	F-score: 0.391
NLLB_MBR_BLEU	F-score: 0.390
NLLB_MBR_BLEU	F-score: 0.455
NLLB_MBR_BLEU	F-score: 0.523
NLLB_MBR_BLEU	F-score: 0.559
NLLB_MBR_BLEU	F-score: 0.508
NLLB_MBR_BLEU	F-score: 0.383
NLLB_MBR_BLEU	F-score: 0.333
NLLB_MBR_BLEU	F-score: 0.383
NLLB_MBR_BLEU	F-score: 0.688
NLLB_MBR_BLEU	F-score: 0.429
NLLB_MBR_BLEU	F-score: 0.545
NLLB_MBR_BLEU	F-score: 0.438
NLLB_MBR_BLEU	F-score: 0.500
NLLB_MBR_BLEU	F-score: 0.393
NLLB_MBR_BLEU	F-score: 0.364
NLLB_MBR_BLEU	F-score: 0.600
NLLB_MBR_BLEU	F-score: 0.750
NLLB_MBR_BLEU	F-score: 0.643
NLLB_MBR_BLEU	F-score: 0.465
NLLB_MBR_BLEU	F-score: 0.500
NLLB_MBR_BLEU	F-score: 0.308
NLLB_MBR_BLEU	F-score: 0.610
NLLB_MBR_BLEU	F-score: 0.333
NLLB_MBR_BLEU	F-score: 0.358
NLLB_MBR_BLEU	F-score: 0.500
NLLB_MBR_BLEU	F-score: 0.424
NLLB_MBR_BLEU	F-score: 0.319
NLLB_MBR_BLEU	F-score: 0.769
NLLB_MBR_BLEU	F-score: 0.677
NLLB_MBR_BLEU	F-score: 0.513
NLLB_MBR_BLEU	F-score: 0.588
NLLB_MBR_BLEU	F-score: 0.274
NLLB_MBR_BLEU	F-score: 0.361
NLLB_MBR_BLEU	F-score: 0.762
NLLB_MBR_BLEU	F-score: 0.526
NLLB_MBR_BLEU	F-score: 0.482
NLLB_MBR_BLEU	F-score: 0.455
NLLB_MBR_BLEU	F-score: 0.400
NLLB_MBR_BLEU	F-score: 0.378
NLLB_MBR_BLEU	F-score: 0.304
NLLB_MBR_BLEU	F-score: 0.581
NLLB_MBR_BLEU	F-score: 0.650
NLLB_MBR_BLEU	F-score: 0.590
NLLB_MBR_BLEU	F-score: 0.434
NLLB_MBR_BLEU	F-score: 0.510
NLLB_MBR_BLEU	F-score: 0.480
NLLB_MBR_BLEU	F-score: 0.380
NLLB_MBR_BLEU	F-score: 0.465
NLLB_MBR_BLEU	F-score: 0.667
NLLB_MBR_BLEU	F-score: 0.485
NLLB_MBR_BLEU	F-score: 0.506
NLLB_MBR_BLEU	F-score: 0.600
NLLB_MBR_BLEU	F-score: 0.655
NLLB_MBR_BLEU	F-score: 0.450
NLLB_MBR_BLEU	F-score: 1.000
NLLB_MBR_BLEU	F-score: 0.727
NLLB_MBR_BLEU	F-score: 0.303
NLLB_MBR_BLEU	F-score: 0.231
NLLB_MBR_BLEU	F-score: 0.431
NLLB_MBR_BLEU	F-score: 0.421
NLLB_MBR_BLEU	F-score: 0.444
NLLB_MBR_BLEU	F-score: 0.472
NLLB_MBR_BLEU	F-score: 0.302
NLLB_MBR_BLEU	F-score: 0.357
NLLB_MBR_BLEU	F-score: 0.513
NLLB_MBR_BLEU	F-score: 0.532
NLLB_MBR_BLEU	F-score: 0.493
NLLB_MBR_BLEU	F-score: 0.444
NLLB_MBR_BLEU	F-score: 0.407
NLLB_MBR_BLEU	F-score: 1.000
NLLB_MBR_BLEU	F-score: 0.623
NLLB_MBR_BLEU	F-score: 0.356
NLLB_MBR_BLEU	F-score: 0.500
NLLB_MBR_BLEU	F-score: 0.390
NLLB_MBR_BLEU	F-score: 0.545
NLLB_MBR_BLEU	F-score: 0.216
NLLB_MBR_BLEU	F-score: 0.339
NLLB_MBR_BLEU	F-score: 0.471
NLLB_MBR_BLEU	F-score: 0.190
NLLB_MBR_BLEU	F-score: 0.605
NLLB_MBR_BLEU	F-score: 0.377
NLLB_MBR_BLEU	F-score: 0.562
NLLB_MBR_BLEU	F-score: 0.469
NLLB_MBR_BLEU	F-score: 0.632
NLLB_MBR_BLEU	F-score: 0.333
NLLB_MBR_BLEU	F-score: 0.889
NLLB_MBR_BLEU	F-score: 0.286
NLLB_MBR_BLEU	F-score: 0.333
NLLB_MBR_BLEU	F-score: 0.474
NLLB_MBR_BLEU	F-score: 0.556
NLLB_MBR_BLEU	F-score: 0.333
NLLB_MBR_BLEU	F-score: 0.417
NLLB_MBR_BLEU	F-score: 0.473
NLLB_MBR_BLEU	F-score: 0.762
NLLB_MBR_BLEU	F-score: 0.250
NLLB_MBR_BLEU	F-score: 0.333
NLLB_MBR_BLEU	F-score: 0.500
NLLB_MBR_BLEU	F-score: 0.444
NLLB_MBR_BLEU	F-score: 0.667
NLLB_MBR_BLEU	F-score: 0.417
NLLB_MBR_BLEU	F-score: 1.000
NLLB_MBR_BLEU	F-score: 0.667
NLLB_MBR_BLEU	F-score: 0.500
NLLB_MBR_BLEU	F-score: 0.343
NLLB_MBR_BLEU	F-score: 0.436
NLLB_MBR_BLEU	F-score: 0.300
NLLB_MBR_BLEU	F-score: 0.393
NLLB_MBR_BLEU	F-score: 0.211
NLLB_MBR_BLEU	F-score: 0.324
NLLB_MBR_BLEU	F-score: 0.913
NLLB_MBR_BLEU	F-score: 0.496
NLLB_MBR_BLEU	F-score: 0.297
NLLB_MBR_BLEU	F-score: 0.267
NLLB_MBR_BLEU	F-score: 0.418
NLLB_MBR_BLEU	F-score: 0.517
NLLB_MBR_BLEU	F-score: 0.468
NLLB_MBR_BLEU	F-score: 0.368
NLLB_MBR_BLEU	F-score: 0.444
NLLB_MBR_BLEU	F-score: 0.250
NLLB_MBR_BLEU	F-score: 0.600
NLLB_MBR_BLEU	F-score: 0.361
NLLB_MBR_BLEU	F-score: 0.815
NLLB_MBR_BLEU	F-score: 0.603
NLLB_MBR_BLEU	F-score: 0.857
NLLB_MBR_BLEU	F-score: 0.531
NLLB_MBR_BLEU	F-score: 0.667
NLLB_MBR_BLEU	F-score: 0.182
NLLB_MBR_BLEU	F-score: 0.611
NLLB_MBR_BLEU	F-score: 0.647
NLLB_MBR_BLEU	F-score: 0.326
NLLB_MBR_BLEU	F-score: 0.421
NLLB_MBR_BLEU	F-score: 0.483
NLLB_MBR_BLEU	F-score: 0.487
NLLB_MBR_BLEU	F-score: 0.576
NLLB_MBR_BLEU	F-score: 0.438
NLLB_MBR_BLEU	F-score: 0.686
NLLB_MBR_BLEU	F-score: 0.321
NLLB_MBR_BLEU	F-score: 0.278
NLLB_MBR_BLEU	F-score: 0.400
NLLB_MBR_BLEU	F-score: 0.500
NLLB_MBR_BLEU	F-score: 0.429
NLLB_MBR_BLEU	F-score: 0.333
NLLB_MBR_BLEU	F-score: 0.692
NLLB_MBR_BLEU	F-score: 0.333
NLLB_MBR_BLEU	F-score: 0.333
NLLB_MBR_BLEU	F-score: 0.750
NLLB_MBR_BLEU	F-score: 0.286
NLLB_MBR_BLEU	F-score: 0.500
NLLB_MBR_BLEU	F-score: 0.364
NLLB_MBR_BLEU	F-score: 0.500
NLLB_MBR_BLEU	F-score: 0.316
NLLB_MBR_BLEU	F-score: 0.667
NLLB_MBR_BLEU	F-score: 0.375
NLLB_MBR_BLEU	F-score: 0.857
NLLB_MBR_BLEU	F-score: 0.909
NLLB_MBR_BLEU	F-score: 0.638
NLLB_MBR_BLEU	F-score: 0.588
NLLB_MBR_BLEU	F-score: 0.692
NLLB_MBR_BLEU	F-score: 0.625
NLLB_MBR_BLEU	F-score: 0.267
NLLB_MBR_BLEU	F-score: 0.426
NLLB_MBR_BLEU	F-score: 0.400
NLLB_MBR_BLEU	F-score: 0.487
NLLB_MBR_BLEU	F-score: 0.400
NLLB_MBR_BLEU	F-score: 0.326
NLLB_MBR_BLEU	F-score: 0.500
NLLB_MBR_BLEU	F-score: 0.530
NLLB_MBR_BLEU	F-score: 0.426
NLLB_MBR_BLEU	F-score: 0.875
NLLB_MBR_BLEU	F-score: 0.214
NLLB_MBR_BLEU	F-score: 0.065
NLLB_MBR_BLEU	F-score: 0.521
NLLB_MBR_BLEU	F-score: 0.360
NLLB_MBR_BLEU	F-score: 0.250
NLLB_MBR_BLEU	F-score: 0.585
NLLB_MBR_BLEU	F-score: 0.571
NLLB_MBR_BLEU	F-score: 0.521
NLLB_MBR_BLEU	F-score: 0.391
NLLB_MBR_BLEU	F-score: 0.750
NLLB_MBR_BLEU	F-score: 0.714
NLLB_MBR_BLEU	F-score: 0.623
NLLB_MBR_BLEU	F-score: 0.769
NLLB_MBR_BLEU	F-score: 0.286
NLLB_MBR_BLEU	F-score: 0.323
NLLB_MBR_BLEU	F-score: 0.370
NLLB_MBR_BLEU	F-score: 0.454
NLLB_MBR_BLEU	F-score: 0.857
NLLB_MBR_BLEU	F-score: 0.342
NLLB_MBR_BLEU	F-score: 0.667
NLLB_MBR_BLEU	F-score: 0.508
NLLB_MBR_BLEU	F-score: 0.593
NLLB_MBR_BLEU	F-score: 0.384
NLLB_MBR_BLEU	F-score: 0.211
NLLB_MBR_BLEU	F-score: 0.222
NLLB_MBR_BLEU	F-score: 0.333
NLLB_MBR_BLEU	F-score: 0.634
NLLB_MBR_BLEU	F-score: 0.595
NLLB_MBR_BLEU	F-score: 0.386
NLLB_MBR_BLEU	F-score: 0.375
NLLB_MBR_BLEU	F-score: 0.564
NLLB_MBR_BLEU	F-score: 0.538
NLLB_MBR_BLEU	F-score: 0.889
NLLB_MBR_BLEU	F-score: 0.316
NLLB_MBR_BLEU	F-score: 1.000
NLLB_MBR_BLEU	F-score: 0.261
NLLB_MBR_BLEU	F-score: 0.533
NLLB_MBR_BLEU	F-score: 0.361
NLLB_MBR_BLEU	F-score: 0.583
NLLB_MBR_BLEU	F-score: 0.615
NLLB_MBR_BLEU	F-score: 0.547
NLLB_MBR_BLEU	F-score: 0.506
NLLB_MBR_BLEU	F-score: 0.658
NLLB_MBR_BLEU	F-score: 0.714
NLLB_MBR_BLEU	F-score: 0.310
NLLB_MBR_BLEU	F-score: 0.485
NLLB_MBR_BLEU	F-score: 0.462
NLLB_MBR_BLEU	F-score: 0.167
NLLB_MBR_BLEU	F-score: 0.328
NLLB_MBR_BLEU	F-score: 0.342
NLLB_MBR_BLEU	F-score: 0.545
NLLB_MBR_BLEU	F-score: 0.600
NLLB_MBR_BLEU	F-score: 0.389
NLLB_MBR_BLEU	F-score: 0.382
NLLB_MBR_BLEU	F-score: 0.519
NLLB_MBR_BLEU	F-score: 0.613
NLLB_MBR_BLEU	F-score: 0.474
NLLB_MBR_BLEU	F-score: 0.563
NLLB_MBR_BLEU	F-score: 0.645
NLLB_MBR_BLEU	F-score: 0.448
NLLB_MBR_BLEU	F-score: 0.826
NLLB_MBR_BLEU	F-score: 0.692
NLLB_MBR_BLEU	F-score: 0.373
NLLB_MBR_BLEU	F-score: 0.512
NLLB_MBR_BLEU	F-score: 0.667
NLLB_MBR_BLEU	F-score: 0.513
NLLB_MBR_BLEU	F-score: 0.267
NLLB_MBR_BLEU	F-score: 0.769
NLLB_MBR_BLEU	F-score: 0.603
NLLB_MBR_BLEU	F-score: 0.456
NLLB_MBR_BLEU	F-score: 0.564
NLLB_MBR_BLEU	F-score: 0.524
NLLB_MBR_BLEU	F-score: 0.383
NLLB_MBR_BLEU	F-score: 0.710
NLLB_MBR_BLEU	F-score: 0.561
NLLB_MBR_BLEU	F-score: 0.599
NLLB_MBR_BLEU	F-score: 0.534
NLLB_MBR_BLEU	F-score: 0.469
NLLB_MBR_BLEU	F-score: 0.800
NLLB_MBR_BLEU	F-score: 0.480
NLLB_MBR_BLEU	F-score: 0.395
NLLB_MBR_BLEU	F-score: 0.500
NLLB_MBR_BLEU	F-score: 0.769
NLLB_MBR_BLEU	F-score: 0.618
NLLB_MBR_BLEU	F-score: 0.415
NLLB_MBR_BLEU	F-score: 0.493
NLLB_MBR_BLEU	F-score: 0.533
NLLB_MBR_BLEU	F-score: 0.347
NLLB_MBR_BLEU	F-score: 0.769
NLLB_MBR_BLEU	F-score: 0.766
ONLINE-A	F-score: 0.538
ONLINE-A	F-score: 0.536
ONLINE-A	F-score: 0.727
ONLINE-A	F-score: 0.500
ONLINE-A	F-score: 0.500
ONLINE-A	F-score: 0.433
ONLINE-A	F-score: 0.222
ONLINE-A	F-score: 0.630
ONLINE-A	F-score: 0.525
ONLINE-A	F-score: 0.815
ONLINE-A	F-score: 0.737
ONLINE-A	F-score: 0.730
ONLINE-A	F-score: 0.690
ONLINE-A	F-score: 0.800
ONLINE-A	F-score: 0.812
ONLINE-A	F-score: 0.480
ONLINE-A	F-score: 0.304
ONLINE-A	F-score: 0.333
ONLINE-A	F-score: 0.630
ONLINE-A	F-score: 0.460
ONLINE-A	F-score: 0.531
ONLINE-A	F-score: 0.310
ONLINE-A	F-score: 0.229
ONLINE-A	F-score: 1.000
ONLINE-A	F-score: 0.647
ONLINE-A	F-score: 0.800
ONLINE-A	F-score: 0.486
ONLINE-A	F-score: 0.571
ONLINE-A	F-score: 0.353
ONLINE-A	F-score: 0.583
ONLINE-A	F-score: 0.821
ONLINE-A	F-score: 0.462
ONLINE-A	F-score: 0.579
ONLINE-A	F-score: 1.000
ONLINE-A	F-score: 0.500
ONLINE-A	F-score: 0.690
ONLINE-A	F-score: 0.250
ONLINE-A	F-score: 0.167
ONLINE-A	F-score: 0.333
ONLINE-A	F-score: 0.407
ONLINE-A	F-score: 0.133
ONLINE-A	F-score: 0.617
ONLINE-A	F-score: 0.286
ONLINE-A	F-score: 0.414
ONLINE-A	F-score: 0.630
ONLINE-A	F-score: 0.477
ONLINE-A	F-score: 0.425
ONLINE-A	F-score: 0.333
ONLINE-A	F-score: 0.339
ONLINE-A	F-score: 0.200
ONLINE-A	F-score: 0.600
ONLINE-A	F-score: 0.280
ONLINE-A	F-score: 0.429
ONLINE-A	F-score: 0.353
ONLINE-A	F-score: 0.296
ONLINE-A	F-score: 0.268
ONLINE-A	F-score: 0.368
ONLINE-A	F-score: 0.558
ONLINE-A	F-score: 0.250
ONLINE-A	F-score: 0.333
ONLINE-A	F-score: 0.413
ONLINE-A	F-score: 0.353
ONLINE-A	F-score: 0.465
ONLINE-A	F-score: 0.400
ONLINE-A	F-score: 0.302
ONLINE-A	F-score: 0.458
ONLINE-A	F-score: 0.359
ONLINE-A	F-score: 0.857
ONLINE-A	F-score: 0.714
ONLINE-A	F-score: 0.481
ONLINE-A	F-score: 0.769
ONLINE-A	F-score: 0.286
ONLINE-A	F-score: 0.369
ONLINE-A	F-score: 0.513
ONLINE-A	F-score: 1.000
ONLINE-A	F-score: 0.240
ONLINE-A	F-score: 0.440
ONLINE-A	F-score: 0.348
ONLINE-A	F-score: 0.467
ONLINE-A	F-score: 0.538
ONLINE-A	F-score: 0.875
ONLINE-A	F-score: 0.727
ONLINE-A	F-score: 0.810
ONLINE-A	F-score: 0.714
ONLINE-A	F-score: 0.486
ONLINE-A	F-score: 0.615
ONLINE-A	F-score: 1.000
ONLINE-A	F-score: 0.625
ONLINE-A	F-score: 0.348
ONLINE-A	F-score: 0.381
ONLINE-A	F-score: 0.810
ONLINE-A	F-score: 0.636
ONLINE-A	F-score: 0.438
ONLINE-A	F-score: 0.667
ONLINE-A	F-score: 1.000
ONLINE-A	F-score: 0.754
ONLINE-A	F-score: 0.400
ONLINE-A	F-score: 0.449
ONLINE-A	F-score: 0.864
ONLINE-A	F-score: 0.698
ONLINE-A	F-score: 0.400
ONLINE-A	F-score: 0.522
ONLINE-A	F-score: 0.459
ONLINE-A	F-score: 0.562
ONLINE-A	F-score: 0.429
ONLINE-A	F-score: 0.279
ONLINE-A	F-score: 0.800
ONLINE-A	F-score: 0.696
ONLINE-A	F-score: 0.567
ONLINE-A	F-score: 0.407
ONLINE-A	F-score: 0.331
ONLINE-A	F-score: 0.333
ONLINE-A	F-score: 0.545
ONLINE-A	F-score: 0.500
ONLINE-A	F-score: 0.486
ONLINE-A	F-score: 0.545
ONLINE-A	F-score: 0.333
ONLINE-A	F-score: 0.077
ONLINE-A	F-score: 0.133
ONLINE-A	F-score: 0.385
ONLINE-A	F-score: 0.133
ONLINE-A	F-score: 1.000
ONLINE-A	F-score: 0.282
ONLINE-A	F-score: 0.667
ONLINE-A	F-score: 0.409
ONLINE-A	F-score: 0.296
ONLINE-A	F-score: 0.667
ONLINE-A	F-score: 1.000
ONLINE-A	F-score: 0.333
ONLINE-A	F-score: 0.818
ONLINE-A	F-score: 0.500
ONLINE-A	F-score: 0.286
ONLINE-A	F-score: 0.167
ONLINE-A	F-score: 0.500
ONLINE-A	F-score: 0.545
ONLINE-A	F-score: 0.471
ONLINE-A	F-score: 0.348
ONLINE-A	F-score: 0.750
ONLINE-A	F-score: 0.333
ONLINE-A	F-score: 0.571
ONLINE-A	F-score: 0.462
ONLINE-A	F-score: 0.423
ONLINE-A	F-score: 0.545
ONLINE-A	F-score: 0.200
ONLINE-A	F-score: 0.636
ONLINE-A	F-score: 0.216
ONLINE-A	F-score: 0.500
ONLINE-A	F-score: 0.316
ONLINE-A	F-score: 0.567
ONLINE-A	F-score: 0.579
ONLINE-A	F-score: 0.538
ONLINE-A	F-score: 0.444
ONLINE-A	F-score: 0.506
ONLINE-A	F-score: 0.383
ONLINE-A	F-score: 0.509
ONLINE-A	F-score: 0.576
ONLINE-A	F-score: 0.358
ONLINE-A	F-score: 0.364
ONLINE-A	F-score: 0.370
ONLINE-A	F-score: 0.444
ONLINE-A	F-score: 0.349
ONLINE-A	F-score: 0.784
ONLINE-A	F-score: 0.680
ONLINE-A	F-score: 0.632
ONLINE-A	F-score: 0.612
ONLINE-A	F-score: 0.584
ONLINE-A	F-score: 0.527
ONLINE-A	F-score: 0.727
ONLINE-A	F-score: 0.655
ONLINE-A	F-score: 0.909
ONLINE-A	F-score: 0.622
ONLINE-A	F-score: 0.200
ONLINE-A	F-score: 0.357
ONLINE-A	F-score: 0.323
ONLINE-A	F-score: 0.412
ONLINE-A	F-score: 0.438
ONLINE-A	F-score: 0.467
ONLINE-A	F-score: 0.486
ONLINE-A	F-score: 0.095
ONLINE-A	F-score: 0.276
ONLINE-A	F-score: 0.324
ONLINE-A	F-score: 0.267
ONLINE-A	F-score: 0.167
ONLINE-A	F-score: 0.348
ONLINE-A	F-score: 0.375
ONLINE-A	F-score: 0.545
ONLINE-A	F-score: 0.429
ONLINE-A	F-score: 0.231
ONLINE-A	F-score: 0.444
ONLINE-A	F-score: 1.000
ONLINE-A	F-score: 1.000
ONLINE-A	F-score: 0.435
ONLINE-A	F-score: 0.607
ONLINE-A	F-score: 0.697
ONLINE-A	F-score: 0.521
ONLINE-A	F-score: 0.250
ONLINE-A	F-score: 0.452
ONLINE-A	F-score: 0.540
ONLINE-A	F-score: 0.487
ONLINE-A	F-score: 0.380
ONLINE-A	F-score: 0.350
ONLINE-A	F-score: 0.377
ONLINE-A	F-score: 0.239
ONLINE-A	F-score: 0.438
ONLINE-A	F-score: 0.583
ONLINE-A	F-score: 0.500
ONLINE-A	F-score: 0.391
ONLINE-A	F-score: 0.556
ONLINE-A	F-score: 0.333
ONLINE-A	F-score: 0.517
ONLINE-A	F-score: 0.320
ONLINE-A	F-score: 0.462
ONLINE-A	F-score: 0.294
ONLINE-A	F-score: 0.293
ONLINE-A	F-score: 0.303
ONLINE-A	F-score: 0.558
ONLINE-A	F-score: 0.383
ONLINE-A	F-score: 0.346
ONLINE-A	F-score: 0.318
ONLINE-A	F-score: 0.387
ONLINE-A	F-score: 0.255
ONLINE-A	F-score: 0.296
ONLINE-A	F-score: 0.438
ONLINE-A	F-score: 0.195
ONLINE-A	F-score: 0.286
ONLINE-A	F-score: 0.474
ONLINE-A	F-score: 0.517
ONLINE-A	F-score: 0.576
ONLINE-A	F-score: 0.437
ONLINE-A	F-score: 0.500
ONLINE-A	F-score: 0.423
ONLINE-A	F-score: 0.615
ONLINE-A	F-score: 0.243
ONLINE-A	F-score: 0.333
ONLINE-A	F-score: 0.342
ONLINE-A	F-score: 1.000
ONLINE-A	F-score: 0.737
ONLINE-A	F-score: 0.733
ONLINE-A	F-score: 0.722
ONLINE-A	F-score: 0.725
ONLINE-A	F-score: 0.720
ONLINE-A	F-score: 0.976
ONLINE-A	F-score: 0.925
ONLINE-A	F-score: 0.821
ONLINE-A	F-score: 0.727
ONLINE-A	F-score: 0.516
ONLINE-A	F-score: 0.429
ONLINE-A	F-score: 0.581
ONLINE-A	F-score: 0.657
ONLINE-A	F-score: 0.483
ONLINE-A	F-score: 0.297
ONLINE-A	F-score: 0.323
ONLINE-A	F-score: 0.545
ONLINE-A	F-score: 0.328
ONLINE-A	F-score: 0.434
ONLINE-A	F-score: 0.348
ONLINE-A	F-score: 0.833
ONLINE-A	F-score: 0.500
ONLINE-A	F-score: 0.333
ONLINE-A	F-score: 0.360
ONLINE-A	F-score: 0.496
ONLINE-A	F-score: 0.562
ONLINE-A	F-score: 0.393
ONLINE-A	F-score: 0.571
ONLINE-A	F-score: 0.706
ONLINE-A	F-score: 0.611
ONLINE-A	F-score: 0.400
ONLINE-A	F-score: 0.373
ONLINE-A	F-score: 0.562
ONLINE-A	F-score: 0.490
ONLINE-A	F-score: 0.739
ONLINE-A	F-score: 0.490
ONLINE-A	F-score: 0.529
ONLINE-A	F-score: 0.339
ONLINE-A	F-score: 0.556
ONLINE-A	F-score: 0.320
ONLINE-A	F-score: 0.364
ONLINE-A	F-score: 0.239
ONLINE-A	F-score: 0.349
ONLINE-A	F-score: 0.880
ONLINE-A	F-score: 1.000
ONLINE-A	F-score: 0.583
ONLINE-A	F-score: 0.681
ONLINE-A	F-score: 0.846
ONLINE-A	F-score: 0.328
ONLINE-A	F-score: 0.800
ONLINE-A	F-score: 0.676
ONLINE-A	F-score: 0.553
ONLINE-A	F-score: 0.895
ONLINE-A	F-score: 0.566
ONLINE-A	F-score: 0.375
ONLINE-A	F-score: 0.211
ONLINE-A	F-score: 0.421
ONLINE-A	F-score: 0.358
ONLINE-A	F-score: 0.536
ONLINE-A	F-score: 0.344
ONLINE-A	F-score: 0.393
ONLINE-A	F-score: 0.444
ONLINE-A	F-score: 0.429
ONLINE-A	F-score: 0.609
ONLINE-A	F-score: 0.667
ONLINE-A	F-score: 0.500
ONLINE-A	F-score: 0.333
ONLINE-A	F-score: 0.466
ONLINE-A	F-score: 0.376
ONLINE-A	F-score: 0.778
ONLINE-A	F-score: 0.667
ONLINE-A	F-score: 0.409
ONLINE-A	F-score: 0.564
ONLINE-A	F-score: 0.299
ONLINE-A	F-score: 0.414
ONLINE-A	F-score: 0.769
ONLINE-A	F-score: 0.526
ONLINE-A	F-score: 0.393
ONLINE-A	F-score: 0.875
ONLINE-A	F-score: 0.667
ONLINE-A	F-score: 0.776
ONLINE-A	F-score: 0.667
ONLINE-A	F-score: 0.548
ONLINE-A	F-score: 0.769
ONLINE-A	F-score: 0.944
ONLINE-A	F-score: 0.541
ONLINE-A	F-score: 0.774
ONLINE-A	F-score: 0.824
ONLINE-A	F-score: 0.536
ONLINE-A	F-score: 0.386
ONLINE-A	F-score: 0.421
ONLINE-A	F-score: 0.308
ONLINE-A	F-score: 0.279
ONLINE-A	F-score: 0.364
ONLINE-A	F-score: 0.576
ONLINE-A	F-score: 0.516
ONLINE-A	F-score: 0.550
ONLINE-A	F-score: 0.390
ONLINE-A	F-score: 0.290
ONLINE-A	F-score: 0.375
ONLINE-A	F-score: 0.317
ONLINE-A	F-score: 0.346
ONLINE-A	F-score: 0.336
ONLINE-A	F-score: 0.515
ONLINE-A	F-score: 0.507
ONLINE-A	F-score: 0.364
ONLINE-A	F-score: 0.582
ONLINE-A	F-score: 0.250
ONLINE-A	F-score: 0.356
ONLINE-A	F-score: 0.391
ONLINE-A	F-score: 0.231
ONLINE-A	F-score: 0.483
ONLINE-A	F-score: 0.349
ONLINE-A	F-score: 0.500
ONLINE-A	F-score: 0.596
ONLINE-A	F-score: 0.566
ONLINE-A	F-score: 0.636
ONLINE-A	F-score: 0.585
ONLINE-A	F-score: 0.553
ONLINE-A	F-score: 0.690
ONLINE-A	F-score: 0.541
ONLINE-A	F-score: 0.656
ONLINE-A	F-score: 0.833
ONLINE-A	F-score: 0.769
ONLINE-A	F-score: 0.340
ONLINE-A	F-score: 0.645
ONLINE-A	F-score: 0.500
ONLINE-A	F-score: 0.651
ONLINE-A	F-score: 0.754
ONLINE-A	F-score: 0.557
ONLINE-A	F-score: 0.667
ONLINE-A	F-score: 0.833
ONLINE-A	F-score: 0.682
ONLINE-A	F-score: 0.710
ONLINE-A	F-score: 0.600
ONLINE-A	F-score: 0.769
ONLINE-A	F-score: 0.541
ONLINE-A	F-score: 0.727
ONLINE-A	F-score: 0.475
ONLINE-A	F-score: 0.759
ONLINE-A	F-score: 0.510
ONLINE-A	F-score: 0.724
ONLINE-A	F-score: 0.623
ONLINE-A	F-score: 0.720
ONLINE-A	F-score: 0.400
ONLINE-A	F-score: 0.200
ONLINE-A	F-score: 0.781
ONLINE-A	F-score: 0.281
ONLINE-A	F-score: 1.000
ONLINE-A	F-score: 0.431
ONLINE-A	F-score: 0.638
ONLINE-A	F-score: 0.563
ONLINE-A	F-score: 0.509
ONLINE-A	F-score: 0.711
ONLINE-A	F-score: 0.382
ONLINE-A	F-score: 0.494
ONLINE-A	F-score: 0.400
ONLINE-A	F-score: 0.263
ONLINE-A	F-score: 0.589
ONLINE-A	F-score: 0.848
ONLINE-A	F-score: 0.609
ONLINE-A	F-score: 1.000
ONLINE-A	F-score: 0.323
ONLINE-A	F-score: 0.729
ONLINE-A	F-score: 0.571
ONLINE-A	F-score: 0.286
ONLINE-A	F-score: 0.471
ONLINE-A	F-score: 0.326
ONLINE-A	F-score: 0.667
ONLINE-A	F-score: 0.609
ONLINE-A	F-score: 0.542
ONLINE-A	F-score: 0.163
ONLINE-A	F-score: 1.000
ONLINE-A	F-score: 0.480
ONLINE-A	F-score: 0.541
ONLINE-A	F-score: 0.167
ONLINE-A	F-score: 0.351
ONLINE-A	F-score: 0.523
ONLINE-A	F-score: 1.000
ONLINE-A	F-score: 0.444
ONLINE-A	F-score: 0.321
ONLINE-A	F-score: 0.333
ONLINE-A	F-score: 0.667
ONLINE-A	F-score: 0.818
ONLINE-A	F-score: 0.316
ONLINE-A	F-score: 0.531
ONLINE-A	F-score: 0.182
ONLINE-A	F-score: 0.455
ONLINE-A	F-score: 0.111
ONLINE-A	F-score: 0.286
ONLINE-A	F-score: 0.562
ONLINE-A	F-score: 0.464
ONLINE-A	F-score: 0.480
ONLINE-A	F-score: 0.667
ONLINE-A	F-score: 1.000
ONLINE-A	F-score: 0.538
ONLINE-A	F-score: 1.000
ONLINE-A	F-score: 0.452
ONLINE-A	F-score: 0.667
ONLINE-A	F-score: 0.667
ONLINE-A	F-score: 0.435
ONLINE-A	F-score: 0.385
ONLINE-A	F-score: 0.467
ONLINE-A	F-score: 0.400
ONLINE-A	F-score: 0.700
ONLINE-A	F-score: 0.588
ONLINE-A	F-score: 1.000
ONLINE-A	F-score: 0.304
ONLINE-A	F-score: 0.667
ONLINE-A	F-score: 0.545
ONLINE-A	F-score: 1.000
ONLINE-A	F-score: 1.000
ONLINE-A	F-score: 0.459
ONLINE-A	F-score: 0.436
ONLINE-A	F-score: 0.640
ONLINE-A	F-score: 0.394
ONLINE-A	F-score: 0.591
ONLINE-A	F-score: 0.593
ONLINE-A	F-score: 1.000
ONLINE-A	F-score: 1.000
ONLINE-A	F-score: 0.909
ONLINE-A	F-score: 0.367
ONLINE-A	F-score: 0.635
ONLINE-A	F-score: 0.625
ONLINE-A	F-score: 0.167
ONLINE-A	F-score: 0.414
ONLINE-A	F-score: 0.154
ONLINE-A	F-score: 0.700
ONLINE-A	F-score: 0.500
ONLINE-A	F-score: 0.625
ONLINE-A	F-score: 0.341
ONLINE-A	F-score: 0.390
ONLINE-A	F-score: 0.557
ONLINE-A	F-score: 0.667
ONLINE-A	F-score: 0.409
ONLINE-A	F-score: 0.508
ONLINE-A	F-score: 0.603
ONLINE-A	F-score: 0.565
ONLINE-A	F-score: 0.462
ONLINE-A	F-score: 0.476
ONLINE-A	F-score: 0.686
ONLINE-A	F-score: 0.714
ONLINE-A	F-score: 0.571
ONLINE-A	F-score: 0.410
ONLINE-A	F-score: 0.640
ONLINE-A	F-score: 0.375
ONLINE-A	F-score: 0.377
ONLINE-A	F-score: 0.571
ONLINE-A	F-score: 0.412
ONLINE-A	F-score: 0.537
ONLINE-A	F-score: 0.525
ONLINE-A	F-score: 0.500
ONLINE-A	F-score: 0.839
ONLINE-A	F-score: 0.663
ONLINE-A	F-score: 0.602
ONLINE-A	F-score: 0.721
ONLINE-A	F-score: 0.640
ONLINE-A	F-score: 0.766
ONLINE-A	F-score: 0.891
ONLINE-A	F-score: 0.650
ONLINE-A	F-score: 0.561
ONLINE-A	F-score: 0.564
ONLINE-A	F-score: 0.619
ONLINE-A	F-score: 0.579
ONLINE-A	F-score: 0.733
ONLINE-A	F-score: 0.667
ONLINE-A	F-score: 0.706
ONLINE-A	F-score: 0.553
ONLINE-A	F-score: 0.664
ONLINE-A	F-score: 0.448
ONLINE-A	F-score: 0.779
ONLINE-A	F-score: 0.796
ONLINE-A	F-score: 0.706
ONLINE-A	F-score: 0.765
ONLINE-A	F-score: 0.556
ONLINE-A	F-score: 0.622
ONLINE-A	F-score: 0.575
ONLINE-A	F-score: 0.732
ONLINE-A	F-score: 0.545
ONLINE-A	F-score: 0.414
ONLINE-A	F-score: 0.402
ONLINE-A	F-score: 0.564
ONLINE-A	F-score: 0.685
ONLINE-A	F-score: 0.615
ONLINE-A	F-score: 0.523
ONLINE-A	F-score: 1.095
ONLINE-A	F-score: 0.450
ONLINE-A	F-score: 0.538
ONLINE-A	F-score: 0.710
ONLINE-A	F-score: 0.637
ONLINE-A	F-score: 0.694
ONLINE-A	F-score: 0.644
ONLINE-A	F-score: 0.475
ONLINE-A	F-score: 0.695
ONLINE-A	F-score: 0.394
ONLINE-A	F-score: 0.313
ONLINE-A	F-score: 0.349
ONLINE-A	F-score: 0.330
ONLINE-A	F-score: 0.298
ONLINE-A	F-score: 0.479
ONLINE-A	F-score: 0.276
ONLINE-A	F-score: 0.250
ONLINE-A	F-score: 0.364
ONLINE-A	F-score: 0.286
ONLINE-A	F-score: 0.379
ONLINE-A	F-score: 0.358
ONLINE-A	F-score: 0.311
ONLINE-A	F-score: 0.426
ONLINE-A	F-score: 0.307
ONLINE-A	F-score: 0.500
ONLINE-A	F-score: 0.700
ONLINE-A	F-score: 0.556
ONLINE-A	F-score: 0.571
ONLINE-A	F-score: 0.694
ONLINE-A	F-score: 0.760
ONLINE-A	F-score: 0.518
ONLINE-A	F-score: 0.565
ONLINE-A	F-score: 0.687
ONLINE-A	F-score: 0.630
ONLINE-A	F-score: 0.720
ONLINE-A	F-score: 0.250
ONLINE-A	F-score: 0.474
ONLINE-A	F-score: 0.500
ONLINE-A	F-score: 0.314
ONLINE-A	F-score: 0.372
ONLINE-A	F-score: 0.526
ONLINE-A	F-score: 0.325
ONLINE-A	F-score: 0.457
ONLINE-A	F-score: 0.522
ONLINE-A	F-score: 0.612
ONLINE-A	F-score: 0.571
ONLINE-A	F-score: 0.459
ONLINE-A	F-score: 0.839
ONLINE-A	F-score: 0.655
ONLINE-A	F-score: 0.548
ONLINE-A	F-score: 0.538
ONLINE-A	F-score: 0.485
ONLINE-A	F-score: 0.388
ONLINE-A	F-score: 0.667
ONLINE-A	F-score: 0.541
ONLINE-A	F-score: 0.542
ONLINE-A	F-score: 0.690
ONLINE-A	F-score: 0.364
ONLINE-A	F-score: 0.792
ONLINE-A	F-score: 0.725
ONLINE-A	F-score: 0.582
ONLINE-A	F-score: 0.636
ONLINE-A	F-score: 0.653
ONLINE-A	F-score: 0.689
ONLINE-A	F-score: 0.467
ONLINE-A	F-score: 0.432
ONLINE-A	F-score: 0.364
ONLINE-A	F-score: 0.375
ONLINE-A	F-score: 0.312
ONLINE-A	F-score: 0.390
ONLINE-A	F-score: 0.263
ONLINE-A	F-score: 0.494
ONLINE-A	F-score: 0.395
ONLINE-A	F-score: 0.450
ONLINE-A	F-score: 0.500
ONLINE-A	F-score: 0.559
ONLINE-A	F-score: 0.500
ONLINE-A	F-score: 0.766
ONLINE-A	F-score: 0.638
ONLINE-A	F-score: 0.459
ONLINE-A	F-score: 0.821
ONLINE-A	F-score: 0.557
ONLINE-A	F-score: 0.682
ONLINE-A	F-score: 0.750
ONLINE-A	F-score: 0.386
ONLINE-A	F-score: 0.343
ONLINE-A	F-score: 0.370
ONLINE-A	F-score: 0.447
ONLINE-A	F-score: 0.318
ONLINE-A	F-score: 0.634
ONLINE-A	F-score: 0.356
ONLINE-A	F-score: 0.552
ONLINE-A	F-score: 0.360
ONLINE-A	F-score: 0.387
ONLINE-A	F-score: 0.434
ONLINE-A	F-score: 0.483
ONLINE-A	F-score: 0.488
ONLINE-A	F-score: 0.667
ONLINE-A	F-score: 0.708
ONLINE-A	F-score: 0.963
ONLINE-A	F-score: 0.783
ONLINE-A	F-score: 0.784
ONLINE-A	F-score: 0.723
ONLINE-A	F-score: 0.562
ONLINE-A	F-score: 0.842
ONLINE-A	F-score: 0.841
ONLINE-A	F-score: 0.595
ONLINE-A	F-score: 0.500
ONLINE-A	F-score: 0.495
ONLINE-A	F-score: 0.337
ONLINE-A	F-score: 0.419
ONLINE-A	F-score: 0.439
ONLINE-A	F-score: 0.481
ONLINE-A	F-score: 0.439
ONLINE-A	F-score: 0.182
ONLINE-A	F-score: 0.552
ONLINE-A	F-score: 0.787
ONLINE-A	F-score: 0.565
ONLINE-A	F-score: 0.676
ONLINE-A	F-score: 0.840
ONLINE-A	F-score: 0.825
ONLINE-A	F-score: 0.646
ONLINE-A	F-score: 0.505
ONLINE-A	F-score: 0.632
ONLINE-A	F-score: 0.745
ONLINE-A	F-score: 0.516
ONLINE-A	F-score: 0.500
ONLINE-A	F-score: 0.423
ONLINE-A	F-score: 0.406
ONLINE-A	F-score: 0.567
ONLINE-A	F-score: 0.360
ONLINE-A	F-score: 0.389
ONLINE-A	F-score: 0.346
ONLINE-A	F-score: 0.465
ONLINE-A	F-score: 0.500
ONLINE-A	F-score: 0.286
ONLINE-A	F-score: 0.462
ONLINE-A	F-score: 0.600
ONLINE-A	F-score: 0.615
ONLINE-A	F-score: 0.596
ONLINE-A	F-score: 0.512
ONLINE-A	F-score: 0.703
ONLINE-A	F-score: 0.674
ONLINE-A	F-score: 0.681
ONLINE-A	F-score: 0.581
ONLINE-A	F-score: 0.400
ONLINE-A	F-score: 0.692
ONLINE-A	F-score: 0.476
ONLINE-A	F-score: 0.828
ONLINE-A	F-score: 0.541
ONLINE-A	F-score: 0.839
ONLINE-A	F-score: 0.489
ONLINE-A	F-score: 0.705
ONLINE-A	F-score: 0.471
ONLINE-A	F-score: 0.661
ONLINE-A	F-score: 0.338
ONLINE-A	F-score: 0.408
ONLINE-A	F-score: 0.340
ONLINE-A	F-score: 0.211
ONLINE-A	F-score: 0.331
ONLINE-A	F-score: 0.333
ONLINE-A	F-score: 0.429
ONLINE-A	F-score: 0.286
ONLINE-A	F-score: 0.383
ONLINE-A	F-score: 0.211
ONLINE-A	F-score: 0.440
ONLINE-A	F-score: 0.250
ONLINE-A	F-score: 0.538
ONLINE-A	F-score: 0.562
ONLINE-A	F-score: 0.603
ONLINE-A	F-score: 0.706
ONLINE-A	F-score: 0.506
ONLINE-A	F-score: 0.684
ONLINE-A	F-score: 0.696
ONLINE-A	F-score: 1.000
ONLINE-A	F-score: 0.446
ONLINE-A	F-score: 0.506
ONLINE-A	F-score: 0.551
ONLINE-A	F-score: 0.375
ONLINE-A	F-score: 0.542
ONLINE-A	F-score: 0.556
ONLINE-A	F-score: 1.000
ONLINE-A	F-score: 0.568
ONLINE-A	F-score: 0.476
ONLINE-A	F-score: 0.365
ONLINE-A	F-score: 0.686
ONLINE-A	F-score: 0.622
ONLINE-A	F-score: 0.481
ONLINE-A	F-score: 0.533
ONLINE-A	F-score: 0.586
ONLINE-A	F-score: 0.507
ONLINE-A	F-score: 0.400
ONLINE-A	F-score: 0.500
ONLINE-A	F-score: 0.533
ONLINE-A	F-score: 0.698
ONLINE-A	F-score: 0.873
ONLINE-A	F-score: 0.606
ONLINE-A	F-score: 0.563
ONLINE-A	F-score: 0.790
ONLINE-A	F-score: 0.575
ONLINE-A	F-score: 0.505
ONLINE-A	F-score: 0.674
ONLINE-A	F-score: 0.602
ONLINE-A	F-score: 0.579
ONLINE-A	F-score: 0.808
ONLINE-A	F-score: 0.846
ONLINE-A	F-score: 0.644
ONLINE-A	F-score: 0.581
ONLINE-A	F-score: 0.833
ONLINE-A	F-score: 0.571
ONLINE-A	F-score: 0.732
ONLINE-A	F-score: 0.800
ONLINE-A	F-score: 0.701
ONLINE-A	F-score: 0.871
ONLINE-A	F-score: 0.647
ONLINE-A	F-score: 0.682
ONLINE-A	F-score: 0.811
ONLINE-A	F-score: 0.725
ONLINE-A	F-score: 0.552
ONLINE-A	F-score: 0.732
ONLINE-A	F-score: 0.491
ONLINE-A	F-score: 0.640
ONLINE-A	F-score: 0.439
ONLINE-A	F-score: 0.807
ONLINE-A	F-score: 0.737
ONLINE-A	F-score: 0.846
ONLINE-A	F-score: 0.662
ONLINE-A	F-score: 0.683
ONLINE-A	F-score: 0.421
ONLINE-A	F-score: 0.474
ONLINE-A	F-score: 0.539
ONLINE-A	F-score: 0.857
ONLINE-A	F-score: 0.498
ONLINE-A	F-score: 0.524
ONLINE-A	F-score: 0.667
ONLINE-A	F-score: 0.691
ONLINE-A	F-score: 0.750
ONLINE-A	F-score: 0.514
ONLINE-A	F-score: 0.655
ONLINE-A	F-score: 0.423
ONLINE-A	F-score: 0.586
ONLINE-A	F-score: 0.662
ONLINE-A	F-score: 0.613
ONLINE-A	F-score: 0.827
ONLINE-A	F-score: 0.576
ONLINE-A	F-score: 0.258
ONLINE-A	F-score: 0.643
ONLINE-A	F-score: 0.833
ONLINE-A	F-score: 0.787
ONLINE-A	F-score: 0.778
ONLINE-A	F-score: 0.589
ONLINE-A	F-score: 0.707
ONLINE-A	F-score: 0.817
ONLINE-A	F-score: 0.805
ONLINE-A	F-score: 0.788
ONLINE-A	F-score: 0.741
ONLINE-A	F-score: 0.837
ONLINE-A	F-score: 0.974
ONLINE-A	F-score: 0.634
ONLINE-A	F-score: 0.585
ONLINE-A	F-score: 1.000
ONLINE-A	F-score: 0.975
ONLINE-A	F-score: 0.864
ONLINE-A	F-score: 0.286
ONLINE-A	F-score: 0.819
ONLINE-A	F-score: 0.625
ONLINE-A	F-score: 0.514
ONLINE-A	F-score: 0.779
ONLINE-A	F-score: 0.824
ONLINE-A	F-score: 0.636
ONLINE-A	F-score: 0.838
ONLINE-A	F-score: 0.750
ONLINE-A	F-score: 0.712
ONLINE-A	F-score: 0.750
ONLINE-A	F-score: 0.622
ONLINE-A	F-score: 0.588
ONLINE-A	F-score: 0.795
ONLINE-A	F-score: 0.627
ONLINE-A	F-score: 0.652
ONLINE-A	F-score: 0.692
ONLINE-A	F-score: 0.645
ONLINE-A	F-score: 0.788
ONLINE-A	F-score: 0.679
ONLINE-A	F-score: 0.767
ONLINE-A	F-score: 0.757
ONLINE-A	F-score: 0.850
ONLINE-A	F-score: 0.800
ONLINE-A	F-score: 0.519
ONLINE-A	F-score: 0.780
ONLINE-A	F-score: 0.525
ONLINE-A	F-score: 0.889
ONLINE-A	F-score: 0.808
ONLINE-A	F-score: 0.850
ONLINE-A	F-score: 0.476
ONLINE-A	F-score: 0.562
ONLINE-A	F-score: 0.613
ONLINE-A	F-score: 0.868
ONLINE-A	F-score: 0.730
ONLINE-A	F-score: 0.950
ONLINE-A	F-score: 0.778
ONLINE-A	F-score: 0.867
ONLINE-A	F-score: 1.000
ONLINE-A	F-score: 0.692
ONLINE-A	F-score: 0.850
ONLINE-A	F-score: 0.600
ONLINE-A	F-score: 0.606
ONLINE-A	F-score: 0.710
ONLINE-A	F-score: 0.644
ONLINE-A	F-score: 0.638
ONLINE-A	F-score: 0.610
ONLINE-A	F-score: 0.518
ONLINE-A	F-score: 0.762
ONLINE-A	F-score: 0.850
ONLINE-A	F-score: 1.000
ONLINE-A	F-score: 0.747
ONLINE-A	F-score: 0.750
ONLINE-A	F-score: 0.639
ONLINE-A	F-score: 0.839
ONLINE-A	F-score: 0.545
ONLINE-A	F-score: 0.850
ONLINE-A	F-score: 1.000
ONLINE-A	F-score: 0.808
ONLINE-A	F-score: 0.676
ONLINE-A	F-score: 0.415
ONLINE-A	F-score: 0.881
ONLINE-A	F-score: 0.852
ONLINE-A	F-score: 0.773
ONLINE-A	F-score: 0.794
ONLINE-A	F-score: 0.850
ONLINE-A	F-score: 1.000
ONLINE-A	F-score: 0.588
ONLINE-A	F-score: 0.697
ONLINE-A	F-score: 0.585
ONLINE-A	F-score: 0.684
ONLINE-A	F-score: 0.875
ONLINE-A	F-score: 0.537
ONLINE-A	F-score: 0.850
ONLINE-A	F-score: 0.645
ONLINE-A	F-score: 0.727
ONLINE-A	F-score: 0.893
ONLINE-A	F-score: 0.545
ONLINE-A	F-score: 1.000
ONLINE-A	F-score: 0.682
ONLINE-A	F-score: 0.640
ONLINE-A	F-score: 0.819
ONLINE-A	F-score: 0.762
ONLINE-A	F-score: 0.691
ONLINE-A	F-score: 0.737
ONLINE-A	F-score: 0.633
ONLINE-A	F-score: 0.607
ONLINE-A	F-score: 0.881
ONLINE-A	F-score: 0.542
ONLINE-A	F-score: 0.779
ONLINE-A	F-score: 0.721
ONLINE-A	F-score: 0.636
ONLINE-A	F-score: 0.819
ONLINE-A	F-score: 0.444
ONLINE-A	F-score: 0.543
ONLINE-A	F-score: 0.655
ONLINE-A	F-score: 0.697
ONLINE-A	F-score: 0.700
ONLINE-A	F-score: 0.539
ONLINE-A	F-score: 0.333
ONLINE-A	F-score: 0.960
ONLINE-A	F-score: 0.825
ONLINE-A	F-score: 0.892
ONLINE-A	F-score: 0.814
ONLINE-A	F-score: 0.648
ONLINE-A	F-score: 0.681
ONLINE-A	F-score: 0.581
ONLINE-A	F-score: 0.529
ONLINE-A	F-score: 0.584
ONLINE-A	F-score: 0.800
ONLINE-A	F-score: 0.430
ONLINE-A	F-score: 0.833
ONLINE-A	F-score: 0.746
ONLINE-A	F-score: 0.680
ONLINE-A	F-score: 0.559
ONLINE-A	F-score: 0.663
ONLINE-A	F-score: 0.640
ONLINE-A	F-score: 0.633
ONLINE-A	F-score: 0.603
ONLINE-A	F-score: 0.534
ONLINE-A	F-score: 0.811
ONLINE-A	F-score: 0.675
ONLINE-A	F-score: 0.798
ONLINE-A	F-score: 0.650
ONLINE-A	F-score: 0.383
ONLINE-A	F-score: 0.554
ONLINE-A	F-score: 0.639
ONLINE-A	F-score: 0.673
ONLINE-A	F-score: 0.545
ONLINE-A	F-score: 0.653
ONLINE-A	F-score: 0.500
ONLINE-A	F-score: 0.514
ONLINE-A	F-score: 0.683
ONLINE-A	F-score: 0.638
ONLINE-A	F-score: 0.596
ONLINE-A	F-score: 0.658
ONLINE-A	F-score: 0.706
ONLINE-A	F-score: 0.521
ONLINE-A	F-score: 0.586
ONLINE-A	F-score: 0.410
ONLINE-A	F-score: 0.514
ONLINE-A	F-score: 0.667
ONLINE-A	F-score: 0.775
ONLINE-A	F-score: 0.143
ONLINE-A	F-score: 0.442
ONLINE-A	F-score: 0.531
ONLINE-A	F-score: 0.650
ONLINE-A	F-score: 0.650
ONLINE-A	F-score: 0.644
ONLINE-A	F-score: 0.596
ONLINE-A	F-score: 0.661
ONLINE-A	F-score: 0.606
ONLINE-A	F-score: 0.566
ONLINE-A	F-score: 0.857
ONLINE-A	F-score: 0.661
ONLINE-A	F-score: 0.470
ONLINE-A	F-score: 0.800
ONLINE-A	F-score: 0.762
ONLINE-A	F-score: 0.732
ONLINE-A	F-score: 0.731
ONLINE-A	F-score: 0.811
ONLINE-A	F-score: 0.639
ONLINE-A	F-score: 0.848
ONLINE-A	F-score: 0.596
ONLINE-A	F-score: 0.693
ONLINE-A	F-score: 0.819
ONLINE-A	F-score: 0.829
ONLINE-A	F-score: 0.646
ONLINE-A	F-score: 0.784
ONLINE-A	F-score: 0.895
ONLINE-A	F-score: 0.573
ONLINE-A	F-score: 0.554
ONLINE-A	F-score: 0.538
ONLINE-A	F-score: 0.962
ONLINE-A	F-score: 0.625
ONLINE-A	F-score: 0.667
ONLINE-A	F-score: 0.674
ONLINE-A	F-score: 0.747
ONLINE-A	F-score: 0.949
ONLINE-A	F-score: 0.567
ONLINE-A	F-score: 0.686
ONLINE-A	F-score: 0.702
ONLINE-A	F-score: 0.525
ONLINE-A	F-score: 0.524
ONLINE-A	F-score: 0.514
ONLINE-A	F-score: 0.562
ONLINE-A	F-score: 0.713
ONLINE-A	F-score: 0.655
ONLINE-A	F-score: 0.713
ONLINE-A	F-score: 0.698
ONLINE-A	F-score: 0.617
ONLINE-A	F-score: 0.448
ONLINE-A	F-score: 0.722
ONLINE-A	F-score: 0.548
ONLINE-A	F-score: 0.667
ONLINE-A	F-score: 0.476
ONLINE-A	F-score: 0.500
ONLINE-A	F-score: 0.606
ONLINE-A	F-score: 0.561
ONLINE-A	F-score: 0.735
ONLINE-A	F-score: 0.782
ONLINE-A	F-score: 0.656
ONLINE-A	F-score: 0.657
ONLINE-A	F-score: 0.593
ONLINE-A	F-score: 0.603
ONLINE-A	F-score: 0.721
ONLINE-A	F-score: 0.709
ONLINE-A	F-score: 0.500
ONLINE-A	F-score: 0.831
ONLINE-A	F-score: 0.885
ONLINE-A	F-score: 0.610
ONLINE-A	F-score: 0.735
ONLINE-A	F-score: 0.722
ONLINE-A	F-score: 0.638
ONLINE-A	F-score: 0.667
ONLINE-A	F-score: 0.851
ONLINE-A	F-score: 0.592
ONLINE-A	F-score: 0.563
ONLINE-A	F-score: 0.395
ONLINE-A	F-score: 0.583
ONLINE-A	F-score: 0.558
ONLINE-A	F-score: 0.519
ONLINE-A	F-score: 0.595
ONLINE-A	F-score: 0.565
ONLINE-A	F-score: 0.729
ONLINE-A	F-score: 0.741
ONLINE-A	F-score: 0.727
ONLINE-A	F-score: 0.688
ONLINE-A	F-score: 0.516
ONLINE-A	F-score: 0.736
ONLINE-A	F-score: 0.658
ONLINE-A	F-score: 0.434
ONLINE-A	F-score: 0.444
ONLINE-A	F-score: 0.667
ONLINE-A	F-score: 0.414
ONLINE-A	F-score: 0.643
ONLINE-A	F-score: 0.718
ONLINE-A	F-score: 0.690
ONLINE-A	F-score: 0.645
ONLINE-A	F-score: 0.608
ONLINE-A	F-score: 0.579
ONLINE-A	F-score: 0.706
ONLINE-A	F-score: 0.417
ONLINE-A	F-score: 0.687
ONLINE-A	F-score: 0.577
ONLINE-A	F-score: 0.620
ONLINE-A	F-score: 0.909
ONLINE-A	F-score: 0.556
ONLINE-A	F-score: 0.678
ONLINE-A	F-score: 0.565
ONLINE-A	F-score: 0.500
ONLINE-A	F-score: 0.698
ONLINE-A	F-score: 0.607
ONLINE-A	F-score: 0.648
ONLINE-A	F-score: 0.423
ONLINE-A	F-score: 0.583
ONLINE-A	F-score: 0.982
ONLINE-A	F-score: 0.649
ONLINE-A	F-score: 0.786
ONLINE-A	F-score: 0.655
ONLINE-A	F-score: 0.830
ONLINE-A	F-score: 0.866
ONLINE-A	F-score: 0.860
ONLINE-A	F-score: 0.871
ONLINE-A	F-score: 0.739
ONLINE-A	F-score: 0.813
ONLINE-A	F-score: 0.618
ONLINE-A	F-score: 0.926
ONLINE-A	F-score: 0.800
ONLINE-A	F-score: 0.633
ONLINE-A	F-score: 0.727
ONLINE-A	F-score: 0.734
ONLINE-A	F-score: 0.583
ONLINE-A	F-score: 0.862
ONLINE-A	F-score: 0.735
ONLINE-A	F-score: 0.795
ONLINE-A	F-score: 0.570
ONLINE-A	F-score: 0.914
ONLINE-A	F-score: 0.543
ONLINE-A	F-score: 0.835
ONLINE-A	F-score: 0.393
ONLINE-A	F-score: 0.682
ONLINE-A	F-score: 0.630
ONLINE-A	F-score: 0.653
ONLINE-A	F-score: 0.782
ONLINE-A	F-score: 0.682
ONLINE-A	F-score: 0.958
ONLINE-A	F-score: 0.800
ONLINE-A	F-score: 0.835
ONLINE-A	F-score: 0.824
ONLINE-A	F-score: 0.646
ONLINE-A	F-score: 0.884
ONLINE-A	F-score: 0.773
ONLINE-A	F-score: 0.286
ONLINE-A	F-score: 0.700
ONLINE-A	F-score: 0.606
ONLINE-A	F-score: 0.757
ONLINE-A	F-score: 0.618
ONLINE-A	F-score: 0.591
ONLINE-A	F-score: 0.667
ONLINE-A	F-score: 0.792
ONLINE-A	F-score: 0.635
ONLINE-A	F-score: 0.653
ONLINE-A	F-score: 0.667
ONLINE-A	F-score: 0.828
ONLINE-A	F-score: 0.477
ONLINE-A	F-score: 0.763
ONLINE-A	F-score: 0.574
ONLINE-A	F-score: 0.594
ONLINE-A	F-score: 0.685
ONLINE-A	F-score: 0.491
ONLINE-A	F-score: 0.913
ONLINE-A	F-score: 0.606
ONLINE-A	F-score: 0.846
ONLINE-A	F-score: 0.500
ONLINE-A	F-score: 0.684
ONLINE-A	F-score: 0.971
ONLINE-A	F-score: 0.938
ONLINE-A	F-score: 0.889
ONLINE-A	F-score: 0.615
ONLINE-A	F-score: 0.716
ONLINE-A	F-score: 0.450
ONLINE-A	F-score: 0.679
ONLINE-A	F-score: 0.600
ONLINE-A	F-score: 0.809
ONLINE-A	F-score: 0.656
ONLINE-A	F-score: 0.914
ONLINE-A	F-score: 0.222
ONLINE-A	F-score: 0.809
ONLINE-A	F-score: 0.776
ONLINE-A	F-score: 0.791
ONLINE-A	F-score: 0.718
ONLINE-A	F-score: 0.745
ONLINE-A	F-score: 0.845
ONLINE-A	F-score: 0.610
ONLINE-A	F-score: 0.821
ONLINE-A	F-score: 0.586
ONLINE-A	F-score: 0.688
ONLINE-A	F-score: 0.861
ONLINE-A	F-score: 0.739
ONLINE-A	F-score: 0.500
ONLINE-A	F-score: 0.736
ONLINE-A	F-score: 0.948
ONLINE-A	F-score: 0.909
ONLINE-A	F-score: 0.667
ONLINE-A	F-score: 0.952
ONLINE-A	F-score: 0.909
ONLINE-A	F-score: 0.596
ONLINE-A	F-score: 0.613
ONLINE-A	F-score: 0.375
ONLINE-A	F-score: 0.878
ONLINE-A	F-score: 0.571
ONLINE-A	F-score: 0.778
ONLINE-A	F-score: 0.516
ONLINE-A	F-score: 0.625
ONLINE-A	F-score: 0.786
ONLINE-A	F-score: 0.793
ONLINE-A	F-score: 1.000
ONLINE-A	F-score: 0.837
ONLINE-A	F-score: 0.909
ONLINE-A	F-score: 0.703
ONLINE-A	F-score: 0.812
ONLINE-A	F-score: 0.702
ONLINE-A	F-score: 0.500
ONLINE-A	F-score: 0.647
ONLINE-A	F-score: 1.000
ONLINE-A	F-score: 0.854
ONLINE-A	F-score: 0.853
ONLINE-A	F-score: 0.873
ONLINE-A	F-score: 0.829
ONLINE-A	F-score: 0.824
ONLINE-A	F-score: 0.918
ONLINE-A	F-score: 0.863
ONLINE-A	F-score: 0.659
ONLINE-A	F-score: 0.807
ONLINE-A	F-score: 0.884
ONLINE-A	F-score: 0.674
ONLINE-A	F-score: 0.737
ONLINE-A	F-score: 0.429
ONLINE-A	F-score: 0.561
ONLINE-A	F-score: 0.600
ONLINE-A	F-score: 0.818
ONLINE-A	F-score: 0.786
ONLINE-A	F-score: 0.440
ONLINE-A	F-score: 0.777
ONLINE-A	F-score: 0.696
ONLINE-A	F-score: 0.869
ONLINE-A	F-score: 0.659
ONLINE-A	F-score: 0.492
ONLINE-A	F-score: 0.627
ONLINE-A	F-score: 0.677
ONLINE-A	F-score: 0.541
ONLINE-A	F-score: 0.873
ONLINE-A	F-score: 0.677
ONLINE-A	F-score: 0.521
ONLINE-A	F-score: 0.807
ONLINE-A	F-score: 0.519
ONLINE-A	F-score: 0.763
ONLINE-A	F-score: 0.841
ONLINE-A	F-score: 0.494
ONLINE-A	F-score: 0.875
ONLINE-A	F-score: 0.846
ONLINE-A	F-score: 0.604
ONLINE-A	F-score: 0.483
ONLINE-A	F-score: 0.500
ONLINE-A	F-score: 0.719
ONLINE-A	F-score: 0.782
ONLINE-A	F-score: 0.737
ONLINE-A	F-score: 0.729
ONLINE-A	F-score: 0.627
ONLINE-A	F-score: 0.729
ONLINE-A	F-score: 0.644
ONLINE-A	F-score: 0.733
ONLINE-A	F-score: 0.731
ONLINE-A	F-score: 0.817
ONLINE-A	F-score: 0.667
ONLINE-A	F-score: 0.736
ONLINE-A	F-score: 0.757
ONLINE-A	F-score: 0.697
ONLINE-A	F-score: 0.705
ONLINE-A	F-score: 0.904
ONLINE-A	F-score: 0.756
ONLINE-A	F-score: 1.000
ONLINE-A	F-score: 1.000
ONLINE-A	F-score: 0.816
ONLINE-A	F-score: 0.854
ONLINE-A	F-score: 0.709
ONLINE-A	F-score: 0.739
ONLINE-A	F-score: 0.667
ONLINE-A	F-score: 0.901
ONLINE-A	F-score: 0.900
ONLINE-A	F-score: 0.714
ONLINE-A	F-score: 0.963
ONLINE-A	F-score: 0.632
ONLINE-A	F-score: 0.614
ONLINE-A	F-score: 0.599
ONLINE-A	F-score: 0.925
ONLINE-A	F-score: 0.632
ONLINE-A	F-score: 0.860
ONLINE-A	F-score: 0.641
ONLINE-A	F-score: 0.895
ONLINE-A	F-score: 0.671
ONLINE-A	F-score: 0.618
ONLINE-A	F-score: 1.000
ONLINE-A	F-score: 0.571
ONLINE-A	F-score: 0.333
ONLINE-A	F-score: 0.785
ONLINE-A	F-score: 0.667
ONLINE-A	F-score: 0.711
ONLINE-A	F-score: 0.791
ONLINE-A	F-score: 0.864
ONLINE-A	F-score: 0.950
ONLINE-A	F-score: 0.589
ONLINE-A	F-score: 0.806
ONLINE-A	F-score: 0.635
ONLINE-A	F-score: 0.585
ONLINE-A	F-score: 0.602
ONLINE-A	F-score: 0.571
ONLINE-A	F-score: 0.764
ONLINE-A	F-score: 0.769
ONLINE-A	F-score: 0.585
ONLINE-A	F-score: 0.831
ONLINE-A	F-score: 0.557
ONLINE-A	F-score: 0.704
ONLINE-A	F-score: 0.833
ONLINE-A	F-score: 0.679
ONLINE-A	F-score: 0.732
ONLINE-A	F-score: 0.449
ONLINE-A	F-score: 0.612
ONLINE-A	F-score: 0.564
ONLINE-A	F-score: 0.590
ONLINE-A	F-score: 0.615
ONLINE-A	F-score: 0.605
ONLINE-A	F-score: 0.533
ONLINE-A	F-score: 1.000
ONLINE-A	F-score: 0.426
ONLINE-A	F-score: 0.880
ONLINE-A	F-score: 0.417
ONLINE-A	F-score: 0.574
ONLINE-A	F-score: 0.558
ONLINE-A	F-score: 0.570
ONLINE-A	F-score: 1.000
ONLINE-A	F-score: 0.667
ONLINE-A	F-score: 0.452
ONLINE-A	F-score: 0.615
ONLINE-A	F-score: 0.340
ONLINE-A	F-score: 0.757
ONLINE-A	F-score: 0.593
ONLINE-A	F-score: 0.583
ONLINE-A	F-score: 0.600
ONLINE-A	F-score: 0.398
ONLINE-A	F-score: 0.721
ONLINE-A	F-score: 0.647
ONLINE-A	F-score: 0.604
ONLINE-A	F-score: 0.600
ONLINE-A	F-score: 0.592
ONLINE-A	F-score: 0.556
ONLINE-A	F-score: 0.625
ONLINE-A	F-score: 0.515
ONLINE-A	F-score: 0.789
ONLINE-A	F-score: 0.597
ONLINE-A	F-score: 1.000
ONLINE-A	F-score: 0.625
ONLINE-A	F-score: 0.625
ONLINE-A	F-score: 0.714
ONLINE-A	F-score: 0.625
ONLINE-A	F-score: 0.889
ONLINE-A	F-score: 0.382
ONLINE-A	F-score: 0.727
ONLINE-A	F-score: 0.517
ONLINE-A	F-score: 0.529
ONLINE-A	F-score: 0.632
ONLINE-A	F-score: 0.495
ONLINE-A	F-score: 0.857
ONLINE-A	F-score: 0.800
ONLINE-A	F-score: 0.500
ONLINE-A	F-score: 0.645
ONLINE-A	F-score: 1.000
ONLINE-A	F-score: 0.900
ONLINE-A	F-score: 0.360
ONLINE-A	F-score: 0.536
ONLINE-A	F-score: 0.167
ONLINE-A	F-score: 0.673
ONLINE-A	F-score: 0.867
ONLINE-A	F-score: 0.632
ONLINE-A	F-score: 0.456
ONLINE-A	F-score: 0.566
ONLINE-A	F-score: 0.844
ONLINE-A	F-score: 0.765
ONLINE-A	F-score: 0.458
ONLINE-A	F-score: 0.603
ONLINE-A	F-score: 0.604
ONLINE-A	F-score: 0.583
ONLINE-A	F-score: 0.512
ONLINE-A	F-score: 0.562
ONLINE-A	F-score: 0.370
ONLINE-A	F-score: 0.531
ONLINE-A	F-score: 1.000
ONLINE-A	F-score: 0.586
ONLINE-A	F-score: 0.586
ONLINE-A	F-score: 0.585
ONLINE-A	F-score: 0.625
ONLINE-A	F-score: 0.667
ONLINE-A	F-score: 0.593
ONLINE-A	F-score: 0.590
ONLINE-A	F-score: 0.667
ONLINE-A	F-score: 0.586
ONLINE-A	F-score: 0.656
ONLINE-A	F-score: 0.350
ONLINE-A	F-score: 0.451
ONLINE-A	F-score: 0.623
ONLINE-A	F-score: 0.909
ONLINE-A	F-score: 0.488
ONLINE-A	F-score: 0.727
ONLINE-A	F-score: 0.563
ONLINE-A	F-score: 0.677
ONLINE-A	F-score: 1.000
ONLINE-A	F-score: 0.615
ONLINE-A	F-score: 0.508
ONLINE-A	F-score: 0.333
ONLINE-A	F-score: 0.595
ONLINE-A	F-score: 0.761
ONLINE-A	F-score: 0.368
ONLINE-A	F-score: 0.625
ONLINE-A	F-score: 0.250
ONLINE-A	F-score: 0.250
ONLINE-A	F-score: 0.250
ONLINE-A	F-score: 0.438
ONLINE-A	F-score: 0.507
ONLINE-A	F-score: 0.500
ONLINE-A	F-score: 0.643
ONLINE-A	F-score: 1.000
ONLINE-A	F-score: 0.382
ONLINE-A	F-score: 0.714
ONLINE-A	F-score: 0.312
ONLINE-A	F-score: 0.750
ONLINE-A	F-score: 0.524
ONLINE-A	F-score: 0.467
ONLINE-A	F-score: 0.600
ONLINE-A	F-score: 0.553
ONLINE-A	F-score: 0.680
ONLINE-A	F-score: 0.632
ONLINE-A	F-score: 0.444
ONLINE-A	F-score: 0.222
ONLINE-A	F-score: 0.462
ONLINE-A	F-score: 0.607
ONLINE-A	F-score: 0.490
ONLINE-A	F-score: 0.630
ONLINE-A	F-score: 0.667
ONLINE-A	F-score: 0.529
ONLINE-A	F-score: 0.625
ONLINE-A	F-score: 0.667
ONLINE-A	F-score: 0.480
ONLINE-A	F-score: 0.750
ONLINE-A	F-score: 0.482
ONLINE-A	F-score: 0.409
ONLINE-A	F-score: 0.667
ONLINE-A	F-score: 0.222
ONLINE-A	F-score: 0.571
ONLINE-A	F-score: 1.000
ONLINE-A	F-score: 0.525
ONLINE-A	F-score: 0.816
ONLINE-A	F-score: 0.633
ONLINE-A	F-score: 0.600
ONLINE-A	F-score: 0.611
ONLINE-A	F-score: 0.800
ONLINE-A	F-score: 0.475
ONLINE-A	F-score: 0.250
ONLINE-A	F-score: 0.614
ONLINE-A	F-score: 0.364
ONLINE-A	F-score: 0.732
ONLINE-A	F-score: 0.185
ONLINE-A	F-score: 0.583
ONLINE-A	F-score: 0.773
ONLINE-A	F-score: 0.286
ONLINE-A	F-score: 0.345
ONLINE-A	F-score: 0.421
ONLINE-A	F-score: 0.439
ONLINE-A	F-score: 0.545
ONLINE-A	F-score: 0.496
ONLINE-A	F-score: 0.583
ONLINE-A	F-score: 0.649
ONLINE-A	F-score: 0.541
ONLINE-A	F-score: 0.448
ONLINE-A	F-score: 0.629
ONLINE-A	F-score: 0.222
ONLINE-A	F-score: 0.154
ONLINE-A	F-score: 0.800
ONLINE-A	F-score: 0.637
ONLINE-A	F-score: 0.564
ONLINE-A	F-score: 0.694
ONLINE-A	F-score: 0.905
ONLINE-A	F-score: 0.717
ONLINE-A	F-score: 0.250
ONLINE-A	F-score: 0.598
ONLINE-A	F-score: 0.615
ONLINE-A	F-score: 0.455
ONLINE-A	F-score: 0.526
ONLINE-A	F-score: 0.545
ONLINE-A	F-score: 0.552
ONLINE-A	F-score: 0.384
ONLINE-A	F-score: 0.636
ONLINE-A	F-score: 0.462
ONLINE-A	F-score: 0.727
ONLINE-A	F-score: 0.765
ONLINE-A	F-score: 0.720
ONLINE-A	F-score: 0.870
ONLINE-A	F-score: 0.583
ONLINE-A	F-score: 0.800
ONLINE-A	F-score: 0.500
ONLINE-A	F-score: 1.000
ONLINE-A	F-score: 0.500
ONLINE-A	F-score: 0.609
ONLINE-A	F-score: 0.750
ONLINE-A	F-score: 0.403
ONLINE-A	F-score: 0.389
ONLINE-A	F-score: 0.850
ONLINE-A	F-score: 0.537
ONLINE-A	F-score: 0.833
ONLINE-A	F-score: 0.500
ONLINE-A	F-score: 0.625
ONLINE-A	F-score: 0.545
ONLINE-A	F-score: 0.738
ONLINE-A	F-score: 0.715
ONLINE-A	F-score: 0.568
ONLINE-A	F-score: 0.579
ONLINE-A	F-score: 0.714
ONLINE-A	F-score: 0.674
ONLINE-A	F-score: 0.472
ONLINE-A	F-score: 0.662
ONLINE-A	F-score: 0.714
ONLINE-A	F-score: 0.716
ONLINE-A	F-score: 0.634
ONLINE-A	F-score: 0.462
ONLINE-A	F-score: 0.591
ONLINE-A	F-score: 0.683
ONLINE-A	F-score: 0.355
ONLINE-A	F-score: 0.587
ONLINE-A	F-score: 0.589
ONLINE-A	F-score: 0.600
ONLINE-A	F-score: 0.455
ONLINE-A	F-score: 0.656
ONLINE-A	F-score: 0.528
ONLINE-A	F-score: 0.364
ONLINE-A	F-score: 0.625
ONLINE-A	F-score: 0.644
ONLINE-A	F-score: 0.571
ONLINE-A	F-score: 0.759
ONLINE-A	F-score: 0.754
ONLINE-A	F-score: 0.421
ONLINE-A	F-score: 0.312
ONLINE-A	F-score: 0.429
ONLINE-A	F-score: 0.686
ONLINE-A	F-score: 0.667
ONLINE-A	F-score: 0.547
ONLINE-A	F-score: 0.475
ONLINE-A	F-score: 0.718
ONLINE-A	F-score: 0.684
ONLINE-A	F-score: 0.762
ONLINE-A	F-score: 0.516
ONLINE-A	F-score: 0.568
ONLINE-A	F-score: 0.630
ONLINE-A	F-score: 0.316
ONLINE-A	F-score: 0.444
ONLINE-A	F-score: 0.800
ONLINE-A	F-score: 0.854
ONLINE-A	F-score: 0.586
ONLINE-A	F-score: 0.735
ONLINE-A	F-score: 0.785
ONLINE-A	F-score: 0.519
ONLINE-A	F-score: 0.550
ONLINE-A	F-score: 0.563
ONLINE-A	F-score: 0.653
ONLINE-A	F-score: 0.231
ONLINE-A	F-score: 0.500
ONLINE-A	F-score: 0.455
ONLINE-A	F-score: 0.649
ONLINE-A	F-score: 0.400
ONLINE-A	F-score: 0.509
ONLINE-A	F-score: 0.667
ONLINE-A	F-score: 0.565
ONLINE-A	F-score: 0.557
ONLINE-A	F-score: 0.750
ONLINE-A	F-score: 0.397
ONLINE-A	F-score: 0.491
ONLINE-A	F-score: 0.760
ONLINE-A	F-score: 0.200
ONLINE-A	F-score: 0.857
ONLINE-A	F-score: 0.513
ONLINE-A	F-score: 0.471
ONLINE-A	F-score: 0.118
ONLINE-A	F-score: 0.321
ONLINE-A	F-score: 0.615
ONLINE-A	F-score: 0.545
ONLINE-A	F-score: 1.000
ONLINE-A	F-score: 0.456
ONLINE-A	F-score: 0.750
ONLINE-A	F-score: 0.541
ONLINE-A	F-score: 0.766
ONLINE-A	F-score: 0.500
ONLINE-A	F-score: 0.460
ONLINE-A	F-score: 0.400
ONLINE-A	F-score: 0.390
ONLINE-A	F-score: 0.800
ONLINE-A	F-score: 0.537
ONLINE-A	F-score: 0.710
ONLINE-A	F-score: 0.778
ONLINE-A	F-score: 0.655
ONLINE-A	F-score: 0.545
ONLINE-A	F-score: 0.419
ONLINE-A	F-score: 0.857
ONLINE-A	F-score: 0.400
ONLINE-A	F-score: 0.567
ONLINE-A	F-score: 0.505
ONLINE-A	F-score: 0.455
ONLINE-A	F-score: 0.691
ONLINE-A	F-score: 0.624
ONLINE-A	F-score: 0.516
ONLINE-A	F-score: 0.786
ONLINE-A	F-score: 0.380
ONLINE-A	F-score: 0.638
ONLINE-A	F-score: 0.300
ONLINE-A	F-score: 0.563
ONLINE-A	F-score: 0.320
ONLINE-A	F-score: 0.750
ONLINE-A	F-score: 0.469
ONLINE-A	F-score: 0.750
ONLINE-A	F-score: 0.512
ONLINE-A	F-score: 0.750
ONLINE-A	F-score: 0.750
ONLINE-A	F-score: 0.581
ONLINE-A	F-score: 0.787
ONLINE-A	F-score: 0.333
ONLINE-A	F-score: 0.704
ONLINE-A	F-score: 0.609
ONLINE-A	F-score: 0.464
ONLINE-A	F-score: 0.538
ONLINE-A	F-score: 0.365
ONLINE-A	F-score: 0.443
ONLINE-A	F-score: 0.583
ONLINE-A	F-score: 0.250
ONLINE-A	F-score: 0.326
ONLINE-A	F-score: 0.550
ONLINE-A	F-score: 0.830
ONLINE-A	F-score: 0.563
ONLINE-A	F-score: 0.640
ONLINE-A	F-score: 0.571
ONLINE-A	F-score: 0.533
ONLINE-A	F-score: 0.857
ONLINE-A	F-score: 0.522
ONLINE-A	F-score: 0.400
ONLINE-A	F-score: 0.800
ONLINE-A	F-score: 0.444
ONLINE-A	F-score: 0.524
ONLINE-A	F-score: 0.526
ONLINE-A	F-score: 1.000
ONLINE-A	F-score: 0.737
ONLINE-A	F-score: 0.608
ONLINE-A	F-score: 0.500
ONLINE-A	F-score: 0.545
ONLINE-A	F-score: 0.518
ONLINE-A	F-score: 0.562
ONLINE-A	F-score: 0.276
ONLINE-A	F-score: 0.541
ONLINE-A	F-score: 0.750
ONLINE-A	F-score: 0.607
ONLINE-A	F-score: 0.528
ONLINE-A	F-score: 0.583
ONLINE-A	F-score: 0.569
ONLINE-A	F-score: 0.471
ONLINE-A	F-score: 0.558
ONLINE-A	F-score: 0.300
ONLINE-A	F-score: 0.411
ONLINE-A	F-score: 0.720
ONLINE-A	F-score: 0.600
ONLINE-A	F-score: 0.565
ONLINE-A	F-score: 0.524
ONLINE-A	F-score: 0.727
ONLINE-A	F-score: 0.850
ONLINE-A	F-score: 0.655
ONLINE-A	F-score: 0.333
ONLINE-A	F-score: 0.636
ONLINE-A	F-score: 0.500
ONLINE-A	F-score: 0.563
ONLINE-A	F-score: 0.625
ONLINE-A	F-score: 0.750
ONLINE-A	F-score: 0.439
ONLINE-A	F-score: 0.778
ONLINE-A	F-score: 0.400
ONLINE-A	F-score: 0.333
ONLINE-A	F-score: 0.674
ONLINE-A	F-score: 0.767
ONLINE-A	F-score: 0.679
ONLINE-A	F-score: 0.533
ONLINE-A	F-score: 0.636
ONLINE-A	F-score: 0.784
ONLINE-A	F-score: 0.310
ONLINE-A	F-score: 0.870
ONLINE-A	F-score: 0.800
ONLINE-A	F-score: 0.343
ONLINE-A	F-score: 0.632
ONLINE-A	F-score: 0.591
ONLINE-A	F-score: 0.848
ONLINE-A	F-score: 0.636
ONLINE-A	F-score: 0.647
ONLINE-A	F-score: 0.700
ONLINE-A	F-score: 0.706
ONLINE-A	F-score: 0.652
ONLINE-A	F-score: 0.667
ONLINE-A	F-score: 0.900
ONLINE-A	F-score: 0.533
ONLINE-A	F-score: 0.941
ONLINE-A	F-score: 0.630
ONLINE-A	F-score: 0.498
ONLINE-A	F-score: 0.522
ONLINE-A	F-score: 0.609
ONLINE-A	F-score: 0.308
ONLINE-A	F-score: 0.636
ONLINE-A	F-score: 0.463
ONLINE-A	F-score: 0.833
ONLINE-A	F-score: 0.420
ONLINE-A	F-score: 0.610
ONLINE-A	F-score: 0.597
ONLINE-A	F-score: 0.372
ONLINE-A	F-score: 0.758
ONLINE-A	F-score: 0.632
ONLINE-A	F-score: 0.925
ONLINE-A	F-score: 0.467
ONLINE-A	F-score: 0.571
ONLINE-A	F-score: 0.576
ONLINE-A	F-score: 0.800
ONLINE-A	F-score: 0.381
ONLINE-A	F-score: 0.460
ONLINE-A	F-score: 0.800
ONLINE-A	F-score: 0.667
ONLINE-A	F-score: 0.389
ONLINE-A	F-score: 0.602
ONLINE-A	F-score: 0.579
ONLINE-A	F-score: 0.478
ONLINE-A	F-score: 0.481
ONLINE-A	F-score: 0.566
ONLINE-A	F-score: 0.562
ONLINE-A	F-score: 0.204
ONLINE-A	F-score: 0.500
ONLINE-A	F-score: 0.560
ONLINE-A	F-score: 0.677
ONLINE-A	F-score: 0.500
ONLINE-A	F-score: 0.556
ONLINE-A	F-score: 0.400
ONLINE-A	F-score: 0.444
ONLINE-A	F-score: 0.442
ONLINE-A	F-score: 1.000
ONLINE-A	F-score: 0.383
ONLINE-A	F-score: 0.769
ONLINE-A	F-score: 0.667
ONLINE-A	F-score: 0.613
ONLINE-A	F-score: 0.667
ONLINE-A	F-score: 0.529
ONLINE-A	F-score: 0.812
ONLINE-A	F-score: 0.351
ONLINE-A	F-score: 0.300
ONLINE-A	F-score: 0.754
ONLINE-A	F-score: 0.640
ONLINE-A	F-score: 0.500
ONLINE-A	F-score: 0.474
ONLINE-A	F-score: 0.554
ONLINE-A	F-score: 0.242
ONLINE-A	F-score: 0.625
ONLINE-A	F-score: 0.560
ONLINE-A	F-score: 0.612
ONLINE-A	F-score: 0.585
ONLINE-A	F-score: 0.514
ONLINE-A	F-score: 0.769
ONLINE-A	F-score: 0.513
ONLINE-A	F-score: 0.465
ONLINE-A	F-score: 0.750
ONLINE-A	F-score: 0.400
ONLINE-A	F-score: 0.714
ONLINE-A	F-score: 0.429
ONLINE-A	F-score: 0.444
ONLINE-A	F-score: 0.722
ONLINE-A	F-score: 0.566
ONLINE-A	F-score: 0.515
ONLINE-A	F-score: 0.642
ONLINE-A	F-score: 0.381
ONLINE-A	F-score: 0.692
ONLINE-A	F-score: 0.615
ONLINE-A	F-score: 0.582
ONLINE-A	F-score: 0.250
ONLINE-A	F-score: 0.655
ONLINE-A	F-score: 0.333
ONLINE-A	F-score: 0.556
ONLINE-A	F-score: 0.489
ONLINE-A	F-score: 0.419
ONLINE-A	F-score: 0.468
ONLINE-A	F-score: 0.635
ONLINE-A	F-score: 0.597
ONLINE-A	F-score: 0.379
ONLINE-A	F-score: 0.574
ONLINE-A	F-score: 0.250
ONLINE-A	F-score: 0.505
ONLINE-A	F-score: 0.651
ONLINE-A	F-score: 0.455
ONLINE-A	F-score: 0.588
ONLINE-A	F-score: 0.703
ONLINE-A	F-score: 0.364
ONLINE-A	F-score: 0.459
ONLINE-A	F-score: 0.400
ONLINE-A	F-score: 0.400
ONLINE-A	F-score: 0.750
ONLINE-A	F-score: 0.385
ONLINE-A	F-score: 0.438
ONLINE-A	F-score: 0.571
ONLINE-A	F-score: 0.324
ONLINE-A	F-score: 0.505
ONLINE-A	F-score: 0.500
ONLINE-A	F-score: 0.625
ONLINE-A	F-score: 0.596
ONLINE-A	F-score: 0.562
ONLINE-A	F-score: 0.407
ONLINE-A	F-score: 0.769
ONLINE-A	F-score: 0.769
ONLINE-A	F-score: 0.622
ONLINE-A	F-score: 0.629
ONLINE-A	F-score: 0.336
ONLINE-A	F-score: 0.320
ONLINE-A	F-score: 0.545
ONLINE-A	F-score: 0.745
ONLINE-A	F-score: 0.566
ONLINE-A	F-score: 0.926
ONLINE-A	F-score: 0.400
ONLINE-A	F-score: 0.515
ONLINE-A	F-score: 0.364
ONLINE-A	F-score: 0.278
ONLINE-A	F-score: 0.600
ONLINE-A	F-score: 0.655
ONLINE-A	F-score: 0.595
ONLINE-A	F-score: 0.773
ONLINE-A	F-score: 0.571
ONLINE-A	F-score: 0.432
ONLINE-A	F-score: 0.381
ONLINE-A	F-score: 0.500
ONLINE-A	F-score: 0.375
ONLINE-A	F-score: 0.417
ONLINE-A	F-score: 0.691
ONLINE-A	F-score: 0.767
ONLINE-A	F-score: 0.481
ONLINE-A	F-score: 0.800
ONLINE-A	F-score: 0.727
ONLINE-A	F-score: 0.421
ONLINE-A	F-score: 0.483
ONLINE-A	F-score: 0.600
ONLINE-A	F-score: 0.437
ONLINE-A	F-score: 1.000
ONLINE-A	F-score: 0.518
ONLINE-A	F-score: 0.435
ONLINE-A	F-score: 0.667
ONLINE-A	F-score: 0.544
ONLINE-A	F-score: 0.655
ONLINE-A	F-score: 0.625
ONLINE-A	F-score: 0.444
ONLINE-A	F-score: 0.540
ONLINE-A	F-score: 1.000
ONLINE-A	F-score: 0.744
ONLINE-A	F-score: 0.542
ONLINE-A	F-score: 1.000
ONLINE-A	F-score: 0.645
ONLINE-A	F-score: 0.286
ONLINE-A	F-score: 0.372
ONLINE-A	F-score: 0.456
ONLINE-A	F-score: 0.483
ONLINE-A	F-score: 0.222
ONLINE-A	F-score: 0.431
ONLINE-A	F-score: 0.441
ONLINE-A	F-score: 0.486
ONLINE-A	F-score: 0.388
ONLINE-A	F-score: 0.417
ONLINE-A	F-score: 0.167
ONLINE-A	F-score: 0.625
ONLINE-A	F-score: 0.800
ONLINE-A	F-score: 0.357
ONLINE-A	F-score: 0.978
ONLINE-A	F-score: 0.556
ONLINE-A	F-score: 0.333
ONLINE-A	F-score: 0.656
ONLINE-A	F-score: 0.528
ONLINE-A	F-score: 0.667
ONLINE-A	F-score: 0.600
ONLINE-A	F-score: 0.385
ONLINE-A	F-score: 0.750
ONLINE-A	F-score: 0.556
ONLINE-A	F-score: 0.400
ONLINE-A	F-score: 0.667
ONLINE-A	F-score: 1.000
ONLINE-A	F-score: 0.769
ONLINE-A	F-score: 0.657
ONLINE-A	F-score: 0.623
ONLINE-A	F-score: 0.652
ONLINE-A	F-score: 0.800
ONLINE-A	F-score: 0.431
ONLINE-A	F-score: 0.500
ONLINE-A	F-score: 0.500
ONLINE-A	F-score: 0.957
ONLINE-A	F-score: 0.605
ONLINE-A	F-score: 0.591
ONLINE-A	F-score: 0.308
ONLINE-A	F-score: 0.400
ONLINE-A	F-score: 0.273
ONLINE-A	F-score: 0.450
ONLINE-A	F-score: 0.737
ONLINE-A	F-score: 0.586
ONLINE-A	F-score: 0.545
ONLINE-A	F-score: 0.500
ONLINE-A	F-score: 0.387
ONLINE-A	F-score: 0.606
ONLINE-A	F-score: 0.630
ONLINE-A	F-score: 0.833
ONLINE-A	F-score: 0.510
ONLINE-A	F-score: 0.913
ONLINE-A	F-score: 0.364
ONLINE-A	F-score: 0.667
ONLINE-A	F-score: 0.611
ONLINE-A	F-score: 0.375
ONLINE-A	F-score: 0.419
ONLINE-A	F-score: 0.709
ONLINE-A	F-score: 0.619
ONLINE-A	F-score: 0.486
ONLINE-A	F-score: 0.800
ONLINE-A	F-score: 0.710
ONLINE-A	F-score: 0.379
ONLINE-A	F-score: 0.627
ONLINE-A	F-score: 0.612
ONLINE-A	F-score: 0.267
ONLINE-A	F-score: 0.667
ONLINE-A	F-score: 0.667
ONLINE-A	F-score: 0.846
ONLINE-A	F-score: 0.500
ONLINE-A	F-score: 0.429
ONLINE-A	F-score: 0.750
ONLINE-A	F-score: 0.211
ONLINE-A	F-score: 0.125
ONLINE-A	F-score: 0.593
ONLINE-A	F-score: 0.429
ONLINE-A	F-score: 0.400
ONLINE-A	F-score: 0.818
ONLINE-A	F-score: 0.577
ONLINE-A	F-score: 0.857
ONLINE-A	F-score: 0.818
ONLINE-A	F-score: 0.818
ONLINE-A	F-score: 0.588
ONLINE-A	F-score: 0.583
ONLINE-A	F-score: 0.875
ONLINE-A	F-score: 0.207
ONLINE-A	F-score: 0.694
ONLINE-A	F-score: 1.000
ONLINE-A	F-score: 0.625
ONLINE-A	F-score: 0.312
ONLINE-A	F-score: 0.451
ONLINE-A	F-score: 0.200
ONLINE-A	F-score: 0.491
ONLINE-A	F-score: 0.566
ONLINE-A	F-score: 0.875
ONLINE-A	F-score: 0.600
ONLINE-A	F-score: 0.059
ONLINE-A	F-score: 0.619
ONLINE-A	F-score: 0.475
ONLINE-A	F-score: 0.692
ONLINE-A	F-score: 0.714
ONLINE-A	F-score: 0.353
ONLINE-A	F-score: 0.622
ONLINE-A	F-score: 0.583
ONLINE-A	F-score: 1.000
ONLINE-A	F-score: 0.267
ONLINE-A	F-score: 0.639
ONLINE-A	F-score: 0.533
ONLINE-A	F-score: 0.333
ONLINE-A	F-score: 0.467
ONLINE-A	F-score: 0.454
ONLINE-A	F-score: 0.417
ONLINE-A	F-score: 1.000
ONLINE-A	F-score: 0.550
ONLINE-A	F-score: 0.540
ONLINE-A	F-score: 0.833
ONLINE-A	F-score: 0.727
ONLINE-A	F-score: 0.753
ONLINE-A	F-score: 0.320
ONLINE-A	F-score: 0.500
ONLINE-A	F-score: 0.438
ONLINE-A	F-score: 0.667
ONLINE-A	F-score: 0.294
ONLINE-A	F-score: 0.393
ONLINE-A	F-score: 0.491
ONLINE-A	F-score: 0.701
ONLINE-A	F-score: 0.400
ONLINE-A	F-score: 0.889
ONLINE-A	F-score: 0.583
ONLINE-A	F-score: 0.625
ONLINE-A	F-score: 0.593
ONLINE-A	F-score: 0.622
ONLINE-A	F-score: 0.612
ONLINE-A	F-score: 0.667
ONLINE-A	F-score: 0.818
ONLINE-A	F-score: 0.701
ONLINE-A	F-score: 0.705
ONLINE-A	F-score: 0.629
ONLINE-A	F-score: 0.714
ONLINE-A	F-score: 0.684
ONLINE-A	F-score: 0.562
ONLINE-A	F-score: 0.589
ONLINE-A	F-score: 0.429
ONLINE-A	F-score: 0.380
ONLINE-A	F-score: 0.339
ONLINE-A	F-score: 0.727
ONLINE-A	F-score: 0.692
ONLINE-A	F-score: 0.462
ONLINE-A	F-score: 0.580
ONLINE-A	F-score: 0.627
ONLINE-A	F-score: 0.602
ONLINE-A	F-score: 0.600
ONLINE-A	F-score: 0.627
ONLINE-A	F-score: 0.736
ONLINE-A	F-score: 0.708
ONLINE-A	F-score: 0.512
ONLINE-A	F-score: 0.692
ONLINE-A	F-score: 0.418
ONLINE-A	F-score: 0.444
ONLINE-A	F-score: 0.833
ONLINE-A	F-score: 0.651
ONLINE-A	F-score: 0.435
ONLINE-A	F-score: 1.000
ONLINE-A	F-score: 0.542
ONLINE-A	F-score: 0.442
ONLINE-A	F-score: 0.626
ONLINE-A	F-score: 0.536
ONLINE-A	F-score: 0.566
ONLINE-A	F-score: 0.544
ONLINE-A	F-score: 0.585
ONLINE-A	F-score: 0.621
ONLINE-A	F-score: 0.608
ONLINE-A	F-score: 0.478
ONLINE-A	F-score: 0.333
ONLINE-A	F-score: 0.519
ONLINE-A	F-score: 0.515
ONLINE-A	F-score: 0.684
ONLINE-A	F-score: 0.714
ONLINE-A	F-score: 0.545
ONLINE-A	F-score: 0.500
ONLINE-A	F-score: 0.524
ONLINE-A	F-score: 0.667
ONLINE-A	F-score: 0.354
ONLINE-A	F-score: 0.467
ONLINE-A	F-score: 0.750
ONLINE-B	F-score: 0.488
ONLINE-B	F-score: 0.602
ONLINE-B	F-score: 0.737
ONLINE-B	F-score: 0.756
ONLINE-B	F-score: 0.929
ONLINE-B	F-score: 0.319
ONLINE-B	F-score: 1.000
ONLINE-B	F-score: 1.000
ONLINE-B	F-score: 0.605
ONLINE-B	F-score: 1.000
ONLINE-B	F-score: 1.000
ONLINE-B	F-score: 0.667
ONLINE-B	F-score: 1.000
ONLINE-B	F-score: 1.000
ONLINE-B	F-score: 0.909
ONLINE-B	F-score: 0.775
ONLINE-B	F-score: 0.322
ONLINE-B	F-score: 1.000
ONLINE-B	F-score: 0.712
ONLINE-B	F-score: 0.756
ONLINE-B	F-score: 0.677
ONLINE-B	F-score: 0.567
ONLINE-B	F-score: 0.222
ONLINE-B	F-score: 1.000
ONLINE-B	F-score: 0.647
ONLINE-B	F-score: 0.800
ONLINE-B	F-score: 0.650
ONLINE-B	F-score: 0.429
ONLINE-B	F-score: 0.261
ONLINE-B	F-score: 0.545
ONLINE-B	F-score: 0.778
ONLINE-B	F-score: 0.600
ONLINE-B	F-score: 0.537
ONLINE-B	F-score: 1.000
ONLINE-B	F-score: 0.571
ONLINE-B	F-score: 1.000
ONLINE-B	F-score: 0.667
ONLINE-B	F-score: 0.167
ONLINE-B	F-score: 0.870
ONLINE-B	F-score: 0.548
ONLINE-B	F-score: 1.000
ONLINE-B	F-score: 0.667
ONLINE-B	F-score: 0.500
ONLINE-B	F-score: 0.594
ONLINE-B	F-score: 0.723
ONLINE-B	F-score: 0.604
ONLINE-B	F-score: 0.605
ONLINE-B	F-score: 1.000
ONLINE-B	F-score: 0.287
ONLINE-B	F-score: 0.312
ONLINE-B	F-score: 1.000
ONLINE-B	F-score: 0.438
ONLINE-B	F-score: 0.571
ONLINE-B	F-score: 0.410
ONLINE-B	F-score: 0.383
ONLINE-B	F-score: 0.522
ONLINE-B	F-score: 0.532
ONLINE-B	F-score: 0.542
ONLINE-B	F-score: 0.500
ONLINE-B	F-score: 0.438
ONLINE-B	F-score: 0.429
ONLINE-B	F-score: 0.286
ONLINE-B	F-score: 0.510
ONLINE-B	F-score: 0.545
ONLINE-B	F-score: 0.318
ONLINE-B	F-score: 0.504
ONLINE-B	F-score: 0.556
ONLINE-B	F-score: 0.857
ONLINE-B	F-score: 0.933
ONLINE-B	F-score: 0.545
ONLINE-B	F-score: 0.645
ONLINE-B	F-score: 0.522
ONLINE-B	F-score: 0.535
ONLINE-B	F-score: 0.857
ONLINE-B	F-score: 1.000
ONLINE-B	F-score: 0.370
ONLINE-B	F-score: 0.627
ONLINE-B	F-score: 0.615
ONLINE-B	F-score: 0.500
ONLINE-B	F-score: 0.667
ONLINE-B	F-score: 0.875
ONLINE-B	F-score: 0.833
ONLINE-B	F-score: 0.810
ONLINE-B	F-score: 0.516
ONLINE-B	F-score: 0.683
ONLINE-B	F-score: 0.786
ONLINE-B	F-score: 1.000
ONLINE-B	F-score: 0.688
ONLINE-B	F-score: 0.276
ONLINE-B	F-score: 0.596
ONLINE-B	F-score: 1.000
ONLINE-B	F-score: 0.783
ONLINE-B	F-score: 0.455
ONLINE-B	F-score: 0.667
ONLINE-B	F-score: 1.000
ONLINE-B	F-score: 0.833
ONLINE-B	F-score: 0.400
ONLINE-B	F-score: 0.522
ONLINE-B	F-score: 0.818
ONLINE-B	F-score: 0.517
ONLINE-B	F-score: 0.800
ONLINE-B	F-score: 0.500
ONLINE-B	F-score: 0.615
ONLINE-B	F-score: 0.667
ONLINE-B	F-score: 0.429
ONLINE-B	F-score: 0.403
ONLINE-B	F-score: 0.800
ONLINE-B	F-score: 0.800
ONLINE-B	F-score: 0.676
ONLINE-B	F-score: 0.423
ONLINE-B	F-score: 0.433
ONLINE-B	F-score: 0.333
ONLINE-B	F-score: 0.500
ONLINE-B	F-score: 0.500
ONLINE-B	F-score: 0.729
ONLINE-B	F-score: 0.833
ONLINE-B	F-score: 0.429
ONLINE-B	F-score: 0.462
ONLINE-B	F-score: 0.615
ONLINE-B	F-score: 0.385
ONLINE-B	F-score: 0.167
ONLINE-B	F-score: 0.200
ONLINE-B	F-score: 0.286
ONLINE-B	F-score: 0.750
ONLINE-B	F-score: 0.565
ONLINE-B	F-score: 0.270
ONLINE-B	F-score: 0.667
ONLINE-B	F-score: 1.000
ONLINE-B	F-score: 0.500
ONLINE-B	F-score: 0.846
ONLINE-B	F-score: 0.500
ONLINE-B	F-score: 0.333
ONLINE-B	F-score: 0.333
ONLINE-B	F-score: 0.625
ONLINE-B	F-score: 0.545
ONLINE-B	F-score: 0.541
ONLINE-B	F-score: 0.348
ONLINE-B	F-score: 0.750
ONLINE-B	F-score: 0.333
ONLINE-B	F-score: 0.714
ONLINE-B	F-score: 0.571
ONLINE-B	F-score: 0.505
ONLINE-B	F-score: 0.833
ONLINE-B	F-score: 0.400
ONLINE-B	F-score: 0.636
ONLINE-B	F-score: 0.513
ONLINE-B	F-score: 0.500
ONLINE-B	F-score: 0.600
ONLINE-B	F-score: 0.508
ONLINE-B	F-score: 0.842
ONLINE-B	F-score: 0.583
ONLINE-B	F-score: 0.500
ONLINE-B	F-score: 0.630
ONLINE-B	F-score: 0.333
ONLINE-B	F-score: 0.379
ONLINE-B	F-score: 0.537
ONLINE-B	F-score: 0.526
ONLINE-B	F-score: 0.317
ONLINE-B	F-score: 0.800
ONLINE-B	F-score: 0.308
ONLINE-B	F-score: 0.389
ONLINE-B	F-score: 0.761
ONLINE-B	F-score: 0.600
ONLINE-B	F-score: 0.718
ONLINE-B	F-score: 0.703
ONLINE-B	F-score: 0.771
ONLINE-B	F-score: 0.547
ONLINE-B	F-score: 0.894
ONLINE-B	F-score: 0.576
ONLINE-B	F-score: 0.794
ONLINE-B	F-score: 0.898
ONLINE-B	F-score: 0.267
ONLINE-B	F-score: 0.303
ONLINE-B	F-score: 0.303
ONLINE-B	F-score: 0.500
ONLINE-B	F-score: 0.537
ONLINE-B	F-score: 0.541
ONLINE-B	F-score: 0.410
ONLINE-B	F-score: 0.105
ONLINE-B	F-score: 0.444
ONLINE-B	F-score: 0.314
ONLINE-B	F-score: 0.267
ONLINE-B	F-score: 0.133
ONLINE-B	F-score: 0.400
ONLINE-B	F-score: 0.504
ONLINE-B	F-score: 0.500
ONLINE-B	F-score: 0.438
ONLINE-B	F-score: 0.462
ONLINE-B	F-score: 0.410
ONLINE-B	F-score: 1.000
ONLINE-B	F-score: 1.000
ONLINE-B	F-score: 0.913
ONLINE-B	F-score: 0.968
ONLINE-B	F-score: 0.548
ONLINE-B	F-score: 0.517
ONLINE-B	F-score: 1.000
ONLINE-B	F-score: 0.733
ONLINE-B	F-score: 0.689
ONLINE-B	F-score: 0.620
ONLINE-B	F-score: 0.440
ONLINE-B	F-score: 0.455
ONLINE-B	F-score: 0.415
ONLINE-B	F-score: 0.493
ONLINE-B	F-score: 0.704
ONLINE-B	F-score: 0.621
ONLINE-B	F-score: 0.458
ONLINE-B	F-score: 0.449
ONLINE-B	F-score: 0.833
ONLINE-B	F-score: 0.333
ONLINE-B	F-score: 0.600
ONLINE-B	F-score: 0.426
ONLINE-B	F-score: 0.571
ONLINE-B	F-score: 0.290
ONLINE-B	F-score: 0.466
ONLINE-B	F-score: 0.548
ONLINE-B	F-score: 0.595
ONLINE-B	F-score: 0.375
ONLINE-B	F-score: 0.278
ONLINE-B	F-score: 0.450
ONLINE-B	F-score: 0.567
ONLINE-B	F-score: 0.578
ONLINE-B	F-score: 0.281
ONLINE-B	F-score: 0.467
ONLINE-B	F-score: 0.222
ONLINE-B	F-score: 0.316
ONLINE-B	F-score: 0.645
ONLINE-B	F-score: 0.621
ONLINE-B	F-score: 0.576
ONLINE-B	F-score: 0.580
ONLINE-B	F-score: 0.714
ONLINE-B	F-score: 0.435
ONLINE-B	F-score: 0.657
ONLINE-B	F-score: 0.295
ONLINE-B	F-score: 0.571
ONLINE-B	F-score: 0.450
ONLINE-B	F-score: 1.000
ONLINE-B	F-score: 1.000
ONLINE-B	F-score: 0.733
ONLINE-B	F-score: 1.000
ONLINE-B	F-score: 1.000
ONLINE-B	F-score: 0.889
ONLINE-B	F-score: 1.000
ONLINE-B	F-score: 0.984
ONLINE-B	F-score: 0.900
ONLINE-B	F-score: 0.750
ONLINE-B	F-score: 0.500
ONLINE-B	F-score: 0.562
ONLINE-B	F-score: 0.541
ONLINE-B	F-score: 0.580
ONLINE-B	F-score: 0.500
ONLINE-B	F-score: 0.328
ONLINE-B	F-score: 0.355
ONLINE-B	F-score: 0.545
ONLINE-B	F-score: 0.419
ONLINE-B	F-score: 0.410
ONLINE-B	F-score: 0.540
ONLINE-B	F-score: 0.833
ONLINE-B	F-score: 0.500
ONLINE-B	F-score: 0.400
ONLINE-B	F-score: 0.360
ONLINE-B	F-score: 0.649
ONLINE-B	F-score: 0.514
ONLINE-B	F-score: 0.446
ONLINE-B	F-score: 0.571
ONLINE-B	F-score: 0.696
ONLINE-B	F-score: 0.611
ONLINE-B	F-score: 0.419
ONLINE-B	F-score: 0.460
ONLINE-B	F-score: 0.554
ONLINE-B	F-score: 0.648
ONLINE-B	F-score: 0.783
ONLINE-B	F-score: 0.491
ONLINE-B	F-score: 0.529
ONLINE-B	F-score: 0.300
ONLINE-B	F-score: 0.630
ONLINE-B	F-score: 0.405
ONLINE-B	F-score: 0.512
ONLINE-B	F-score: 0.333
ONLINE-B	F-score: 0.454
ONLINE-B	F-score: 0.750
ONLINE-B	F-score: 1.000
ONLINE-B	F-score: 0.560
ONLINE-B	F-score: 0.828
ONLINE-B	F-score: 0.885
ONLINE-B	F-score: 0.412
ONLINE-B	F-score: 0.684
ONLINE-B	F-score: 1.000
ONLINE-B	F-score: 0.472
ONLINE-B	F-score: 0.923
ONLINE-B	F-score: 0.588
ONLINE-B	F-score: 0.545
ONLINE-B	F-score: 0.378
ONLINE-B	F-score: 0.421
ONLINE-B	F-score: 0.500
ONLINE-B	F-score: 0.495
ONLINE-B	F-score: 0.392
ONLINE-B	F-score: 0.485
ONLINE-B	F-score: 0.429
ONLINE-B	F-score: 0.429
ONLINE-B	F-score: 0.565
ONLINE-B	F-score: 0.667
ONLINE-B	F-score: 0.475
ONLINE-B	F-score: 0.333
ONLINE-B	F-score: 0.571
ONLINE-B	F-score: 0.495
ONLINE-B	F-score: 0.778
ONLINE-B	F-score: 0.719
ONLINE-B	F-score: 0.478
ONLINE-B	F-score: 0.613
ONLINE-B	F-score: 0.340
ONLINE-B	F-score: 0.647
ONLINE-B	F-score: 0.769
ONLINE-B	F-score: 0.545
ONLINE-B	F-score: 0.613
ONLINE-B	F-score: 1.000
ONLINE-B	F-score: 0.955
ONLINE-B	F-score: 0.882
ONLINE-B	F-score: 0.894
ONLINE-B	F-score: 0.590
ONLINE-B	F-score: 0.914
ONLINE-B	F-score: 0.944
ONLINE-B	F-score: 0.853
ONLINE-B	F-score: 1.000
ONLINE-B	F-score: 0.595
ONLINE-B	F-score: 0.594
ONLINE-B	F-score: 0.400
ONLINE-B	F-score: 0.393
ONLINE-B	F-score: 0.269
ONLINE-B	F-score: 0.409
ONLINE-B	F-score: 0.470
ONLINE-B	F-score: 0.750
ONLINE-B	F-score: 0.700
ONLINE-B	F-score: 0.600
ONLINE-B	F-score: 0.488
ONLINE-B	F-score: 0.437
ONLINE-B	F-score: 0.512
ONLINE-B	F-score: 0.403
ONLINE-B	F-score: 0.437
ONLINE-B	F-score: 0.390
ONLINE-B	F-score: 0.534
ONLINE-B	F-score: 0.613
ONLINE-B	F-score: 0.472
ONLINE-B	F-score: 0.545
ONLINE-B	F-score: 0.250
ONLINE-B	F-score: 0.356
ONLINE-B	F-score: 0.361
ONLINE-B	F-score: 0.231
ONLINE-B	F-score: 0.567
ONLINE-B	F-score: 0.563
ONLINE-B	F-score: 0.500
ONLINE-B	F-score: 0.638
ONLINE-B	F-score: 0.607
ONLINE-B	F-score: 1.000
ONLINE-B	F-score: 0.857
ONLINE-B	F-score: 0.823
ONLINE-B	F-score: 0.645
ONLINE-B	F-score: 1.000
ONLINE-B	F-score: 0.677
ONLINE-B	F-score: 1.000
ONLINE-B	F-score: 0.872
ONLINE-B	F-score: 0.538
ONLINE-B	F-score: 0.769
ONLINE-B	F-score: 0.579
ONLINE-B	F-score: 0.682
ONLINE-B	F-score: 0.812
ONLINE-B	F-score: 0.684
ONLINE-B	F-score: 0.629
ONLINE-B	F-score: 0.667
ONLINE-B	F-score: 0.681
ONLINE-B	F-score: 0.800
ONLINE-B	F-score: 0.741
ONLINE-B	F-score: 0.680
ONLINE-B	F-score: 0.746
ONLINE-B	F-score: 0.545
ONLINE-B	F-score: 0.561
ONLINE-B	F-score: 0.759
ONLINE-B	F-score: 0.520
ONLINE-B	F-score: 0.734
ONLINE-B	F-score: 0.720
ONLINE-B	F-score: 0.643
ONLINE-B	F-score: 0.667
ONLINE-B	F-score: 0.400
ONLINE-B	F-score: 0.754
ONLINE-B	F-score: 0.493
ONLINE-B	F-score: 0.444
ONLINE-B	F-score: 0.438
ONLINE-B	F-score: 0.706
ONLINE-B	F-score: 0.571
ONLINE-B	F-score: 0.606
ONLINE-B	F-score: 0.698
ONLINE-B	F-score: 0.765
ONLINE-B	F-score: 0.589
ONLINE-B	F-score: 1.000
ONLINE-B	F-score: 0.381
ONLINE-B	F-score: 0.680
ONLINE-B	F-score: 0.848
ONLINE-B	F-score: 0.609
ONLINE-B	F-score: 1.000
ONLINE-B	F-score: 0.485
ONLINE-B	F-score: 0.831
ONLINE-B	F-score: 0.600
ONLINE-B	F-score: 0.545
ONLINE-B	F-score: 0.471
ONLINE-B	F-score: 0.611
ONLINE-B	F-score: 0.619
ONLINE-B	F-score: 0.781
ONLINE-B	F-score: 0.500
ONLINE-B	F-score: 0.246
ONLINE-B	F-score: 0.500
ONLINE-B	F-score: 0.769
ONLINE-B	F-score: 0.541
ONLINE-B	F-score: 0.167
ONLINE-B	F-score: 0.614
ONLINE-B	F-score: 0.739
ONLINE-B	F-score: 0.750
ONLINE-B	F-score: 0.513
ONLINE-B	F-score: 0.429
ONLINE-B	F-score: 0.351
ONLINE-B	F-score: 1.000
ONLINE-B	F-score: 0.909
ONLINE-B	F-score: 0.818
ONLINE-B	F-score: 0.577
ONLINE-B	F-score: 0.429
ONLINE-B	F-score: 0.542
ONLINE-B	F-score: 0.400
ONLINE-B	F-score: 0.333
ONLINE-B	F-score: 0.554
ONLINE-B	F-score: 0.500
ONLINE-B	F-score: 0.914
ONLINE-B	F-score: 0.778
ONLINE-B	F-score: 1.000
ONLINE-B	F-score: 0.523
ONLINE-B	F-score: 1.000
ONLINE-B	F-score: 0.545
ONLINE-B	F-score: 1.000
ONLINE-B	F-score: 0.533
ONLINE-B	F-score: 0.562
ONLINE-B	F-score: 1.000
ONLINE-B	F-score: 1.000
ONLINE-B	F-score: 0.714
ONLINE-B	F-score: 1.000
ONLINE-B	F-score: 0.850
ONLINE-B	F-score: 0.700
ONLINE-B	F-score: 1.000
ONLINE-B	F-score: 0.682
ONLINE-B	F-score: 0.545
ONLINE-B	F-score: 1.000
ONLINE-B	F-score: 1.000
ONLINE-B	F-score: 0.608
ONLINE-B	F-score: 0.436
ONLINE-B	F-score: 0.873
ONLINE-B	F-score: 0.629
ONLINE-B	F-score: 0.698
ONLINE-B	F-score: 0.667
ONLINE-B	F-score: 0.500
ONLINE-B	F-score: 1.000
ONLINE-B	F-score: 0.800
ONLINE-B	F-score: 0.394
ONLINE-B	F-score: 1.000
ONLINE-B	F-score: 1.000
ONLINE-B	F-score: 1.000
ONLINE-B	F-score: 1.000
ONLINE-B	F-score: 0.500
ONLINE-B	F-score: 1.000
ONLINE-B	F-score: 0.667
ONLINE-B	F-score: 0.556
ONLINE-B	F-score: 0.341
ONLINE-B	F-score: 0.558
ONLINE-B	F-score: 0.747
ONLINE-B	F-score: 0.667
ONLINE-B	F-score: 0.465
ONLINE-B	F-score: 0.715
ONLINE-B	F-score: 1.000
ONLINE-B	F-score: 0.609
ONLINE-B	F-score: 0.667
ONLINE-B	F-score: 0.600
ONLINE-B	F-score: 0.889
ONLINE-B	F-score: 1.000
ONLINE-B	F-score: 1.000
ONLINE-B	F-score: 0.589
ONLINE-B	F-score: 0.609
ONLINE-B	F-score: 0.571
ONLINE-B	F-score: 0.321
ONLINE-B	F-score: 0.625
ONLINE-B	F-score: 0.400
ONLINE-B	F-score: 0.513
ONLINE-B	F-score: 0.635
ONLINE-B	F-score: 0.556
ONLINE-B	F-score: 0.719
ONLINE-B	F-score: 0.868
ONLINE-B	F-score: 0.701
ONLINE-B	F-score: 0.929
ONLINE-B	F-score: 0.680
ONLINE-B	F-score: 0.936
ONLINE-B	F-score: 0.810
ONLINE-B	F-score: 0.493
ONLINE-B	F-score: 0.575
ONLINE-B	F-score: 0.700
ONLINE-B	F-score: 0.674
ONLINE-B	F-score: 0.537
ONLINE-B	F-score: 0.938
ONLINE-B	F-score: 0.738
ONLINE-B	F-score: 0.694
ONLINE-B	F-score: 0.564
ONLINE-B	F-score: 0.578
ONLINE-B	F-score: 0.563
ONLINE-B	F-score: 0.849
ONLINE-B	F-score: 0.739
ONLINE-B	F-score: 0.862
ONLINE-B	F-score: 0.883
ONLINE-B	F-score: 0.746
ONLINE-B	F-score: 0.695
ONLINE-B	F-score: 0.667
ONLINE-B	F-score: 0.768
ONLINE-B	F-score: 0.730
ONLINE-B	F-score: 0.453
ONLINE-B	F-score: 0.516
ONLINE-B	F-score: 0.565
ONLINE-B	F-score: 0.803
ONLINE-B	F-score: 0.500
ONLINE-B	F-score: 0.513
ONLINE-B	F-score: 1.095
ONLINE-B	F-score: 0.500
ONLINE-B	F-score: 1.000
ONLINE-B	F-score: 0.743
ONLINE-B	F-score: 0.933
ONLINE-B	F-score: 1.000
ONLINE-B	F-score: 0.713
ONLINE-B	F-score: 0.648
ONLINE-B	F-score: 0.545
ONLINE-B	F-score: 0.661
ONLINE-B	F-score: 0.365
ONLINE-B	F-score: 0.356
ONLINE-B	F-score: 0.311
ONLINE-B	F-score: 0.374
ONLINE-B	F-score: 0.538
ONLINE-B	F-score: 0.348
ONLINE-B	F-score: 0.233
ONLINE-B	F-score: 0.381
ONLINE-B	F-score: 0.352
ONLINE-B	F-score: 0.447
ONLINE-B	F-score: 0.286
ONLINE-B	F-score: 0.400
ONLINE-B	F-score: 0.413
ONLINE-B	F-score: 0.392
ONLINE-B	F-score: 0.650
ONLINE-B	F-score: 0.683
ONLINE-B	F-score: 0.700
ONLINE-B	F-score: 0.724
ONLINE-B	F-score: 0.642
ONLINE-B	F-score: 1.000
ONLINE-B	F-score: 0.571
ONLINE-B	F-score: 1.000
ONLINE-B	F-score: 0.732
ONLINE-B	F-score: 0.596
ONLINE-B	F-score: 0.840
ONLINE-B	F-score: 0.750
ONLINE-B	F-score: 0.744
ONLINE-B	F-score: 0.485
ONLINE-B	F-score: 0.465
ONLINE-B	F-score: 0.419
ONLINE-B	F-score: 0.520
ONLINE-B	F-score: 0.353
ONLINE-B	F-score: 0.549
ONLINE-B	F-score: 0.568
ONLINE-B	F-score: 0.759
ONLINE-B	F-score: 0.533
ONLINE-B	F-score: 0.524
ONLINE-B	F-score: 0.788
ONLINE-B	F-score: 0.686
ONLINE-B	F-score: 0.814
ONLINE-B	F-score: 0.769
ONLINE-B	F-score: 0.457
ONLINE-B	F-score: 0.400
ONLINE-B	F-score: 0.667
ONLINE-B	F-score: 0.400
ONLINE-B	F-score: 0.720
ONLINE-B	F-score: 0.730
ONLINE-B	F-score: 0.750
ONLINE-B	F-score: 0.804
ONLINE-B	F-score: 0.677
ONLINE-B	F-score: 0.523
ONLINE-B	F-score: 0.636
ONLINE-B	F-score: 0.813
ONLINE-B	F-score: 1.000
ONLINE-B	F-score: 0.516
ONLINE-B	F-score: 0.574
ONLINE-B	F-score: 0.372
ONLINE-B	F-score: 0.462
ONLINE-B	F-score: 0.444
ONLINE-B	F-score: 0.548
ONLINE-B	F-score: 0.435
ONLINE-B	F-score: 0.506
ONLINE-B	F-score: 0.386
ONLINE-B	F-score: 0.571
ONLINE-B	F-score: 0.607
ONLINE-B	F-score: 0.815
ONLINE-B	F-score: 0.635
ONLINE-B	F-score: 0.846
ONLINE-B	F-score: 0.755
ONLINE-B	F-score: 0.523
ONLINE-B	F-score: 0.862
ONLINE-B	F-score: 0.704
ONLINE-B	F-score: 0.725
ONLINE-B	F-score: 0.864
ONLINE-B	F-score: 0.448
ONLINE-B	F-score: 0.448
ONLINE-B	F-score: 0.408
ONLINE-B	F-score: 0.442
ONLINE-B	F-score: 0.429
ONLINE-B	F-score: 0.766
ONLINE-B	F-score: 0.622
ONLINE-B	F-score: 0.537
ONLINE-B	F-score: 0.489
ONLINE-B	F-score: 0.567
ONLINE-B	F-score: 0.488
ONLINE-B	F-score: 0.568
ONLINE-B	F-score: 0.584
ONLINE-B	F-score: 0.600
ONLINE-B	F-score: 0.840
ONLINE-B	F-score: 1.000
ONLINE-B	F-score: 0.828
ONLINE-B	F-score: 0.903
ONLINE-B	F-score: 0.812
ONLINE-B	F-score: 0.622
ONLINE-B	F-score: 1.000
ONLINE-B	F-score: 1.000
ONLINE-B	F-score: 0.893
ONLINE-B	F-score: 0.500
ONLINE-B	F-score: 0.481
ONLINE-B	F-score: 0.422
ONLINE-B	F-score: 0.522
ONLINE-B	F-score: 0.591
ONLINE-B	F-score: 0.537
ONLINE-B	F-score: 0.458
ONLINE-B	F-score: 0.560
ONLINE-B	F-score: 0.600
ONLINE-B	F-score: 0.700
ONLINE-B	F-score: 0.432
ONLINE-B	F-score: 0.726
ONLINE-B	F-score: 0.792
ONLINE-B	F-score: 0.832
ONLINE-B	F-score: 0.731
ONLINE-B	F-score: 0.736
ONLINE-B	F-score: 0.716
ONLINE-B	F-score: 1.000
ONLINE-B	F-score: 0.615
ONLINE-B	F-score: 0.469
ONLINE-B	F-score: 0.539
ONLINE-B	F-score: 0.548
ONLINE-B	F-score: 0.485
ONLINE-B	F-score: 0.454
ONLINE-B	F-score: 0.556
ONLINE-B	F-score: 0.427
ONLINE-B	F-score: 0.703
ONLINE-B	F-score: 1.000
ONLINE-B	F-score: 0.500
ONLINE-B	F-score: 1.000
ONLINE-B	F-score: 0.733
ONLINE-B	F-score: 0.857
ONLINE-B	F-score: 0.816
ONLINE-B	F-score: 0.725
ONLINE-B	F-score: 0.882
ONLINE-B	F-score: 0.777
ONLINE-B	F-score: 0.882
ONLINE-B	F-score: 0.661
ONLINE-B	F-score: 1.000
ONLINE-B	F-score: 1.000
ONLINE-B	F-score: 1.000
ONLINE-B	F-score: 1.000
ONLINE-B	F-score: 0.800
ONLINE-B	F-score: 0.839
ONLINE-B	F-score: 0.725
ONLINE-B	F-score: 0.902
ONLINE-B	F-score: 0.632
ONLINE-B	F-score: 0.722
ONLINE-B	F-score: 0.427
ONLINE-B	F-score: 0.392
ONLINE-B	F-score: 0.479
ONLINE-B	F-score: 0.286
ONLINE-B	F-score: 0.433
ONLINE-B	F-score: 0.478
ONLINE-B	F-score: 0.396
ONLINE-B	F-score: 0.272
ONLINE-B	F-score: 0.418
ONLINE-B	F-score: 0.273
ONLINE-B	F-score: 0.567
ONLINE-B	F-score: 1.000
ONLINE-B	F-score: 0.561
ONLINE-B	F-score: 0.651
ONLINE-B	F-score: 1.000
ONLINE-B	F-score: 0.863
ONLINE-B	F-score: 0.667
ONLINE-B	F-score: 0.748
ONLINE-B	F-score: 0.646
ONLINE-B	F-score: 0.500
ONLINE-B	F-score: 0.761
ONLINE-B	F-score: 0.644
ONLINE-B	F-score: 0.646
ONLINE-B	F-score: 0.494
ONLINE-B	F-score: 0.608
ONLINE-B	F-score: 0.474
ONLINE-B	F-score: 1.000
ONLINE-B	F-score: 0.610
ONLINE-B	F-score: 0.582
ONLINE-B	F-score: 0.393
ONLINE-B	F-score: 0.692
ONLINE-B	F-score: 0.750
ONLINE-B	F-score: 0.586
ONLINE-B	F-score: 0.773
ONLINE-B	F-score: 0.748
ONLINE-B	F-score: 0.737
ONLINE-B	F-score: 0.453
ONLINE-B	F-score: 1.000
ONLINE-B	F-score: 0.630
ONLINE-B	F-score: 0.773
ONLINE-B	F-score: 0.800
ONLINE-B	F-score: 0.593
ONLINE-B	F-score: 0.759
ONLINE-B	F-score: 0.795
ONLINE-B	F-score: 0.516
ONLINE-B	F-score: 0.748
ONLINE-B	F-score: 0.676
ONLINE-B	F-score: 0.942
ONLINE-B	F-score: 0.519
ONLINE-B	F-score: 0.929
ONLINE-B	F-score: 0.890
ONLINE-B	F-score: 0.792
ONLINE-B	F-score: 0.706
ONLINE-B	F-score: 0.909
ONLINE-B	F-score: 0.579
ONLINE-B	F-score: 0.725
ONLINE-B	F-score: 0.877
ONLINE-B	F-score: 0.781
ONLINE-B	F-score: 0.935
ONLINE-B	F-score: 0.838
ONLINE-B	F-score: 0.674
ONLINE-B	F-score: 0.818
ONLINE-B	F-score: 0.693
ONLINE-B	F-score: 0.652
ONLINE-B	F-score: 0.726
ONLINE-B	F-score: 0.400
ONLINE-B	F-score: 0.662
ONLINE-B	F-score: 0.627
ONLINE-B	F-score: 1.000
ONLINE-B	F-score: 0.916
ONLINE-B	F-score: 0.750
ONLINE-B	F-score: 0.784
ONLINE-B	F-score: 0.673
ONLINE-B	F-score: 0.653
ONLINE-B	F-score: 0.658
ONLINE-B	F-score: 0.605
ONLINE-B	F-score: 0.857
ONLINE-B	F-score: 0.667
ONLINE-B	F-score: 0.594
ONLINE-B	F-score: 0.625
ONLINE-B	F-score: 0.653
ONLINE-B	F-score: 0.933
ONLINE-B	F-score: 0.624
ONLINE-B	F-score: 0.557
ONLINE-B	F-score: 0.442
ONLINE-B	F-score: 0.667
ONLINE-B	F-score: 0.621
ONLINE-B	F-score: 0.756
ONLINE-B	F-score: 0.752
ONLINE-B	F-score: 0.692
ONLINE-B	F-score: 0.258
ONLINE-B	F-score: 0.635
ONLINE-B	F-score: 1.000
ONLINE-B	F-score: 0.894
ONLINE-B	F-score: 0.778
ONLINE-B	F-score: 0.695
ONLINE-B	F-score: 0.741
ONLINE-B	F-score: 1.000
ONLINE-B	F-score: 0.767
ONLINE-B	F-score: 0.803
ONLINE-B	F-score: 0.857
ONLINE-B	F-score: 0.795
ONLINE-B	F-score: 1.000
ONLINE-B	F-score: 0.718
ONLINE-B	F-score: 0.463
ONLINE-B	F-score: 0.500
ONLINE-B	F-score: 0.864
ONLINE-B	F-score: 0.909
ONLINE-B	F-score: 0.571
ONLINE-B	F-score: 0.795
ONLINE-B	F-score: 0.850
ONLINE-B	F-score: 0.970
ONLINE-B	F-score: 0.913
ONLINE-B	F-score: 1.000
ONLINE-B	F-score: 1.000
ONLINE-B	F-score: 0.952
ONLINE-B	F-score: 1.000
ONLINE-B	F-score: 0.938
ONLINE-B	F-score: 0.812
ONLINE-B	F-score: 0.769
ONLINE-B	F-score: 0.713
ONLINE-B	F-score: 0.822
ONLINE-B	F-score: 0.679
ONLINE-B	F-score: 0.711
ONLINE-B	F-score: 0.764
ONLINE-B	F-score: 0.692
ONLINE-B	F-score: 1.000
ONLINE-B	F-score: 0.673
ONLINE-B	F-score: 0.759
ONLINE-B	F-score: 0.897
ONLINE-B	F-score: 1.000
ONLINE-B	F-score: 0.833
ONLINE-B	F-score: 0.706
ONLINE-B	F-score: 0.714
ONLINE-B	F-score: 0.615
ONLINE-B	F-score: 1.000
ONLINE-B	F-score: 0.480
ONLINE-B	F-score: 1.000
ONLINE-B	F-score: 0.600
ONLINE-B	F-score: 0.765
ONLINE-B	F-score: 0.900
ONLINE-B	F-score: 0.679
ONLINE-B	F-score: 0.564
ONLINE-B	F-score: 0.850
ONLINE-B	F-score: 0.833
ONLINE-B	F-score: 1.000
ONLINE-B	F-score: 1.000
ONLINE-B	F-score: 0.654
ONLINE-B	F-score: 1.000
ONLINE-B	F-score: 0.737
ONLINE-B	F-score: 1.000
ONLINE-B	F-score: 0.710
ONLINE-B	F-score: 0.610
ONLINE-B	F-score: 0.846
ONLINE-B	F-score: 0.703
ONLINE-B	F-score: 0.667
ONLINE-B	F-score: 0.700
ONLINE-B	F-score: 1.000
ONLINE-B	F-score: 1.000
ONLINE-B	F-score: 0.879
ONLINE-B	F-score: 0.750
ONLINE-B	F-score: 0.881
ONLINE-B	F-score: 0.760
ONLINE-B	F-score: 0.947
ONLINE-B	F-score: 1.000
ONLINE-B	F-score: 1.000
ONLINE-B	F-score: 0.769
ONLINE-B	F-score: 0.800
ONLINE-B	F-score: 0.574
ONLINE-B	F-score: 0.847
ONLINE-B	F-score: 1.000
ONLINE-B	F-score: 0.771
ONLINE-B	F-score: 0.800
ONLINE-B	F-score: 1.000
ONLINE-B	F-score: 1.000
ONLINE-B	F-score: 0.769
ONLINE-B	F-score: 0.839
ONLINE-B	F-score: 0.585
ONLINE-B	F-score: 1.000
ONLINE-B	F-score: 0.958
ONLINE-B	F-score: 0.580
ONLINE-B	F-score: 1.000
ONLINE-B	F-score: 1.000
ONLINE-B	F-score: 1.000
ONLINE-B	F-score: 0.838
ONLINE-B	F-score: 0.708
ONLINE-B	F-score: 0.830
ONLINE-B	F-score: 1.000
ONLINE-B	F-score: 0.653
ONLINE-B	F-score: 0.771
ONLINE-B	F-score: 0.864
ONLINE-B	F-score: 0.747
ONLINE-B	F-score: 0.952
ONLINE-B	F-score: 0.633
ONLINE-B	F-score: 0.586
ONLINE-B	F-score: 0.977
ONLINE-B	F-score: 1.000
ONLINE-B	F-score: 0.785
ONLINE-B	F-score: 0.933
ONLINE-B	F-score: 0.929
ONLINE-B	F-score: 0.795
ONLINE-B	F-score: 0.636
ONLINE-B	F-score: 0.658
ONLINE-B	F-score: 1.000
ONLINE-B	F-score: 0.598
ONLINE-B	F-score: 0.727
ONLINE-B	F-score: 0.990
ONLINE-B	F-score: 1.000
ONLINE-B	F-score: 1.000
ONLINE-B	F-score: 0.825
ONLINE-B	F-score: 1.000
ONLINE-B	F-score: 0.885
ONLINE-B	F-score: 0.552
ONLINE-B	F-score: 0.585
ONLINE-B	F-score: 0.723
ONLINE-B	F-score: 0.750
ONLINE-B	F-score: 0.674
ONLINE-B	F-score: 1.000
ONLINE-B	F-score: 0.547
ONLINE-B	F-score: 0.840
ONLINE-B	F-score: 0.793
ONLINE-B	F-score: 0.767
ONLINE-B	F-score: 0.635
ONLINE-B	F-score: 0.662
ONLINE-B	F-score: 0.768
ONLINE-B	F-score: 0.817
ONLINE-B	F-score: 0.602
ONLINE-B	F-score: 1.000
ONLINE-B	F-score: 0.796
ONLINE-B	F-score: 1.000
ONLINE-B	F-score: 0.631
ONLINE-B	F-score: 0.718
ONLINE-B	F-score: 0.769
ONLINE-B	F-score: 0.741
ONLINE-B	F-score: 0.623
ONLINE-B	F-score: 1.000
ONLINE-B	F-score: 0.527
ONLINE-B	F-score: 0.605
ONLINE-B	F-score: 0.638
ONLINE-B	F-score: 0.747
ONLINE-B	F-score: 0.715
ONLINE-B	F-score: 0.705
ONLINE-B	F-score: 0.746
ONLINE-B	F-score: 0.537
ONLINE-B	F-score: 0.744
ONLINE-B	F-score: 0.566
ONLINE-B	F-score: 0.798
ONLINE-B	F-score: 0.452
ONLINE-B	F-score: 0.748
ONLINE-B	F-score: 0.909
ONLINE-B	F-score: 0.810
ONLINE-B	F-score: 0.143
ONLINE-B	F-score: 0.637
ONLINE-B	F-score: 0.571
ONLINE-B	F-score: 0.792
ONLINE-B	F-score: 0.872
ONLINE-B	F-score: 0.615
ONLINE-B	F-score: 0.677
ONLINE-B	F-score: 0.784
ONLINE-B	F-score: 0.517
ONLINE-B	F-score: 0.611
ONLINE-B	F-score: 1.000
ONLINE-B	F-score: 0.588
ONLINE-B	F-score: 0.673
ONLINE-B	F-score: 0.894
ONLINE-B	F-score: 0.857
ONLINE-B	F-score: 0.763
ONLINE-B	F-score: 1.000
ONLINE-B	F-score: 1.000
ONLINE-B	F-score: 0.818
ONLINE-B	F-score: 0.716
ONLINE-B	F-score: 0.915
ONLINE-B	F-score: 0.734
ONLINE-B	F-score: 0.833
ONLINE-B	F-score: 0.927
ONLINE-B	F-score: 0.867
ONLINE-B	F-score: 0.831
ONLINE-B	F-score: 1.000
ONLINE-B	F-score: 0.646
ONLINE-B	F-score: 0.699
ONLINE-B	F-score: 0.667
ONLINE-B	F-score: 1.000
ONLINE-B	F-score: 0.723
ONLINE-B	F-score: 0.886
ONLINE-B	F-score: 0.744
ONLINE-B	F-score: 1.000
ONLINE-B	F-score: 0.915
ONLINE-B	F-score: 0.646
ONLINE-B	F-score: 0.667
ONLINE-B	F-score: 0.839
ONLINE-B	F-score: 0.712
ONLINE-B	F-score: 0.842
ONLINE-B	F-score: 0.633
ONLINE-B	F-score: 0.727
ONLINE-B	F-score: 0.810
ONLINE-B	F-score: 0.826
ONLINE-B	F-score: 0.839
ONLINE-B	F-score: 0.755
ONLINE-B	F-score: 0.662
ONLINE-B	F-score: 0.576
ONLINE-B	F-score: 0.673
ONLINE-B	F-score: 0.493
ONLINE-B	F-score: 0.630
ONLINE-B	F-score: 0.473
ONLINE-B	F-score: 0.636
ONLINE-B	F-score: 0.973
ONLINE-B	F-score: 0.712
ONLINE-B	F-score: 0.797
ONLINE-B	F-score: 1.000
ONLINE-B	F-score: 0.576
ONLINE-B	F-score: 0.684
ONLINE-B	F-score: 0.682
ONLINE-B	F-score: 0.620
ONLINE-B	F-score: 0.614
ONLINE-B	F-score: 0.769
ONLINE-B	F-score: 0.560
ONLINE-B	F-score: 0.594
ONLINE-B	F-score: 0.806
ONLINE-B	F-score: 0.702
ONLINE-B	F-score: 1.000
ONLINE-B	F-score: 0.620
ONLINE-B	F-score: 0.859
ONLINE-B	F-score: 0.923
ONLINE-B	F-score: 1.000
ONLINE-B	F-score: 0.690
ONLINE-B	F-score: 0.653
ONLINE-B	F-score: 0.405
ONLINE-B	F-score: 0.509
ONLINE-B	F-score: 0.714
ONLINE-B	F-score: 0.763
ONLINE-B	F-score: 0.530
ONLINE-B	F-score: 0.685
ONLINE-B	F-score: 0.826
ONLINE-B	F-score: 0.754
ONLINE-B	F-score: 0.752
ONLINE-B	F-score: 0.590
ONLINE-B	F-score: 0.762
ONLINE-B	F-score: 0.695
ONLINE-B	F-score: 0.800
ONLINE-B	F-score: 0.689
ONLINE-B	F-score: 0.842
ONLINE-B	F-score: 0.900
ONLINE-B	F-score: 0.370
ONLINE-B	F-score: 0.527
ONLINE-B	F-score: 1.000
ONLINE-B	F-score: 0.694
ONLINE-B	F-score: 0.625
ONLINE-B	F-score: 0.756
ONLINE-B	F-score: 0.545
ONLINE-B	F-score: 1.000
ONLINE-B	F-score: 0.719
ONLINE-B	F-score: 0.643
ONLINE-B	F-score: 0.594
ONLINE-B	F-score: 0.628
ONLINE-B	F-score: 0.588
ONLINE-B	F-score: 0.660
ONLINE-B	F-score: 0.624
ONLINE-B	F-score: 0.957
ONLINE-B	F-score: 1.000
ONLINE-B	F-score: 0.729
ONLINE-B	F-score: 1.000
ONLINE-B	F-score: 0.703
ONLINE-B	F-score: 0.703
ONLINE-B	F-score: 0.714
ONLINE-B	F-score: 1.000
ONLINE-B	F-score: 0.951
ONLINE-B	F-score: 1.000
ONLINE-B	F-score: 0.877
ONLINE-B	F-score: 0.929
ONLINE-B	F-score: 0.913
ONLINE-B	F-score: 0.894
ONLINE-B	F-score: 0.704
ONLINE-B	F-score: 0.943
ONLINE-B	F-score: 0.891
ONLINE-B	F-score: 0.720
ONLINE-B	F-score: 0.852
ONLINE-B	F-score: 0.887
ONLINE-B	F-score: 0.720
ONLINE-B	F-score: 0.836
ONLINE-B	F-score: 0.737
ONLINE-B	F-score: 0.545
ONLINE-B	F-score: 1.000
ONLINE-B	F-score: 0.735
ONLINE-B	F-score: 1.000
ONLINE-B	F-score: 0.731
ONLINE-B	F-score: 0.800
ONLINE-B	F-score: 0.569
ONLINE-B	F-score: 1.000
ONLINE-B	F-score: 0.537
ONLINE-B	F-score: 0.672
ONLINE-B	F-score: 0.689
ONLINE-B	F-score: 1.000
ONLINE-B	F-score: 1.000
ONLINE-B	F-score: 1.000
ONLINE-B	F-score: 0.731
ONLINE-B	F-score: 0.742
ONLINE-B	F-score: 0.741
ONLINE-B	F-score: 0.483
ONLINE-B	F-score: 0.659
ONLINE-B	F-score: 0.724
ONLINE-B	F-score: 0.727
ONLINE-B	F-score: 0.400
ONLINE-B	F-score: 0.842
ONLINE-B	F-score: 0.720
ONLINE-B	F-score: 0.667
ONLINE-B	F-score: 0.591
ONLINE-B	F-score: 0.705
ONLINE-B	F-score: 0.600
ONLINE-B	F-score: 0.766
ONLINE-B	F-score: 0.582
ONLINE-B	F-score: 0.606
ONLINE-B	F-score: 0.808
ONLINE-B	F-score: 0.862
ONLINE-B	F-score: 0.662
ONLINE-B	F-score: 1.000
ONLINE-B	F-score: 0.576
ONLINE-B	F-score: 0.805
ONLINE-B	F-score: 0.775
ONLINE-B	F-score: 0.567
ONLINE-B	F-score: 1.000
ONLINE-B	F-score: 0.740
ONLINE-B	F-score: 0.828
ONLINE-B	F-score: 1.000
ONLINE-B	F-score: 0.760
ONLINE-B	F-score: 1.000
ONLINE-B	F-score: 0.831
ONLINE-B	F-score: 0.889
ONLINE-B	F-score: 0.727
ONLINE-B	F-score: 0.853
ONLINE-B	F-score: 0.766
ONLINE-B	F-score: 0.820
ONLINE-B	F-score: 0.600
ONLINE-B	F-score: 0.830
ONLINE-B	F-score: 0.508
ONLINE-B	F-score: 0.867
ONLINE-B	F-score: 0.259
ONLINE-B	F-score: 0.830
ONLINE-B	F-score: 0.850
ONLINE-B	F-score: 0.761
ONLINE-B	F-score: 0.760
ONLINE-B	F-score: 0.824
ONLINE-B	F-score: 0.889
ONLINE-B	F-score: 0.844
ONLINE-B	F-score: 0.909
ONLINE-B	F-score: 0.842
ONLINE-B	F-score: 0.750
ONLINE-B	F-score: 0.754
ONLINE-B	F-score: 0.819
ONLINE-B	F-score: 0.615
ONLINE-B	F-score: 0.855
ONLINE-B	F-score: 0.918
ONLINE-B	F-score: 1.000
ONLINE-B	F-score: 1.000
ONLINE-B	F-score: 1.000
ONLINE-B	F-score: 0.909
ONLINE-B	F-score: 0.743
ONLINE-B	F-score: 0.747
ONLINE-B	F-score: 1.000
ONLINE-B	F-score: 1.000
ONLINE-B	F-score: 0.800
ONLINE-B	F-score: 0.857
ONLINE-B	F-score: 0.857
ONLINE-B	F-score: 0.818
ONLINE-B	F-score: 0.857
ONLINE-B	F-score: 0.924
ONLINE-B	F-score: 1.000
ONLINE-B	F-score: 0.762
ONLINE-B	F-score: 1.000
ONLINE-B	F-score: 0.720
ONLINE-B	F-score: 0.812
ONLINE-B	F-score: 0.800
ONLINE-B	F-score: 1.000
ONLINE-B	F-score: 0.839
ONLINE-B	F-score: 1.000
ONLINE-B	F-score: 0.929
ONLINE-B	F-score: 0.815
ONLINE-B	F-score: 0.943
ONLINE-B	F-score: 1.000
ONLINE-B	F-score: 0.727
ONLINE-B	F-score: 0.936
ONLINE-B	F-score: 0.884
ONLINE-B	F-score: 0.696
ONLINE-B	F-score: 0.752
ONLINE-B	F-score: 0.899
ONLINE-B	F-score: 0.702
ONLINE-B	F-score: 0.727
ONLINE-B	F-score: 0.735
ONLINE-B	F-score: 0.694
ONLINE-B	F-score: 0.567
ONLINE-B	F-score: 0.727
ONLINE-B	F-score: 0.714
ONLINE-B	F-score: 0.571
ONLINE-B	F-score: 0.900
ONLINE-B	F-score: 0.696
ONLINE-B	F-score: 0.885
ONLINE-B	F-score: 0.863
ONLINE-B	F-score: 0.636
ONLINE-B	F-score: 0.627
ONLINE-B	F-score: 0.733
ONLINE-B	F-score: 0.615
ONLINE-B	F-score: 0.909
ONLINE-B	F-score: 0.706
ONLINE-B	F-score: 0.676
ONLINE-B	F-score: 0.813
ONLINE-B	F-score: 0.612
ONLINE-B	F-score: 0.840
ONLINE-B	F-score: 1.000
ONLINE-B	F-score: 0.494
ONLINE-B	F-score: 0.955
ONLINE-B	F-score: 0.852
ONLINE-B	F-score: 0.857
ONLINE-B	F-score: 0.581
ONLINE-B	F-score: 1.000
ONLINE-B	F-score: 0.836
ONLINE-B	F-score: 0.889
ONLINE-B	F-score: 0.857
ONLINE-B	F-score: 0.747
ONLINE-B	F-score: 0.880
ONLINE-B	F-score: 0.845
ONLINE-B	F-score: 0.633
ONLINE-B	F-score: 0.743
ONLINE-B	F-score: 0.869
ONLINE-B	F-score: 0.783
ONLINE-B	F-score: 0.702
ONLINE-B	F-score: 0.754
ONLINE-B	F-score: 0.796
ONLINE-B	F-score: 0.819
ONLINE-B	F-score: 0.754
ONLINE-B	F-score: 0.752
ONLINE-B	F-score: 0.898
ONLINE-B	F-score: 0.500
ONLINE-B	F-score: 0.500
ONLINE-B	F-score: 0.836
ONLINE-B	F-score: 0.892
ONLINE-B	F-score: 0.761
ONLINE-B	F-score: 0.724
ONLINE-B	F-score: 0.733
ONLINE-B	F-score: 0.944
ONLINE-B	F-score: 0.818
ONLINE-B	F-score: 0.641
ONLINE-B	F-score: 0.500
ONLINE-B	F-score: 1.000
ONLINE-B	F-score: 0.725
ONLINE-B	F-score: 0.731
ONLINE-B	F-score: 0.911
ONLINE-B	F-score: 1.000
ONLINE-B	F-score: 0.808
ONLINE-B	F-score: 0.701
ONLINE-B	F-score: 0.895
ONLINE-B	F-score: 0.711
ONLINE-B	F-score: 0.569
ONLINE-B	F-score: 0.500
ONLINE-B	F-score: 0.933
ONLINE-B	F-score: 0.571
ONLINE-B	F-score: 0.965
ONLINE-B	F-score: 0.842
ONLINE-B	F-score: 0.756
ONLINE-B	F-score: 0.835
ONLINE-B	F-score: 0.842
ONLINE-B	F-score: 0.950
ONLINE-B	F-score: 0.748
ONLINE-B	F-score: 0.818
ONLINE-B	F-score: 0.812
ONLINE-B	F-score: 0.764
ONLINE-B	F-score: 0.694
ONLINE-B	F-score: 0.559
ONLINE-B	F-score: 0.836
ONLINE-B	F-score: 0.724
ONLINE-B	F-score: 0.852
ONLINE-B	F-score: 0.817
ONLINE-B	F-score: 0.603
ONLINE-B	F-score: 0.714
ONLINE-B	F-score: 0.824
ONLINE-B	F-score: 0.923
ONLINE-B	F-score: 0.878
ONLINE-B	F-score: 0.808
ONLINE-B	F-score: 0.583
ONLINE-B	F-score: 0.780
ONLINE-B	F-score: 0.623
ONLINE-B	F-score: 0.857
ONLINE-B	F-score: 0.828
ONLINE-B	F-score: 0.870
ONLINE-B	F-score: 0.800
ONLINE-B	F-score: 0.400
ONLINE-B	F-score: 0.923
ONLINE-B	F-score: 0.385
ONLINE-B	F-score: 0.660
ONLINE-B	F-score: 0.835
ONLINE-B	F-score: 0.698
ONLINE-B	F-score: 1.000
ONLINE-B	F-score: 0.667
ONLINE-B	F-score: 0.658
ONLINE-B	F-score: 0.634
ONLINE-B	F-score: 0.511
ONLINE-B	F-score: 0.541
ONLINE-B	F-score: 0.500
ONLINE-B	F-score: 0.769
ONLINE-B	F-score: 0.682
ONLINE-B	F-score: 0.532
ONLINE-B	F-score: 0.839
ONLINE-B	F-score: 0.778
ONLINE-B	F-score: 0.656
ONLINE-B	F-score: 0.903
ONLINE-B	F-score: 0.659
ONLINE-B	F-score: 0.500
ONLINE-B	F-score: 0.724
ONLINE-B	F-score: 0.656
ONLINE-B	F-score: 0.877
ONLINE-B	F-score: 0.743
ONLINE-B	F-score: 1.000
ONLINE-B	F-score: 0.625
ONLINE-B	F-score: 0.556
ONLINE-B	F-score: 0.556
ONLINE-B	F-score: 0.750
ONLINE-B	F-score: 0.889
ONLINE-B	F-score: 0.538
ONLINE-B	F-score: 1.000
ONLINE-B	F-score: 0.630
ONLINE-B	F-score: 1.000
ONLINE-B	F-score: 0.750
ONLINE-B	F-score: 0.551
ONLINE-B	F-score: 0.821
ONLINE-B	F-score: 0.800
ONLINE-B	F-score: 0.710
ONLINE-B	F-score: 0.645
ONLINE-B	F-score: 1.000
ONLINE-B	F-score: 0.800
ONLINE-B	F-score: 0.655
ONLINE-B	F-score: 1.000
ONLINE-B	F-score: 0.264
ONLINE-B	F-score: 0.630
ONLINE-B	F-score: 0.689
ONLINE-B	F-score: 1.000
ONLINE-B	F-score: 0.615
ONLINE-B	F-score: 0.700
ONLINE-B	F-score: 0.955
ONLINE-B	F-score: 0.944
ONLINE-B	F-score: 1.000
ONLINE-B	F-score: 0.888
ONLINE-B	F-score: 0.683
ONLINE-B	F-score: 0.476
ONLINE-B	F-score: 0.578
ONLINE-B	F-score: 0.680
ONLINE-B	F-score: 0.446
ONLINE-B	F-score: 0.696
ONLINE-B	F-score: 0.818
ONLINE-B	F-score: 0.918
ONLINE-B	F-score: 0.649
ONLINE-B	F-score: 0.754
ONLINE-B	F-score: 0.625
ONLINE-B	F-score: 0.476
ONLINE-B	F-score: 1.000
ONLINE-B	F-score: 1.000
ONLINE-B	F-score: 1.000
ONLINE-B	F-score: 0.596
ONLINE-B	F-score: 0.730
ONLINE-B	F-score: 0.356
ONLINE-B	F-score: 0.548
ONLINE-B	F-score: 1.000
ONLINE-B	F-score: 0.500
ONLINE-B	F-score: 0.450
ONLINE-B	F-score: 0.814
ONLINE-B	F-score: 0.710
ONLINE-B	F-score: 0.588
ONLINE-B	F-score: 0.875
ONLINE-B	F-score: 0.756
ONLINE-B	F-score: 0.667
ONLINE-B	F-score: 0.235
ONLINE-B	F-score: 0.541
ONLINE-B	F-score: 0.740
ONLINE-B	F-score: 0.602
ONLINE-B	F-score: 0.768
ONLINE-B	F-score: 0.600
ONLINE-B	F-score: 0.600
ONLINE-B	F-score: 0.200
ONLINE-B	F-score: 0.622
ONLINE-B	F-score: 0.417
ONLINE-B	F-score: 0.421
ONLINE-B	F-score: 0.610
ONLINE-B	F-score: 1.000
ONLINE-B	F-score: 0.577
ONLINE-B	F-score: 0.714
ONLINE-B	F-score: 0.526
ONLINE-B	F-score: 0.846
ONLINE-B	F-score: 0.733
ONLINE-B	F-score: 0.767
ONLINE-B	F-score: 0.603
ONLINE-B	F-score: 1.000
ONLINE-B	F-score: 1.000
ONLINE-B	F-score: 0.857
ONLINE-B	F-score: 0.505
ONLINE-B	F-score: 0.533
ONLINE-B	F-score: 0.509
ONLINE-B	F-score: 0.678
ONLINE-B	F-score: 0.522
ONLINE-B	F-score: 0.554
ONLINE-B	F-score: 0.651
ONLINE-B	F-score: 0.563
ONLINE-B	F-score: 0.625
ONLINE-B	F-score: 1.000
ONLINE-B	F-score: 0.519
ONLINE-B	F-score: 0.750
ONLINE-B	F-score: 0.615
ONLINE-B	F-score: 0.519
ONLINE-B	F-score: 0.741
ONLINE-B	F-score: 0.533
ONLINE-B	F-score: 0.435
ONLINE-B	F-score: 0.727
ONLINE-B	F-score: 0.529
ONLINE-B	F-score: 1.000
ONLINE-B	F-score: 0.889
ONLINE-B	F-score: 0.308
ONLINE-B	F-score: 0.432
ONLINE-B	F-score: 1.000
ONLINE-B	F-score: 0.504
ONLINE-B	F-score: 0.875
ONLINE-B	F-score: 0.564
ONLINE-B	F-score: 0.478
ONLINE-B	F-score: 0.829
ONLINE-B	F-score: 0.135
ONLINE-B	F-score: 0.479
ONLINE-B	F-score: 0.609
ONLINE-B	F-score: 0.483
ONLINE-B	F-score: 0.364
ONLINE-B	F-score: 0.650
ONLINE-B	F-score: 0.439
ONLINE-B	F-score: 0.667
ONLINE-B	F-score: 0.498
ONLINE-B	F-score: 0.640
ONLINE-B	F-score: 0.629
ONLINE-B	F-score: 0.658
ONLINE-B	F-score: 0.552
ONLINE-B	F-score: 0.588
ONLINE-B	F-score: 0.436
ONLINE-B	F-score: 0.154
ONLINE-B	F-score: 0.871
ONLINE-B	F-score: 0.750
ONLINE-B	F-score: 0.767
ONLINE-B	F-score: 0.880
ONLINE-B	F-score: 1.000
ONLINE-B	F-score: 1.000
ONLINE-B	F-score: 0.125
ONLINE-B	F-score: 0.653
ONLINE-B	F-score: 0.780
ONLINE-B	F-score: 0.480
ONLINE-B	F-score: 0.475
ONLINE-B	F-score: 0.630
ONLINE-B	F-score: 0.742
ONLINE-B	F-score: 0.541
ONLINE-B	F-score: 0.444
ONLINE-B	F-score: 0.693
ONLINE-B	F-score: 0.609
ONLINE-B	F-score: 0.486
ONLINE-B	F-score: 0.929
ONLINE-B	F-score: 0.957
ONLINE-B	F-score: 1.000
ONLINE-B	F-score: 0.800
ONLINE-B	F-score: 1.000
ONLINE-B	F-score: 1.000
ONLINE-B	F-score: 0.842
ONLINE-B	F-score: 0.829
ONLINE-B	F-score: 0.750
ONLINE-B	F-score: 0.553
ONLINE-B	F-score: 0.448
ONLINE-B	F-score: 0.750
ONLINE-B	F-score: 0.615
ONLINE-B	F-score: 0.714
ONLINE-B	F-score: 0.581
ONLINE-B	F-score: 0.625
ONLINE-B	F-score: 0.621
ONLINE-B	F-score: 0.708
ONLINE-B	F-score: 0.948
ONLINE-B	F-score: 0.690
ONLINE-B	F-score: 0.720
ONLINE-B	F-score: 0.625
ONLINE-B	F-score: 0.694
ONLINE-B	F-score: 0.532
ONLINE-B	F-score: 0.841
ONLINE-B	F-score: 0.714
ONLINE-B	F-score: 0.698
ONLINE-B	F-score: 0.622
ONLINE-B	F-score: 0.655
ONLINE-B	F-score: 0.682
ONLINE-B	F-score: 1.000
ONLINE-B	F-score: 0.494
ONLINE-B	F-score: 0.627
ONLINE-B	F-score: 0.592
ONLINE-B	F-score: 0.745
ONLINE-B	F-score: 0.455
ONLINE-B	F-score: 0.955
ONLINE-B	F-score: 0.564
ONLINE-B	F-score: 0.452
ONLINE-B	F-score: 0.923
ONLINE-B	F-score: 1.000
ONLINE-B	F-score: 0.364
ONLINE-B	F-score: 0.676
ONLINE-B	F-score: 1.000
ONLINE-B	F-score: 0.476
ONLINE-B	F-score: 0.533
ONLINE-B	F-score: 0.750
ONLINE-B	F-score: 0.597
ONLINE-B	F-score: 0.545
ONLINE-B	F-score: 0.734
ONLINE-B	F-score: 0.642
ONLINE-B	F-score: 0.857
ONLINE-B	F-score: 0.805
ONLINE-B	F-score: 0.667
ONLINE-B	F-score: 0.839
ONLINE-B	F-score: 0.860
ONLINE-B	F-score: 0.725
ONLINE-B	F-score: 0.495
ONLINE-B	F-score: 0.784
ONLINE-B	F-score: 0.791
ONLINE-B	F-score: 0.790
ONLINE-B	F-score: 0.774
ONLINE-B	F-score: 1.000
ONLINE-B	F-score: 1.000
ONLINE-B	F-score: 0.642
ONLINE-B	F-score: 0.615
ONLINE-B	F-score: 1.000
ONLINE-B	F-score: 1.000
ONLINE-B	F-score: 0.308
ONLINE-B	F-score: 0.500
ONLINE-B	F-score: 0.750
ONLINE-B	F-score: 0.720
ONLINE-B	F-score: 0.400
ONLINE-B	F-score: 0.598
ONLINE-B	F-score: 0.735
ONLINE-B	F-score: 0.578
ONLINE-B	F-score: 0.667
ONLINE-B	F-score: 0.750
ONLINE-B	F-score: 0.610
ONLINE-B	F-score: 1.000
ONLINE-B	F-score: 1.000
ONLINE-B	F-score: 0.200
ONLINE-B	F-score: 1.000
ONLINE-B	F-score: 1.000
ONLINE-B	F-score: 0.571
ONLINE-B	F-score: 0.211
ONLINE-B	F-score: 0.633
ONLINE-B	F-score: 0.674
ONLINE-B	F-score: 1.000
ONLINE-B	F-score: 0.833
ONLINE-B	F-score: 0.697
ONLINE-B	F-score: 0.750
ONLINE-B	F-score: 0.948
ONLINE-B	F-score: 1.000
ONLINE-B	F-score: 0.500
ONLINE-B	F-score: 0.527
ONLINE-B	F-score: 0.515
ONLINE-B	F-score: 0.800
ONLINE-B	F-score: 0.917
ONLINE-B	F-score: 0.426
ONLINE-B	F-score: 0.742
ONLINE-B	F-score: 0.778
ONLINE-B	F-score: 0.976
ONLINE-B	F-score: 0.558
ONLINE-B	F-score: 1.000
ONLINE-B	F-score: 1.000
ONLINE-B	F-score: 0.636
ONLINE-B	F-score: 0.622
ONLINE-B	F-score: 0.607
ONLINE-B	F-score: 0.515
ONLINE-B	F-score: 0.931
ONLINE-B	F-score: 0.737
ONLINE-B	F-score: 0.762
ONLINE-B	F-score: 1.000
ONLINE-B	F-score: 0.410
ONLINE-B	F-score: 0.654
ONLINE-B	F-score: 0.750
ONLINE-B	F-score: 0.658
ONLINE-B	F-score: 0.533
ONLINE-B	F-score: 1.000
ONLINE-B	F-score: 0.661
ONLINE-B	F-score: 0.750
ONLINE-B	F-score: 0.652
ONLINE-B	F-score: 1.000
ONLINE-B	F-score: 0.667
ONLINE-B	F-score: 0.949
ONLINE-B	F-score: 0.758
ONLINE-B	F-score: 0.500
ONLINE-B	F-score: 0.727
ONLINE-B	F-score: 1.000
ONLINE-B	F-score: 0.516
ONLINE-B	F-score: 0.539
ONLINE-B	F-score: 0.553
ONLINE-B	F-score: 0.601
ONLINE-B	F-score: 0.533
ONLINE-B	F-score: 0.622
ONLINE-B	F-score: 1.000
ONLINE-B	F-score: 1.000
ONLINE-B	F-score: 1.000
ONLINE-B	F-score: 0.925
ONLINE-B	F-score: 1.000
ONLINE-B	F-score: 1.000
ONLINE-B	F-score: 0.333
ONLINE-B	F-score: 0.714
ONLINE-B	F-score: 0.511
ONLINE-B	F-score: 0.517
ONLINE-B	F-score: 0.800
ONLINE-B	F-score: 1.000
ONLINE-B	F-score: 0.480
ONLINE-B	F-score: 0.636
ONLINE-B	F-score: 0.818
ONLINE-B	F-score: 0.754
ONLINE-B	F-score: 1.000
ONLINE-B	F-score: 0.593
ONLINE-B	F-score: 0.800
ONLINE-B	F-score: 0.639
ONLINE-B	F-score: 0.647
ONLINE-B	F-score: 0.533
ONLINE-B	F-score: 0.871
ONLINE-B	F-score: 0.500
ONLINE-B	F-score: 0.686
ONLINE-B	F-score: 0.598
ONLINE-B	F-score: 0.583
ONLINE-B	F-score: 0.608
ONLINE-B	F-score: 0.444
ONLINE-B	F-score: 0.760
ONLINE-B	F-score: 1.000
ONLINE-B	F-score: 0.633
ONLINE-B	F-score: 0.784
ONLINE-B	F-score: 0.600
ONLINE-B	F-score: 0.847
ONLINE-B	F-score: 0.524
ONLINE-B	F-score: 0.727
ONLINE-B	F-score: 0.648
ONLINE-B	F-score: 0.679
ONLINE-B	F-score: 0.333
ONLINE-B	F-score: 1.000
ONLINE-B	F-score: 0.750
ONLINE-B	F-score: 0.675
ONLINE-B	F-score: 0.625
ONLINE-B	F-score: 0.750
ONLINE-B	F-score: 1.000
ONLINE-B	F-score: 1.000
ONLINE-B	F-score: 0.500
ONLINE-B	F-score: 0.333
ONLINE-B	F-score: 0.767
ONLINE-B	F-score: 0.779
ONLINE-B	F-score: 0.845
ONLINE-B	F-score: 0.550
ONLINE-B	F-score: 0.588
ONLINE-B	F-score: 0.904
ONLINE-B	F-score: 0.395
ONLINE-B	F-score: 0.500
ONLINE-B	F-score: 0.286
ONLINE-B	F-score: 0.402
ONLINE-B	F-score: 0.642
ONLINE-B	F-score: 0.596
ONLINE-B	F-score: 0.857
ONLINE-B	F-score: 0.667
ONLINE-B	F-score: 0.944
ONLINE-B	F-score: 1.000
ONLINE-B	F-score: 0.421
ONLINE-B	F-score: 0.588
ONLINE-B	F-score: 0.827
ONLINE-B	F-score: 1.000
ONLINE-B	F-score: 0.533
ONLINE-B	F-score: 0.867
ONLINE-B	F-score: 0.642
ONLINE-B	F-score: 0.520
ONLINE-B	F-score: 0.609
ONLINE-B	F-score: 0.622
ONLINE-B	F-score: 0.500
ONLINE-B	F-score: 0.653
ONLINE-B	F-score: 0.461
ONLINE-B	F-score: 1.000
ONLINE-B	F-score: 0.416
ONLINE-B	F-score: 0.721
ONLINE-B	F-score: 0.620
ONLINE-B	F-score: 0.535
ONLINE-B	F-score: 1.000
ONLINE-B	F-score: 1.000
ONLINE-B	F-score: 0.725
ONLINE-B	F-score: 1.000
ONLINE-B	F-score: 0.750
ONLINE-B	F-score: 1.000
ONLINE-B	F-score: 0.800
ONLINE-B	F-score: 0.421
ONLINE-B	F-score: 0.379
ONLINE-B	F-score: 0.818
ONLINE-B	F-score: 0.200
ONLINE-B	F-score: 0.649
ONLINE-B	F-score: 0.877
ONLINE-B	F-score: 0.634
ONLINE-B	F-score: 0.551
ONLINE-B	F-score: 1.000
ONLINE-B	F-score: 0.604
ONLINE-B	F-score: 0.627
ONLINE-B	F-score: 0.255
ONLINE-B	F-score: 0.778
ONLINE-B	F-score: 0.409
ONLINE-B	F-score: 0.737
ONLINE-B	F-score: 0.714
ONLINE-B	F-score: 0.816
ONLINE-B	F-score: 0.673
ONLINE-B	F-score: 0.600
ONLINE-B	F-score: 0.550
ONLINE-B	F-score: 0.444
ONLINE-B	F-score: 0.400
ONLINE-B	F-score: 0.786
ONLINE-B	F-score: 0.778
ONLINE-B	F-score: 0.686
ONLINE-B	F-score: 0.778
ONLINE-B	F-score: 0.667
ONLINE-B	F-score: 0.812
ONLINE-B	F-score: 0.373
ONLINE-B	F-score: 0.455
ONLINE-B	F-score: 0.852
ONLINE-B	F-score: 0.571
ONLINE-B	F-score: 0.500
ONLINE-B	F-score: 0.696
ONLINE-B	F-score: 0.673
ONLINE-B	F-score: 0.303
ONLINE-B	F-score: 0.625
ONLINE-B	F-score: 0.615
ONLINE-B	F-score: 0.566
ONLINE-B	F-score: 0.493
ONLINE-B	F-score: 0.609
ONLINE-B	F-score: 0.786
ONLINE-B	F-score: 1.000
ONLINE-B	F-score: 0.533
ONLINE-B	F-score: 0.200
ONLINE-B	F-score: 0.579
ONLINE-B	F-score: 0.714
ONLINE-B	F-score: 0.429
ONLINE-B	F-score: 0.444
ONLINE-B	F-score: 0.773
ONLINE-B	F-score: 0.639
ONLINE-B	F-score: 0.598
ONLINE-B	F-score: 0.714
ONLINE-B	F-score: 0.800
ONLINE-B	F-score: 0.636
ONLINE-B	F-score: 0.308
ONLINE-B	F-score: 0.500
ONLINE-B	F-score: 1.000
ONLINE-B	F-score: 0.788
ONLINE-B	F-score: 1.000
ONLINE-B	F-score: 1.000
ONLINE-B	F-score: 0.743
ONLINE-B	F-score: 0.465
ONLINE-B	F-score: 0.596
ONLINE-B	F-score: 0.646
ONLINE-B	F-score: 0.691
ONLINE-B	F-score: 0.476
ONLINE-B	F-score: 0.722
ONLINE-B	F-score: 0.222
ONLINE-B	F-score: 0.716
ONLINE-B	F-score: 0.794
ONLINE-B	F-score: 0.800
ONLINE-B	F-score: 0.674
ONLINE-B	F-score: 0.725
ONLINE-B	F-score: 0.412
ONLINE-B	F-score: 0.655
ONLINE-B	F-score: 0.614
ONLINE-B	F-score: 0.600
ONLINE-B	F-score: 0.500
ONLINE-B	F-score: 0.562
ONLINE-B	F-score: 0.642
ONLINE-B	F-score: 0.571
ONLINE-B	F-score: 0.432
ONLINE-B	F-score: 0.615
ONLINE-B	F-score: 1.000
ONLINE-B	F-score: 0.507
ONLINE-B	F-score: 0.788
ONLINE-B	F-score: 0.562
ONLINE-B	F-score: 0.504
ONLINE-B	F-score: 0.769
ONLINE-B	F-score: 0.831
ONLINE-B	F-score: 0.765
ONLINE-B	F-score: 0.657
ONLINE-B	F-score: 0.241
ONLINE-B	F-score: 0.513
ONLINE-B	F-score: 0.789
ONLINE-B	F-score: 0.683
ONLINE-B	F-score: 0.652
ONLINE-B	F-score: 0.926
ONLINE-B	F-score: 0.593
ONLINE-B	F-score: 0.569
ONLINE-B	F-score: 0.757
ONLINE-B	F-score: 0.710
ONLINE-B	F-score: 0.829
ONLINE-B	F-score: 0.800
ONLINE-B	F-score: 1.000
ONLINE-B	F-score: 0.826
ONLINE-B	F-score: 0.471
ONLINE-B	F-score: 0.602
ONLINE-B	F-score: 0.476
ONLINE-B	F-score: 0.667
ONLINE-B	F-score: 0.556
ONLINE-B	F-score: 0.644
ONLINE-B	F-score: 0.691
ONLINE-B	F-score: 1.000
ONLINE-B	F-score: 0.657
ONLINE-B	F-score: 0.800
ONLINE-B	F-score: 0.864
ONLINE-B	F-score: 0.211
ONLINE-B	F-score: 0.483
ONLINE-B	F-score: 0.774
ONLINE-B	F-score: 0.396
ONLINE-B	F-score: 1.000
ONLINE-B	F-score: 0.619
ONLINE-B	F-score: 0.523
ONLINE-B	F-score: 0.615
ONLINE-B	F-score: 0.538
ONLINE-B	F-score: 0.660
ONLINE-B	F-score: 0.667
ONLINE-B	F-score: 0.500
ONLINE-B	F-score: 0.600
ONLINE-B	F-score: 1.000
ONLINE-B	F-score: 0.786
ONLINE-B	F-score: 0.565
ONLINE-B	F-score: 1.000
ONLINE-B	F-score: 0.596
ONLINE-B	F-score: 0.333
ONLINE-B	F-score: 0.460
ONLINE-B	F-score: 0.602
ONLINE-B	F-score: 0.874
ONLINE-B	F-score: 0.222
ONLINE-B	F-score: 0.595
ONLINE-B	F-score: 0.630
ONLINE-B	F-score: 0.486
ONLINE-B	F-score: 0.629
ONLINE-B	F-score: 1.000
ONLINE-B	F-score: 1.000
ONLINE-B	F-score: 0.889
ONLINE-B	F-score: 1.000
ONLINE-B	F-score: 0.296
ONLINE-B	F-score: 0.700
ONLINE-B	F-score: 0.556
ONLINE-B	F-score: 0.333
ONLINE-B	F-score: 1.000
ONLINE-B	F-score: 0.536
ONLINE-B	F-score: 0.731
ONLINE-B	F-score: 0.600
ONLINE-B	F-score: 0.536
ONLINE-B	F-score: 0.444
ONLINE-B	F-score: 0.667
ONLINE-B	F-score: 0.667
ONLINE-B	F-score: 1.000
ONLINE-B	F-score: 1.000
ONLINE-B	F-score: 0.788
ONLINE-B	F-score: 0.744
ONLINE-B	F-score: 1.000
ONLINE-B	F-score: 0.653
ONLINE-B	F-score: 0.791
ONLINE-B	F-score: 0.472
ONLINE-B	F-score: 0.500
ONLINE-B	F-score: 0.732
ONLINE-B	F-score: 1.000
ONLINE-B	F-score: 1.000
ONLINE-B	F-score: 0.793
ONLINE-B	F-score: 0.824
ONLINE-B	F-score: 0.584
ONLINE-B	F-score: 1.000
ONLINE-B	F-score: 0.655
ONLINE-B	F-score: 0.541
ONLINE-B	F-score: 0.586
ONLINE-B	F-score: 0.545
ONLINE-B	F-score: 0.513
ONLINE-B	F-score: 0.516
ONLINE-B	F-score: 0.606
ONLINE-B	F-score: 0.882
ONLINE-B	F-score: 0.500
ONLINE-B	F-score: 0.690
ONLINE-B	F-score: 0.917
ONLINE-B	F-score: 0.545
ONLINE-B	F-score: 1.000
ONLINE-B	F-score: 1.000
ONLINE-B	F-score: 0.387
ONLINE-B	F-score: 1.000
ONLINE-B	F-score: 0.962
ONLINE-B	F-score: 0.642
ONLINE-B	F-score: 0.575
ONLINE-B	F-score: 0.846
ONLINE-B	F-score: 0.778
ONLINE-B	F-score: 0.500
ONLINE-B	F-score: 0.792
ONLINE-B	F-score: 0.737
ONLINE-B	F-score: 1.000
ONLINE-B	F-score: 0.500
ONLINE-B	F-score: 0.667
ONLINE-B	F-score: 0.923
ONLINE-B	F-score: 0.500
ONLINE-B	F-score: 0.667
ONLINE-B	F-score: 0.750
ONLINE-B	F-score: 0.444
ONLINE-B	F-score: 0.471
ONLINE-B	F-score: 0.667
ONLINE-B	F-score: 0.424
ONLINE-B	F-score: 0.364
ONLINE-B	F-score: 0.667
ONLINE-B	F-score: 0.556
ONLINE-B	F-score: 0.857
ONLINE-B	F-score: 0.864
ONLINE-B	F-score: 0.560
ONLINE-B	F-score: 0.789
ONLINE-B	F-score: 0.769
ONLINE-B	F-score: 1.000
ONLINE-B	F-score: 0.400
ONLINE-B	F-score: 0.706
ONLINE-B	F-score: 1.000
ONLINE-B	F-score: 1.000
ONLINE-B	F-score: 0.556
ONLINE-B	F-score: 0.566
ONLINE-B	F-score: 0.600
ONLINE-B	F-score: 1.000
ONLINE-B	F-score: 0.642
ONLINE-B	F-score: 1.000
ONLINE-B	F-score: 1.000
ONLINE-B	F-score: 0.054
ONLINE-B	F-score: 0.689
ONLINE-B	F-score: 0.617
ONLINE-B	F-score: 0.833
ONLINE-B	F-score: 0.727
ONLINE-B	F-score: 0.471
ONLINE-B	F-score: 0.704
ONLINE-B	F-score: 0.453
ONLINE-B	F-score: 0.750
ONLINE-B	F-score: 1.000
ONLINE-B	F-score: 0.650
ONLINE-B	F-score: 0.769
ONLINE-B	F-score: 0.476
ONLINE-B	F-score: 0.500
ONLINE-B	F-score: 0.615
ONLINE-B	F-score: 0.643
ONLINE-B	F-score: 1.000
ONLINE-B	F-score: 0.762
ONLINE-B	F-score: 0.711
ONLINE-B	F-score: 0.689
ONLINE-B	F-score: 0.833
ONLINE-B	F-score: 0.804
ONLINE-B	F-score: 0.600
ONLINE-B	F-score: 0.429
ONLINE-B	F-score: 0.400
ONLINE-B	F-score: 0.465
ONLINE-B	F-score: 0.778
ONLINE-B	F-score: 0.496
ONLINE-B	F-score: 0.537
ONLINE-B	F-score: 0.791
ONLINE-B	F-score: 0.520
ONLINE-B	F-score: 0.889
ONLINE-B	F-score: 0.560
ONLINE-B	F-score: 0.625
ONLINE-B	F-score: 0.690
ONLINE-B	F-score: 0.717
ONLINE-B	F-score: 0.809
ONLINE-B	F-score: 0.857
ONLINE-B	F-score: 0.333
ONLINE-B	F-score: 1.000
ONLINE-B	F-score: 0.716
ONLINE-B	F-score: 0.750
ONLINE-B	F-score: 0.714
ONLINE-B	F-score: 0.846
ONLINE-B	F-score: 0.529
ONLINE-B	F-score: 0.762
ONLINE-B	F-score: 0.429
ONLINE-B	F-score: 0.603
ONLINE-B	F-score: 0.487
ONLINE-B	F-score: 0.727
ONLINE-B	F-score: 0.692
ONLINE-B	F-score: 0.625
ONLINE-B	F-score: 0.720
ONLINE-B	F-score: 0.654
ONLINE-B	F-score: 1.000
ONLINE-B	F-score: 0.709
ONLINE-B	F-score: 1.000
ONLINE-B	F-score: 0.800
ONLINE-B	F-score: 0.727
ONLINE-B	F-score: 0.735
ONLINE-B	F-score: 0.642
ONLINE-B	F-score: 0.469
ONLINE-B	F-score: 0.520
ONLINE-B	F-score: 0.923
ONLINE-B	F-score: 0.810
ONLINE-B	F-score: 0.417
ONLINE-B	F-score: 0.545
ONLINE-B	F-score: 0.940
ONLINE-B	F-score: 0.587
ONLINE-B	F-score: 0.556
ONLINE-B	F-score: 1.000
ONLINE-B	F-score: 0.808
ONLINE-B	F-score: 0.752
ONLINE-B	F-score: 0.562
ONLINE-B	F-score: 0.619
ONLINE-B	F-score: 0.709
ONLINE-B	F-score: 0.683
ONLINE-B	F-score: 0.250
ONLINE-B	F-score: 0.519
ONLINE-B	F-score: 0.515
ONLINE-B	F-score: 0.811
ONLINE-B	F-score: 0.846
ONLINE-B	F-score: 0.548
ONLINE-B	F-score: 1.000
ONLINE-B	F-score: 0.709
ONLINE-B	F-score: 0.556
ONLINE-B	F-score: 0.528
ONLINE-B	F-score: 0.500
ONLINE-B	F-score: 0.880
ONLINE-G	F-score: 0.460
ONLINE-G	F-score: 0.577
ONLINE-G	F-score: 0.703
ONLINE-G	F-score: 0.507
ONLINE-G	F-score: 0.640
ONLINE-G	F-score: 0.393
ONLINE-G	F-score: 0.400
ONLINE-G	F-score: 0.444
ONLINE-G	F-score: 0.585
ONLINE-G	F-score: 0.900
ONLINE-G	F-score: 0.700
ONLINE-G	F-score: 0.647
ONLINE-G	F-score: 0.333
ONLINE-G	F-score: 0.640
ONLINE-G	F-score: 0.892
ONLINE-G	F-score: 0.507
ONLINE-G	F-score: 0.317
ONLINE-G	F-score: 0.500
ONLINE-G	F-score: 0.593
ONLINE-G	F-score: 0.511
ONLINE-G	F-score: 0.635
ONLINE-G	F-score: 0.535
ONLINE-G	F-score: 0.429
ONLINE-G	F-score: 0.750
ONLINE-G	F-score: 0.647
ONLINE-G	F-score: 0.800
ONLINE-G	F-score: 0.486
ONLINE-G	F-score: 1.000
ONLINE-G	F-score: 0.273
ONLINE-G	F-score: 0.583
ONLINE-G	F-score: 0.800
ONLINE-G	F-score: 1.000
ONLINE-G	F-score: 0.526
ONLINE-G	F-score: 1.000
ONLINE-G	F-score: 0.429
ONLINE-G	F-score: 0.333
ONLINE-G	F-score: 0.667
ONLINE-G	F-score: 0.167
ONLINE-G	F-score: 0.359
ONLINE-G	F-score: 0.453
ONLINE-G	F-score: 0.500
ONLINE-G	F-score: 0.610
ONLINE-G	F-score: 0.438
ONLINE-G	F-score: 0.562
ONLINE-G	F-score: 0.581
ONLINE-G	F-score: 0.495
ONLINE-G	F-score: 0.518
ONLINE-G	F-score: 0.333
ONLINE-G	F-score: 0.331
ONLINE-G	F-score: 0.400
ONLINE-G	F-score: 1.000
ONLINE-G	F-score: 0.333
ONLINE-G	F-score: 0.381
ONLINE-G	F-score: 0.319
ONLINE-G	F-score: 0.304
ONLINE-G	F-score: 0.388
ONLINE-G	F-score: 0.458
ONLINE-G	F-score: 0.681
ONLINE-G	F-score: 0.286
ONLINE-G	F-score: 0.500
ONLINE-G	F-score: 0.406
ONLINE-G	F-score: 0.353
ONLINE-G	F-score: 0.640
ONLINE-G	F-score: 0.444
ONLINE-G	F-score: 0.270
ONLINE-G	F-score: 0.407
ONLINE-G	F-score: 0.353
ONLINE-G	F-score: 0.857
ONLINE-G	F-score: 0.643
ONLINE-G	F-score: 0.304
ONLINE-G	F-score: 0.769
ONLINE-G	F-score: 0.316
ONLINE-G	F-score: 0.278
ONLINE-G	F-score: 0.564
ONLINE-G	F-score: 1.000
ONLINE-G	F-score: 0.250
ONLINE-G	F-score: 0.510
ONLINE-G	F-score: 0.455
ONLINE-G	F-score: 0.286
ONLINE-G	F-score: 0.452
ONLINE-G	F-score: 0.571
ONLINE-G	F-score: 0.818
ONLINE-G	F-score: 0.864
ONLINE-G	F-score: 0.769
ONLINE-G	F-score: 0.550
ONLINE-G	F-score: 0.593
ONLINE-G	F-score: 1.000
ONLINE-G	F-score: 0.562
ONLINE-G	F-score: 0.333
ONLINE-G	F-score: 0.381
ONLINE-G	F-score: 0.682
ONLINE-G	F-score: 0.700
ONLINE-G	F-score: 0.344
ONLINE-G	F-score: 0.250
ONLINE-G	F-score: 1.000
ONLINE-G	F-score: 0.865
ONLINE-G	F-score: 0.400
ONLINE-G	F-score: 0.470
ONLINE-G	F-score: 0.909
ONLINE-G	F-score: 0.512
ONLINE-G	F-score: 0.800
ONLINE-G	F-score: 0.400
ONLINE-G	F-score: 0.545
ONLINE-G	F-score: 0.528
ONLINE-G	F-score: 0.429
ONLINE-G	F-score: 0.316
ONLINE-G	F-score: 0.800
ONLINE-G	F-score: 0.600
ONLINE-G	F-score: 0.722
ONLINE-G	F-score: 0.407
ONLINE-G	F-score: 0.370
ONLINE-G	F-score: 0.333
ONLINE-G	F-score: 0.800
ONLINE-G	F-score: 0.333
ONLINE-G	F-score: 0.602
ONLINE-G	F-score: 0.545
ONLINE-G	F-score: 0.200
ONLINE-G	F-score: 0.077
ONLINE-G	F-score: 0.364
ONLINE-G	F-score: 0.462
ONLINE-G	F-score: 0.133
ONLINE-G	F-score: 1.000
ONLINE-G	F-score: 0.250
ONLINE-G	F-score: 0.583
ONLINE-G	F-score: 0.444
ONLINE-G	F-score: 0.302
ONLINE-G	F-score: 0.444
ONLINE-G	F-score: 1.000
ONLINE-G	F-score: 0.500
ONLINE-G	F-score: 0.643
ONLINE-G	F-score: 0.500
ONLINE-G	F-score: 0.286
ONLINE-G	F-score: 0.333
ONLINE-G	F-score: 0.375
ONLINE-G	F-score: 0.545
ONLINE-G	F-score: 0.471
ONLINE-G	F-score: 0.348
ONLINE-G	F-score: 1.000
ONLINE-G	F-score: 0.333
ONLINE-G	F-score: 0.714
ONLINE-G	F-score: 0.308
ONLINE-G	F-score: 0.442
ONLINE-G	F-score: 0.545
ONLINE-G	F-score: 0.200
ONLINE-G	F-score: 0.583
ONLINE-G	F-score: 0.333
ONLINE-G	F-score: 0.485
ONLINE-G	F-score: 0.316
ONLINE-G	F-score: 0.597
ONLINE-G	F-score: 0.524
ONLINE-G	F-score: 0.538
ONLINE-G	F-score: 0.603
ONLINE-G	F-score: 0.566
ONLINE-G	F-score: 0.367
ONLINE-G	F-score: 0.423
ONLINE-G	F-score: 0.476
ONLINE-G	F-score: 0.398
ONLINE-G	F-score: 0.431
ONLINE-G	F-score: 0.240
ONLINE-G	F-score: 0.444
ONLINE-G	F-score: 0.328
ONLINE-G	F-score: 0.811
ONLINE-G	F-score: 0.667
ONLINE-G	F-score: 0.889
ONLINE-G	F-score: 0.679
ONLINE-G	F-score: 0.516
ONLINE-G	F-score: 0.328
ONLINE-G	F-score: 0.667
ONLINE-G	F-score: 0.615
ONLINE-G	F-score: 0.842
ONLINE-G	F-score: 0.809
ONLINE-G	F-score: 0.286
ONLINE-G	F-score: 0.294
ONLINE-G	F-score: 0.229
ONLINE-G	F-score: 0.412
ONLINE-G	F-score: 0.188
ONLINE-G	F-score: 0.378
ONLINE-G	F-score: 0.444
ONLINE-G	F-score: 0.154
ONLINE-G	F-score: 0.194
ONLINE-G	F-score: 0.294
ONLINE-G	F-score: 0.267
ONLINE-G	F-score: 0.167
ONLINE-G	F-score: 0.254
ONLINE-G	F-score: 0.339
ONLINE-G	F-score: 0.278
ONLINE-G	F-score: 0.277
ONLINE-G	F-score: 0.308
ONLINE-G	F-score: 0.529
ONLINE-G	F-score: 0.100
ONLINE-G	F-score: 1.000
ONLINE-G	F-score: 0.565
ONLINE-G	F-score: 0.714
ONLINE-G	F-score: 0.667
ONLINE-G	F-score: 0.468
ONLINE-G	F-score: 0.750
ONLINE-G	F-score: 0.688
ONLINE-G	F-score: 0.625
ONLINE-G	F-score: 0.600
ONLINE-G	F-score: 0.341
ONLINE-G	F-score: 0.429
ONLINE-G	F-score: 0.316
ONLINE-G	F-score: 0.299
ONLINE-G	F-score: 0.452
ONLINE-G	F-score: 0.500
ONLINE-G	F-score: 0.419
ONLINE-G	F-score: 0.435
ONLINE-G	F-score: 0.579
ONLINE-G	F-score: 0.341
ONLINE-G	F-score: 0.542
ONLINE-G	F-score: 0.304
ONLINE-G	F-score: 0.458
ONLINE-G	F-score: 0.190
ONLINE-G	F-score: 0.308
ONLINE-G	F-score: 0.344
ONLINE-G	F-score: 0.650
ONLINE-G	F-score: 0.340
ONLINE-G	F-score: 0.329
ONLINE-G	F-score: 0.286
ONLINE-G	F-score: 0.459
ONLINE-G	F-score: 0.383
ONLINE-G	F-score: 0.233
ONLINE-G	F-score: 0.340
ONLINE-G	F-score: 0.195
ONLINE-G	F-score: 0.250
ONLINE-G	F-score: 0.474
ONLINE-G	F-score: 0.586
ONLINE-G	F-score: 0.596
ONLINE-G	F-score: 0.438
ONLINE-G	F-score: 0.500
ONLINE-G	F-score: 0.329
ONLINE-G	F-score: 0.548
ONLINE-G	F-score: 0.240
ONLINE-G	F-score: 0.364
ONLINE-G	F-score: 0.194
ONLINE-G	F-score: 1.000
ONLINE-G	F-score: 0.615
ONLINE-G	F-score: 0.733
ONLINE-G	F-score: 0.619
ONLINE-G	F-score: 0.481
ONLINE-G	F-score: 0.604
ONLINE-G	F-score: 0.929
ONLINE-G	F-score: 0.925
ONLINE-G	F-score: 0.828
ONLINE-G	F-score: 0.724
ONLINE-G	F-score: 0.495
ONLINE-G	F-score: 0.429
ONLINE-G	F-score: 0.471
ONLINE-G	F-score: 0.478
ONLINE-G	F-score: 0.317
ONLINE-G	F-score: 0.290
ONLINE-G	F-score: 0.300
ONLINE-G	F-score: 0.478
ONLINE-G	F-score: 0.301
ONLINE-G	F-score: 0.458
ONLINE-G	F-score: 0.387
ONLINE-G	F-score: 0.833
ONLINE-G	F-score: 0.500
ONLINE-G	F-score: 0.294
ONLINE-G	F-score: 0.353
ONLINE-G	F-score: 0.419
ONLINE-G	F-score: 0.448
ONLINE-G	F-score: 0.325
ONLINE-G	F-score: 0.607
ONLINE-G	F-score: 0.507
ONLINE-G	F-score: 0.649
ONLINE-G	F-score: 0.367
ONLINE-G	F-score: 0.382
ONLINE-G	F-score: 0.540
ONLINE-G	F-score: 0.466
ONLINE-G	F-score: 0.739
ONLINE-G	F-score: 0.426
ONLINE-G	F-score: 0.559
ONLINE-G	F-score: 0.271
ONLINE-G	F-score: 0.519
ONLINE-G	F-score: 0.390
ONLINE-G	F-score: 0.390
ONLINE-G	F-score: 0.191
ONLINE-G	F-score: 0.276
ONLINE-G	F-score: 0.750
ONLINE-G	F-score: 1.000
ONLINE-G	F-score: 0.556
ONLINE-G	F-score: 0.725
ONLINE-G	F-score: 0.923
ONLINE-G	F-score: 0.515
ONLINE-G	F-score: 0.743
ONLINE-G	F-score: 0.590
ONLINE-G	F-score: 0.486
ONLINE-G	F-score: 0.582
ONLINE-G	F-score: 0.825
ONLINE-G	F-score: 0.489
ONLINE-G	F-score: 0.263
ONLINE-G	F-score: 0.474
ONLINE-G	F-score: 0.444
ONLINE-G	F-score: 0.412
ONLINE-G	F-score: 0.367
ONLINE-G	F-score: 0.328
ONLINE-G	F-score: 0.446
ONLINE-G	F-score: 0.429
ONLINE-G	F-score: 0.609
ONLINE-G	F-score: 0.667
ONLINE-G	F-score: 0.405
ONLINE-G	F-score: 0.308
ONLINE-G	F-score: 0.559
ONLINE-G	F-score: 0.377
ONLINE-G	F-score: 0.778
ONLINE-G	F-score: 0.623
ONLINE-G	F-score: 0.391
ONLINE-G	F-score: 0.548
ONLINE-G	F-score: 0.308
ONLINE-G	F-score: 0.414
ONLINE-G	F-score: 0.769
ONLINE-G	F-score: 0.340
ONLINE-G	F-score: 0.571
ONLINE-G	F-score: 0.875
ONLINE-G	F-score: 0.780
ONLINE-G	F-score: 0.746
ONLINE-G	F-score: 0.718
ONLINE-G	F-score: 0.568
ONLINE-G	F-score: 0.743
ONLINE-G	F-score: 0.824
ONLINE-G	F-score: 0.735
ONLINE-G	F-score: 0.613
ONLINE-G	F-score: 0.882
ONLINE-G	F-score: 0.540
ONLINE-G	F-score: 0.386
ONLINE-G	F-score: 0.230
ONLINE-G	F-score: 0.264
ONLINE-G	F-score: 0.279
ONLINE-G	F-score: 0.365
ONLINE-G	F-score: 0.576
ONLINE-G	F-score: 0.484
ONLINE-G	F-score: 0.619
ONLINE-G	F-score: 0.395
ONLINE-G	F-score: 0.267
ONLINE-G	F-score: 0.350
ONLINE-G	F-score: 0.270
ONLINE-G	F-score: 0.341
ONLINE-G	F-score: 0.364
ONLINE-G	F-score: 0.384
ONLINE-G	F-score: 0.448
ONLINE-G	F-score: 0.348
ONLINE-G	F-score: 0.556
ONLINE-G	F-score: 0.238
ONLINE-G	F-score: 0.326
ONLINE-G	F-score: 0.400
ONLINE-G	F-score: 0.231
ONLINE-G	F-score: 0.333
ONLINE-G	F-score: 0.376
ONLINE-G	F-score: 0.500
ONLINE-G	F-score: 0.627
ONLINE-G	F-score: 0.760
ONLINE-G	F-score: 0.692
ONLINE-G	F-score: 0.429
ONLINE-G	F-score: 0.496
ONLINE-G	F-score: 0.690
ONLINE-G	F-score: 0.446
ONLINE-G	F-score: 0.794
ONLINE-G	F-score: 0.833
ONLINE-G	F-score: 0.829
ONLINE-G	F-score: 0.500
ONLINE-G	F-score: 0.688
ONLINE-G	F-score: 0.500
ONLINE-G	F-score: 0.605
ONLINE-G	F-score: 0.754
ONLINE-G	F-score: 0.578
ONLINE-G	F-score: 0.629
ONLINE-G	F-score: 0.833
ONLINE-G	F-score: 0.553
ONLINE-G	F-score: 0.688
ONLINE-G	F-score: 0.590
ONLINE-G	F-score: 0.571
ONLINE-G	F-score: 0.491
ONLINE-G	F-score: 0.649
ONLINE-G	F-score: 0.622
ONLINE-G	F-score: 0.667
ONLINE-G	F-score: 0.500
ONLINE-G	F-score: 0.679
ONLINE-G	F-score: 0.696
ONLINE-G	F-score: 1.000
ONLINE-G	F-score: 0.400
ONLINE-G	F-score: 0.200
ONLINE-G	F-score: 0.818
ONLINE-G	F-score: 0.358
ONLINE-G	F-score: 1.000
ONLINE-G	F-score: 0.515
ONLINE-G	F-score: 0.500
ONLINE-G	F-score: 0.444
ONLINE-G	F-score: 0.598
ONLINE-G	F-score: 0.698
ONLINE-G	F-score: 0.559
ONLINE-G	F-score: 0.505
ONLINE-G	F-score: 0.857
ONLINE-G	F-score: 0.316
ONLINE-G	F-score: 0.699
ONLINE-G	F-score: 0.848
ONLINE-G	F-score: 0.700
ONLINE-G	F-score: 1.000
ONLINE-G	F-score: 0.323
ONLINE-G	F-score: 0.675
ONLINE-G	F-score: 0.385
ONLINE-G	F-score: 0.417
ONLINE-G	F-score: 0.476
ONLINE-G	F-score: 0.556
ONLINE-G	F-score: 0.619
ONLINE-G	F-score: 0.571
ONLINE-G	F-score: 0.483
ONLINE-G	F-score: 0.241
ONLINE-G	F-score: 1.000
ONLINE-G	F-score: 0.560
ONLINE-G	F-score: 0.611
ONLINE-G	F-score: 0.167
ONLINE-G	F-score: 0.383
ONLINE-G	F-score: 0.516
ONLINE-G	F-score: 1.000
ONLINE-G	F-score: 0.579
ONLINE-G	F-score: 0.446
ONLINE-G	F-score: 0.242
ONLINE-G	F-score: 0.667
ONLINE-G	F-score: 0.909
ONLINE-G	F-score: 0.316
ONLINE-G	F-score: 0.531
ONLINE-G	F-score: 0.250
ONLINE-G	F-score: 0.476
ONLINE-G	F-score: 0.273
ONLINE-G	F-score: 0.500
ONLINE-G	F-score: 0.585
ONLINE-G	F-score: 0.406
ONLINE-G	F-score: 0.429
ONLINE-G	F-score: 0.648
ONLINE-G	F-score: 0.947
ONLINE-G	F-score: 0.388
ONLINE-G	F-score: 1.000
ONLINE-G	F-score: 0.452
ONLINE-G	F-score: 0.714
ONLINE-G	F-score: 0.533
ONLINE-G	F-score: 0.435
ONLINE-G	F-score: 0.385
ONLINE-G	F-score: 0.467
ONLINE-G	F-score: 0.385
ONLINE-G	F-score: 0.480
ONLINE-G	F-score: 0.588
ONLINE-G	F-score: 1.000
ONLINE-G	F-score: 0.408
ONLINE-G	F-score: 0.457
ONLINE-G	F-score: 0.600
ONLINE-G	F-score: 1.000
ONLINE-G	F-score: 1.000
ONLINE-G	F-score: 0.432
ONLINE-G	F-score: 0.464
ONLINE-G	F-score: 0.640
ONLINE-G	F-score: 0.429
ONLINE-G	F-score: 0.591
ONLINE-G	F-score: 0.621
ONLINE-G	F-score: 1.000
ONLINE-G	F-score: 0.957
ONLINE-G	F-score: 0.945
ONLINE-G	F-score: 0.388
ONLINE-G	F-score: 0.735
ONLINE-G	F-score: 0.625
ONLINE-G	F-score: 0.167
ONLINE-G	F-score: 0.414
ONLINE-G	F-score: 0.154
ONLINE-G	F-score: 0.700
ONLINE-G	F-score: 0.286
ONLINE-G	F-score: 0.250
ONLINE-G	F-score: 0.341
ONLINE-G	F-score: 0.390
ONLINE-G	F-score: 0.538
ONLINE-G	F-score: 0.667
ONLINE-G	F-score: 0.403
ONLINE-G	F-score: 0.586
ONLINE-G	F-score: 0.645
ONLINE-G	F-score: 0.723
ONLINE-G	F-score: 0.462
ONLINE-G	F-score: 0.476
ONLINE-G	F-score: 0.647
ONLINE-G	F-score: 0.667
ONLINE-G	F-score: 0.571
ONLINE-G	F-score: 0.482
ONLINE-G	F-score: 0.696
ONLINE-G	F-score: 0.375
ONLINE-G	F-score: 0.408
ONLINE-G	F-score: 0.571
ONLINE-G	F-score: 0.412
ONLINE-G	F-score: 0.558
ONLINE-G	F-score: 0.508
ONLINE-G	F-score: 0.521
ONLINE-G	F-score: 0.702
ONLINE-G	F-score: 0.792
ONLINE-G	F-score: 0.681
ONLINE-G	F-score: 0.682
ONLINE-G	F-score: 0.615
ONLINE-G	F-score: 0.769
ONLINE-G	F-score: 0.903
ONLINE-G	F-score: 0.685
ONLINE-G	F-score: 0.622
ONLINE-G	F-score: 0.619
ONLINE-G	F-score: 0.630
ONLINE-G	F-score: 0.582
ONLINE-G	F-score: 0.733
ONLINE-G	F-score: 0.745
ONLINE-G	F-score: 0.691
ONLINE-G	F-score: 0.513
ONLINE-G	F-score: 0.593
ONLINE-G	F-score: 0.478
ONLINE-G	F-score: 0.632
ONLINE-G	F-score: 0.752
ONLINE-G	F-score: 0.671
ONLINE-G	F-score: 0.833
ONLINE-G	F-score: 0.642
ONLINE-G	F-score: 0.622
ONLINE-G	F-score: 0.522
ONLINE-G	F-score: 0.661
ONLINE-G	F-score: 0.635
ONLINE-G	F-score: 0.400
ONLINE-G	F-score: 0.350
ONLINE-G	F-score: 0.575
ONLINE-G	F-score: 0.676
ONLINE-G	F-score: 0.500
ONLINE-G	F-score: 0.622
ONLINE-G	F-score: 1.095
ONLINE-G	F-score: 0.511
ONLINE-G	F-score: 0.786
ONLINE-G	F-score: 0.606
ONLINE-G	F-score: 0.568
ONLINE-G	F-score: 0.646
ONLINE-G	F-score: 0.646
ONLINE-G	F-score: 0.569
ONLINE-G	F-score: 0.404
ONLINE-G	F-score: 0.296
ONLINE-G	F-score: 0.348
ONLINE-G	F-score: 0.310
ONLINE-G	F-score: 0.308
ONLINE-G	F-score: 0.317
ONLINE-G	F-score: 0.418
ONLINE-G	F-score: 0.265
ONLINE-G	F-score: 0.256
ONLINE-G	F-score: 0.351
ONLINE-G	F-score: 0.303
ONLINE-G	F-score: 0.449
ONLINE-G	F-score: 0.301
ONLINE-G	F-score: 0.333
ONLINE-G	F-score: 0.459
ONLINE-G	F-score: 0.331
ONLINE-G	F-score: 0.364
ONLINE-G	F-score: 0.424
ONLINE-G	F-score: 0.556
ONLINE-G	F-score: 0.552
ONLINE-G	F-score: 0.737
ONLINE-G	F-score: 0.747
ONLINE-G	F-score: 0.564
ONLINE-G	F-score: 0.630
ONLINE-G	F-score: 0.638
ONLINE-G	F-score: 0.539
ONLINE-G	F-score: 0.885
ONLINE-G	F-score: 0.571
ONLINE-G	F-score: 0.634
ONLINE-G	F-score: 0.455
ONLINE-G	F-score: 0.487
ONLINE-G	F-score: 0.372
ONLINE-G	F-score: 0.533
ONLINE-G	F-score: 0.425
ONLINE-G	F-score: 0.413
ONLINE-G	F-score: 0.649
ONLINE-G	F-score: 0.488
ONLINE-G	F-score: 0.516
ONLINE-G	F-score: 0.421
ONLINE-G	F-score: 0.688
ONLINE-G	F-score: 0.646
ONLINE-G	F-score: 0.585
ONLINE-G	F-score: 0.604
ONLINE-G	F-score: 0.387
ONLINE-G	F-score: 0.372
ONLINE-G	F-score: 0.667
ONLINE-G	F-score: 0.526
ONLINE-G	F-score: 0.488
ONLINE-G	F-score: 0.719
ONLINE-G	F-score: 0.545
ONLINE-G	F-score: 0.568
ONLINE-G	F-score: 0.675
ONLINE-G	F-score: 0.570
ONLINE-G	F-score: 0.536
ONLINE-G	F-score: 0.641
ONLINE-G	F-score: 0.735
ONLINE-G	F-score: 0.516
ONLINE-G	F-score: 0.391
ONLINE-G	F-score: 0.358
ONLINE-G	F-score: 0.353
ONLINE-G	F-score: 0.343
ONLINE-G	F-score: 0.476
ONLINE-G	F-score: 0.244
ONLINE-G	F-score: 0.475
ONLINE-G	F-score: 0.282
ONLINE-G	F-score: 0.427
ONLINE-G	F-score: 0.500
ONLINE-G	F-score: 0.484
ONLINE-G	F-score: 0.491
ONLINE-G	F-score: 0.541
ONLINE-G	F-score: 0.630
ONLINE-G	F-score: 0.457
ONLINE-G	F-score: 0.667
ONLINE-G	F-score: 0.557
ONLINE-G	F-score: 0.719
ONLINE-G	F-score: 0.700
ONLINE-G	F-score: 0.411
ONLINE-G	F-score: 0.348
ONLINE-G	F-score: 0.370
ONLINE-G	F-score: 0.375
ONLINE-G	F-score: 0.343
ONLINE-G	F-score: 0.553
ONLINE-G	F-score: 0.381
ONLINE-G	F-score: 0.480
ONLINE-G	F-score: 0.404
ONLINE-G	F-score: 0.508
ONLINE-G	F-score: 0.370
ONLINE-G	F-score: 0.476
ONLINE-G	F-score: 0.558
ONLINE-G	F-score: 0.609
ONLINE-G	F-score: 0.488
ONLINE-G	F-score: 0.963
ONLINE-G	F-score: 0.828
ONLINE-G	F-score: 0.819
ONLINE-G	F-score: 0.659
ONLINE-G	F-score: 0.538
ONLINE-G	F-score: 0.816
ONLINE-G	F-score: 0.917
ONLINE-G	F-score: 0.747
ONLINE-G	F-score: 0.400
ONLINE-G	F-score: 0.486
ONLINE-G	F-score: 0.262
ONLINE-G	F-score: 0.350
ONLINE-G	F-score: 0.545
ONLINE-G	F-score: 0.481
ONLINE-G	F-score: 0.384
ONLINE-G	F-score: 0.160
ONLINE-G	F-score: 0.467
ONLINE-G	F-score: 0.702
ONLINE-G	F-score: 0.635
ONLINE-G	F-score: 0.657
ONLINE-G	F-score: 0.695
ONLINE-G	F-score: 0.771
ONLINE-G	F-score: 0.643
ONLINE-G	F-score: 0.536
ONLINE-G	F-score: 0.605
ONLINE-G	F-score: 0.747
ONLINE-G	F-score: 0.462
ONLINE-G	F-score: 0.438
ONLINE-G	F-score: 0.413
ONLINE-G	F-score: 0.431
ONLINE-G	F-score: 0.522
ONLINE-G	F-score: 0.300
ONLINE-G	F-score: 0.340
ONLINE-G	F-score: 0.364
ONLINE-G	F-score: 0.566
ONLINE-G	F-score: 0.500
ONLINE-G	F-score: 0.385
ONLINE-G	F-score: 0.706
ONLINE-G	F-score: 0.593
ONLINE-G	F-score: 0.677
ONLINE-G	F-score: 0.639
ONLINE-G	F-score: 0.651
ONLINE-G	F-score: 0.800
ONLINE-G	F-score: 0.614
ONLINE-G	F-score: 0.613
ONLINE-G	F-score: 0.550
ONLINE-G	F-score: 0.475
ONLINE-G	F-score: 0.685
ONLINE-G	F-score: 0.584
ONLINE-G	F-score: 0.828
ONLINE-G	F-score: 0.559
ONLINE-G	F-score: 0.621
ONLINE-G	F-score: 0.467
ONLINE-G	F-score: 0.641
ONLINE-G	F-score: 0.444
ONLINE-G	F-score: 0.602
ONLINE-G	F-score: 0.314
ONLINE-G	F-score: 0.367
ONLINE-G	F-score: 0.333
ONLINE-G	F-score: 0.158
ONLINE-G	F-score: 0.318
ONLINE-G	F-score: 0.336
ONLINE-G	F-score: 0.337
ONLINE-G	F-score: 0.320
ONLINE-G	F-score: 0.340
ONLINE-G	F-score: 0.348
ONLINE-G	F-score: 0.483
ONLINE-G	F-score: 0.200
ONLINE-G	F-score: 0.361
ONLINE-G	F-score: 0.625
ONLINE-G	F-score: 0.758
ONLINE-G	F-score: 0.673
ONLINE-G	F-score: 0.556
ONLINE-G	F-score: 0.729
ONLINE-G	F-score: 0.647
ONLINE-G	F-score: 1.000
ONLINE-G	F-score: 0.489
ONLINE-G	F-score: 0.488
ONLINE-G	F-score: 0.542
ONLINE-G	F-score: 0.444
ONLINE-G	F-score: 0.571
ONLINE-G	F-score: 0.529
ONLINE-G	F-score: 1.000
ONLINE-G	F-score: 0.443
ONLINE-G	F-score: 0.490
ONLINE-G	F-score: 0.345
ONLINE-G	F-score: 0.667
ONLINE-G	F-score: 0.411
ONLINE-G	F-score: 0.529
ONLINE-G	F-score: 0.533
ONLINE-G	F-score: 0.591
ONLINE-G	F-score: 0.493
ONLINE-G	F-score: 0.382
ONLINE-G	F-score: 0.500
ONLINE-G	F-score: 0.791
ONLINE-G	F-score: 0.621
ONLINE-G	F-score: 0.778
ONLINE-G	F-score: 0.811
ONLINE-G	F-score: 0.703
ONLINE-G	F-score: 0.821
ONLINE-G	F-score: 0.527
ONLINE-G	F-score: 0.545
ONLINE-G	F-score: 0.615
ONLINE-G	F-score: 0.577
ONLINE-G	F-score: 0.521
ONLINE-G	F-score: 0.706
ONLINE-G	F-score: 0.871
ONLINE-G	F-score: 0.632
ONLINE-G	F-score: 0.730
ONLINE-G	F-score: 0.800
ONLINE-G	F-score: 0.526
ONLINE-G	F-score: 0.684
ONLINE-G	F-score: 1.000
ONLINE-G	F-score: 0.596
ONLINE-G	F-score: 0.806
ONLINE-G	F-score: 0.648
ONLINE-G	F-score: 0.719
ONLINE-G	F-score: 0.771
ONLINE-G	F-score: 0.560
ONLINE-G	F-score: 0.578
ONLINE-G	F-score: 0.557
ONLINE-G	F-score: 0.528
ONLINE-G	F-score: 0.548
ONLINE-G	F-score: 0.535
ONLINE-G	F-score: 0.826
ONLINE-G	F-score: 0.757
ONLINE-G	F-score: 0.636
ONLINE-G	F-score: 0.654
ONLINE-G	F-score: 0.701
ONLINE-G	F-score: 0.587
ONLINE-G	F-score: 0.554
ONLINE-G	F-score: 0.609
ONLINE-G	F-score: 0.857
ONLINE-G	F-score: 0.437
ONLINE-G	F-score: 0.581
ONLINE-G	F-score: 0.625
ONLINE-G	F-score: 0.660
ONLINE-G	F-score: 0.750
ONLINE-G	F-score: 0.489
ONLINE-G	F-score: 0.632
ONLINE-G	F-score: 0.438
ONLINE-G	F-score: 0.622
ONLINE-G	F-score: 0.646
ONLINE-G	F-score: 0.642
ONLINE-G	F-score: 0.697
ONLINE-G	F-score: 0.649
ONLINE-G	F-score: 0.194
ONLINE-G	F-score: 0.531
ONLINE-G	F-score: 0.818
ONLINE-G	F-score: 0.660
ONLINE-G	F-score: 0.833
ONLINE-G	F-score: 0.583
ONLINE-G	F-score: 0.694
ONLINE-G	F-score: 0.855
ONLINE-G	F-score: 0.881
ONLINE-G	F-score: 0.700
ONLINE-G	F-score: 0.912
ONLINE-G	F-score: 0.821
ONLINE-G	F-score: 0.921
ONLINE-G	F-score: 0.634
ONLINE-G	F-score: 0.577
ONLINE-G	F-score: 1.000
ONLINE-G	F-score: 0.889
ONLINE-G	F-score: 0.913
ONLINE-G	F-score: 0.286
ONLINE-G	F-score: 0.819
ONLINE-G	F-score: 0.400
ONLINE-G	F-score: 0.618
ONLINE-G	F-score: 0.714
ONLINE-G	F-score: 0.818
ONLINE-G	F-score: 0.545
ONLINE-G	F-score: 0.722
ONLINE-G	F-score: 0.333
ONLINE-G	F-score: 0.906
ONLINE-G	F-score: 0.812
ONLINE-G	F-score: 0.623
ONLINE-G	F-score: 0.713
ONLINE-G	F-score: 0.800
ONLINE-G	F-score: 0.642
ONLINE-G	F-score: 0.640
ONLINE-G	F-score: 0.577
ONLINE-G	F-score: 0.650
ONLINE-G	F-score: 0.765
ONLINE-G	F-score: 0.690
ONLINE-G	F-score: 0.585
ONLINE-G	F-score: 0.765
ONLINE-G	F-score: 0.850
ONLINE-G	F-score: 0.897
ONLINE-G	F-score: 0.590
ONLINE-G	F-score: 0.791
ONLINE-G	F-score: 0.554
ONLINE-G	F-score: 0.889
ONLINE-G	F-score: 0.808
ONLINE-G	F-score: 0.850
ONLINE-G	F-score: 0.593
ONLINE-G	F-score: 0.812
ONLINE-G	F-score: 0.691
ONLINE-G	F-score: 0.552
ONLINE-G	F-score: 0.703
ONLINE-G	F-score: 0.950
ONLINE-G	F-score: 0.833
ONLINE-G	F-score: 0.800
ONLINE-G	F-score: 0.875
ONLINE-G	F-score: 0.640
ONLINE-G	F-score: 0.850
ONLINE-G	F-score: 0.600
ONLINE-G	F-score: 0.830
ONLINE-G	F-score: 0.581
ONLINE-G	F-score: 0.419
ONLINE-G	F-score: 0.653
ONLINE-G	F-score: 0.756
ONLINE-G	F-score: 0.568
ONLINE-G	F-score: 0.810
ONLINE-G	F-score: 0.850
ONLINE-G	F-score: 0.783
ONLINE-G	F-score: 0.833
ONLINE-G	F-score: 0.750
ONLINE-G	F-score: 0.693
ONLINE-G	F-score: 0.825
ONLINE-G	F-score: 0.889
ONLINE-G	F-score: 0.850
ONLINE-G	F-score: 1.000
ONLINE-G	F-score: 0.560
ONLINE-G	F-score: 0.711
ONLINE-G	F-score: 0.450
ONLINE-G	F-score: 0.847
ONLINE-G	F-score: 0.757
ONLINE-G	F-score: 0.641
ONLINE-G	F-score: 0.844
ONLINE-G	F-score: 0.850
ONLINE-G	F-score: 1.000
ONLINE-G	F-score: 0.600
ONLINE-G	F-score: 0.747
ONLINE-G	F-score: 0.944
ONLINE-G	F-score: 0.650
ONLINE-G	F-score: 0.875
ONLINE-G	F-score: 0.615
ONLINE-G	F-score: 0.850
ONLINE-G	F-score: 0.889
ONLINE-G	F-score: 0.746
ONLINE-G	F-score: 0.833
ONLINE-G	F-score: 0.481
ONLINE-G	F-score: 0.755
ONLINE-G	F-score: 0.553
ONLINE-G	F-score: 0.627
ONLINE-G	F-score: 0.824
ONLINE-G	F-score: 0.818
ONLINE-G	F-score: 0.729
ONLINE-G	F-score: 0.850
ONLINE-G	F-score: 0.674
ONLINE-G	F-score: 0.556
ONLINE-G	F-score: 0.824
ONLINE-G	F-score: 0.750
ONLINE-G	F-score: 0.805
ONLINE-G	F-score: 0.721
ONLINE-G	F-score: 0.609
ONLINE-G	F-score: 0.819
ONLINE-G	F-score: 0.513
ONLINE-G	F-score: 0.548
ONLINE-G	F-score: 0.595
ONLINE-G	F-score: 0.703
ONLINE-G	F-score: 0.700
ONLINE-G	F-score: 0.697
ONLINE-G	F-score: 0.333
ONLINE-G	F-score: 0.868
ONLINE-G	F-score: 0.800
ONLINE-G	F-score: 0.919
ONLINE-G	F-score: 0.814
ONLINE-G	F-score: 0.462
ONLINE-G	F-score: 0.614
ONLINE-G	F-score: 0.569
ONLINE-G	F-score: 0.571
ONLINE-G	F-score: 0.614
ONLINE-G	F-score: 0.900
ONLINE-G	F-score: 0.307
ONLINE-G	F-score: 0.816
ONLINE-G	F-score: 0.593
ONLINE-G	F-score: 0.619
ONLINE-G	F-score: 0.667
ONLINE-G	F-score: 0.591
ONLINE-G	F-score: 0.748
ONLINE-G	F-score: 0.562
ONLINE-G	F-score: 0.747
ONLINE-G	F-score: 0.661
ONLINE-G	F-score: 0.742
ONLINE-G	F-score: 0.716
ONLINE-G	F-score: 0.706
ONLINE-G	F-score: 0.486
ONLINE-G	F-score: 0.653
ONLINE-G	F-score: 0.579
ONLINE-G	F-score: 0.622
ONLINE-G	F-score: 0.787
ONLINE-G	F-score: 0.558
ONLINE-G	F-score: 0.615
ONLINE-G	F-score: 0.581
ONLINE-G	F-score: 0.601
ONLINE-G	F-score: 0.596
ONLINE-G	F-score: 0.582
ONLINE-G	F-score: 0.646
ONLINE-G	F-score: 0.437
ONLINE-G	F-score: 0.646
ONLINE-G	F-score: 0.566
ONLINE-G	F-score: 0.588
ONLINE-G	F-score: 0.439
ONLINE-G	F-score: 0.619
ONLINE-G	F-score: 0.648
ONLINE-G	F-score: 0.790
ONLINE-G	F-score: 0.308
ONLINE-G	F-score: 0.462
ONLINE-G	F-score: 0.531
ONLINE-G	F-score: 0.746
ONLINE-G	F-score: 0.732
ONLINE-G	F-score: 0.480
ONLINE-G	F-score: 0.655
ONLINE-G	F-score: 0.754
ONLINE-G	F-score: 0.610
ONLINE-G	F-score: 0.584
ONLINE-G	F-score: 0.857
ONLINE-G	F-score: 0.667
ONLINE-G	F-score: 0.511
ONLINE-G	F-score: 0.784
ONLINE-G	F-score: 0.794
ONLINE-G	F-score: 0.752
ONLINE-G	F-score: 0.714
ONLINE-G	F-score: 0.785
ONLINE-G	F-score: 0.693
ONLINE-G	F-score: 0.659
ONLINE-G	F-score: 0.679
ONLINE-G	F-score: 0.737
ONLINE-G	F-score: 0.716
ONLINE-G	F-score: 0.927
ONLINE-G	F-score: 0.588
ONLINE-G	F-score: 0.724
ONLINE-G	F-score: 0.895
ONLINE-G	F-score: 0.570
ONLINE-G	F-score: 0.598
ONLINE-G	F-score: 0.519
ONLINE-G	F-score: 0.962
ONLINE-G	F-score: 0.635
ONLINE-G	F-score: 0.757
ONLINE-G	F-score: 0.698
ONLINE-G	F-score: 0.809
ONLINE-G	F-score: 0.881
ONLINE-G	F-score: 0.600
ONLINE-G	F-score: 0.706
ONLINE-G	F-score: 0.657
ONLINE-G	F-score: 0.559
ONLINE-G	F-score: 0.632
ONLINE-G	F-score: 0.644
ONLINE-G	F-score: 0.558
ONLINE-G	F-score: 0.644
ONLINE-G	F-score: 0.721
ONLINE-G	F-score: 0.696
ONLINE-G	F-score: 0.697
ONLINE-G	F-score: 0.484
ONLINE-G	F-score: 0.571
ONLINE-G	F-score: 0.600
ONLINE-G	F-score: 0.485
ONLINE-G	F-score: 0.577
ONLINE-G	F-score: 0.500
ONLINE-G	F-score: 0.567
ONLINE-G	F-score: 0.615
ONLINE-G	F-score: 0.667
ONLINE-G	F-score: 0.710
ONLINE-G	F-score: 0.756
ONLINE-G	F-score: 0.586
ONLINE-G	F-score: 0.630
ONLINE-G	F-score: 0.628
ONLINE-G	F-score: 0.579
ONLINE-G	F-score: 0.703
ONLINE-G	F-score: 0.676
ONLINE-G	F-score: 0.467
ONLINE-G	F-score: 0.632
ONLINE-G	F-score: 0.714
ONLINE-G	F-score: 0.596
ONLINE-G	F-score: 0.710
ONLINE-G	F-score: 0.693
ONLINE-G	F-score: 0.683
ONLINE-G	F-score: 0.846
ONLINE-G	F-score: 0.824
ONLINE-G	F-score: 0.529
ONLINE-G	F-score: 0.535
ONLINE-G	F-score: 0.361
ONLINE-G	F-score: 0.486
ONLINE-G	F-score: 0.612
ONLINE-G	F-score: 0.755
ONLINE-G	F-score: 0.549
ONLINE-G	F-score: 0.626
ONLINE-G	F-score: 0.579
ONLINE-G	F-score: 0.746
ONLINE-G	F-score: 0.673
ONLINE-G	F-score: 0.700
ONLINE-G	F-score: 0.345
ONLINE-G	F-score: 0.608
ONLINE-G	F-score: 0.821
ONLINE-G	F-score: 0.380
ONLINE-G	F-score: 0.630
ONLINE-G	F-score: 0.667
ONLINE-G	F-score: 0.357
ONLINE-G	F-score: 0.621
ONLINE-G	F-score: 0.562
ONLINE-G	F-score: 0.655
ONLINE-G	F-score: 0.698
ONLINE-G	F-score: 0.840
ONLINE-G	F-score: 0.564
ONLINE-G	F-score: 0.778
ONLINE-G	F-score: 0.339
ONLINE-G	F-score: 0.713
ONLINE-G	F-score: 0.574
ONLINE-G	F-score: 0.557
ONLINE-G	F-score: 0.588
ONLINE-G	F-score: 0.549
ONLINE-G	F-score: 0.703
ONLINE-G	F-score: 0.818
ONLINE-G	F-score: 0.500
ONLINE-G	F-score: 0.722
ONLINE-G	F-score: 0.592
ONLINE-G	F-score: 0.611
ONLINE-G	F-score: 0.521
ONLINE-G	F-score: 0.564
ONLINE-G	F-score: 0.800
ONLINE-G	F-score: 0.623
ONLINE-G	F-score: 0.786
ONLINE-G	F-score: 0.877
ONLINE-G	F-score: 0.753
ONLINE-G	F-score: 0.823
ONLINE-G	F-score: 0.830
ONLINE-G	F-score: 0.657
ONLINE-G	F-score: 0.739
ONLINE-G	F-score: 0.826
ONLINE-G	F-score: 0.773
ONLINE-G	F-score: 0.889
ONLINE-G	F-score: 0.809
ONLINE-G	F-score: 0.914
ONLINE-G	F-score: 0.795
ONLINE-G	F-score: 0.718
ONLINE-G	F-score: 0.636
ONLINE-G	F-score: 0.897
ONLINE-G	F-score: 0.706
ONLINE-G	F-score: 0.730
ONLINE-G	F-score: 0.541
ONLINE-G	F-score: 0.947
ONLINE-G	F-score: 0.457
ONLINE-G	F-score: 0.767
ONLINE-G	F-score: 0.459
ONLINE-G	F-score: 0.643
ONLINE-G	F-score: 0.699
ONLINE-G	F-score: 0.792
ONLINE-G	F-score: 0.815
ONLINE-G	F-score: 0.769
ONLINE-G	F-score: 0.692
ONLINE-G	F-score: 0.758
ONLINE-G	F-score: 0.617
ONLINE-G	F-score: 0.510
ONLINE-G	F-score: 0.519
ONLINE-G	F-score: 0.775
ONLINE-G	F-score: 0.773
ONLINE-G	F-score: 0.377
ONLINE-G	F-score: 0.700
ONLINE-G	F-score: 0.521
ONLINE-G	F-score: 0.649
ONLINE-G	F-score: 0.625
ONLINE-G	F-score: 0.756
ONLINE-G	F-score: 0.558
ONLINE-G	F-score: 0.645
ONLINE-G	F-score: 0.656
ONLINE-G	F-score: 0.563
ONLINE-G	F-score: 0.718
ONLINE-G	F-score: 0.759
ONLINE-G	F-score: 0.481
ONLINE-G	F-score: 0.811
ONLINE-G	F-score: 0.602
ONLINE-G	F-score: 0.604
ONLINE-G	F-score: 0.734
ONLINE-G	F-score: 0.407
ONLINE-G	F-score: 0.792
ONLINE-G	F-score: 0.750
ONLINE-G	F-score: 1.000
ONLINE-G	F-score: 0.500
ONLINE-G	F-score: 0.723
ONLINE-G	F-score: 0.889
ONLINE-G	F-score: 0.767
ONLINE-G	F-score: 0.926
ONLINE-G	F-score: 0.533
ONLINE-G	F-score: 0.706
ONLINE-G	F-score: 0.766
ONLINE-G	F-score: 0.737
ONLINE-G	F-score: 0.727
ONLINE-G	F-score: 0.901
ONLINE-G	F-score: 0.656
ONLINE-G	F-score: 0.889
ONLINE-G	F-score: 0.222
ONLINE-G	F-score: 0.825
ONLINE-G	F-score: 0.790
ONLINE-G	F-score: 0.682
ONLINE-G	F-score: 0.711
ONLINE-G	F-score: 0.784
ONLINE-G	F-score: 0.730
ONLINE-G	F-score: 0.702
ONLINE-G	F-score: 0.821
ONLINE-G	F-score: 0.832
ONLINE-G	F-score: 0.533
ONLINE-G	F-score: 0.812
ONLINE-G	F-score: 0.736
ONLINE-G	F-score: 0.472
ONLINE-G	F-score: 0.868
ONLINE-G	F-score: 0.845
ONLINE-G	F-score: 0.784
ONLINE-G	F-score: 0.655
ONLINE-G	F-score: 0.857
ONLINE-G	F-score: 0.909
ONLINE-G	F-score: 0.645
ONLINE-G	F-score: 0.500
ONLINE-G	F-score: 0.375
ONLINE-G	F-score: 0.878
ONLINE-G	F-score: 0.564
ONLINE-G	F-score: 0.821
ONLINE-G	F-score: 0.525
ONLINE-G	F-score: 0.610
ONLINE-G	F-score: 0.786
ONLINE-G	F-score: 0.832
ONLINE-G	F-score: 0.952
ONLINE-G	F-score: 0.818
ONLINE-G	F-score: 0.833
ONLINE-G	F-score: 0.829
ONLINE-G	F-score: 1.000
ONLINE-G	F-score: 0.791
ONLINE-G	F-score: 0.500
ONLINE-G	F-score: 0.774
ONLINE-G	F-score: 1.000
ONLINE-G	F-score: 0.867
ONLINE-G	F-score: 0.910
ONLINE-G	F-score: 0.893
ONLINE-G	F-score: 0.829
ONLINE-G	F-score: 0.741
ONLINE-G	F-score: 0.857
ONLINE-G	F-score: 0.840
ONLINE-G	F-score: 0.695
ONLINE-G	F-score: 0.814
ONLINE-G	F-score: 0.864
ONLINE-G	F-score: 0.638
ONLINE-G	F-score: 0.714
ONLINE-G	F-score: 0.667
ONLINE-G	F-score: 0.656
ONLINE-G	F-score: 0.600
ONLINE-G	F-score: 0.788
ONLINE-G	F-score: 0.786
ONLINE-G	F-score: 0.538
ONLINE-G	F-score: 0.767
ONLINE-G	F-score: 0.783
ONLINE-G	F-score: 0.850
ONLINE-G	F-score: 0.782
ONLINE-G	F-score: 0.500
ONLINE-G	F-score: 0.534
ONLINE-G	F-score: 0.698
ONLINE-G	F-score: 0.526
ONLINE-G	F-score: 0.875
ONLINE-G	F-score: 0.730
ONLINE-G	F-score: 0.622
ONLINE-G	F-score: 0.777
ONLINE-G	F-score: 0.610
ONLINE-G	F-score: 0.507
ONLINE-G	F-score: 0.740
ONLINE-G	F-score: 0.539
ONLINE-G	F-score: 0.862
ONLINE-G	F-score: 0.889
ONLINE-G	F-score: 0.778
ONLINE-G	F-score: 0.571
ONLINE-G	F-score: 0.500
ONLINE-G	F-score: 0.712
ONLINE-G	F-score: 0.759
ONLINE-G	F-score: 0.737
ONLINE-G	F-score: 0.795
ONLINE-G	F-score: 0.612
ONLINE-G	F-score: 0.887
ONLINE-G	F-score: 0.639
ONLINE-G	F-score: 0.878
ONLINE-G	F-score: 0.765
ONLINE-G	F-score: 0.667
ONLINE-G	F-score: 0.708
ONLINE-G	F-score: 0.733
ONLINE-G	F-score: 0.765
ONLINE-G	F-score: 0.670
ONLINE-G	F-score: 0.837
ONLINE-G	F-score: 0.822
ONLINE-G	F-score: 0.763
ONLINE-G	F-score: 1.000
ONLINE-G	F-score: 1.000
ONLINE-G	F-score: 0.723
ONLINE-G	F-score: 0.805
ONLINE-G	F-score: 0.716
ONLINE-G	F-score: 0.630
ONLINE-G	F-score: 0.674
ONLINE-G	F-score: 0.780
ONLINE-G	F-score: 0.818
ONLINE-G	F-score: 0.589
ONLINE-G	F-score: 0.926
ONLINE-G	F-score: 1.000
ONLINE-G	F-score: 0.642
ONLINE-G	F-score: 0.597
ONLINE-G	F-score: 0.861
ONLINE-G	F-score: 1.000
ONLINE-G	F-score: 0.784
ONLINE-G	F-score: 0.697
ONLINE-G	F-score: 0.865
ONLINE-G	F-score: 0.604
ONLINE-G	F-score: 0.535
ONLINE-G	F-score: 1.000
ONLINE-G	F-score: 0.867
ONLINE-G	F-score: 0.375
ONLINE-G	F-score: 0.807
ONLINE-G	F-score: 0.632
ONLINE-G	F-score: 0.723
ONLINE-G	F-score: 0.742
ONLINE-G	F-score: 0.894
ONLINE-G	F-score: 0.857
ONLINE-G	F-score: 0.825
ONLINE-G	F-score: 0.615
ONLINE-G	F-score: 0.633
ONLINE-G	F-score: 0.549
ONLINE-G	F-score: 0.633
ONLINE-G	F-score: 0.507
ONLINE-G	F-score: 0.764
ONLINE-G	F-score: 0.482
ONLINE-G	F-score: 0.681
ONLINE-G	F-score: 0.491
ONLINE-G	F-score: 0.689
ONLINE-G	F-score: 0.623
ONLINE-G	F-score: 0.723
ONLINE-G	F-score: 0.734
ONLINE-G	F-score: 0.732
ONLINE-G	F-score: 0.618
ONLINE-G	F-score: 0.750
ONLINE-G	F-score: 0.610
ONLINE-G	F-score: 0.526
ONLINE-G	F-score: 0.667
ONLINE-G	F-score: 0.645
ONLINE-G	F-score: 0.520
ONLINE-G	F-score: 1.000
ONLINE-G	F-score: 0.395
ONLINE-G	F-score: 0.923
ONLINE-G	F-score: 0.333
ONLINE-G	F-score: 0.495
ONLINE-G	F-score: 0.696
ONLINE-G	F-score: 0.639
ONLINE-G	F-score: 1.000
ONLINE-G	F-score: 0.667
ONLINE-G	F-score: 0.557
ONLINE-G	F-score: 0.632
ONLINE-G	F-score: 0.558
ONLINE-G	F-score: 0.526
ONLINE-G	F-score: 0.593
ONLINE-G	F-score: 0.750
ONLINE-G	F-score: 0.550
ONLINE-G	F-score: 0.518
ONLINE-G	F-score: 0.698
ONLINE-G	F-score: 0.571
ONLINE-G	F-score: 0.500
ONLINE-G	F-score: 0.752
ONLINE-G	F-score: 0.611
ONLINE-G	F-score: 0.444
ONLINE-G	F-score: 0.633
ONLINE-G	F-score: 0.512
ONLINE-G	F-score: 0.784
ONLINE-G	F-score: 0.657
ONLINE-G	F-score: 0.500
ONLINE-G	F-score: 0.625
ONLINE-G	F-score: 0.625
ONLINE-G	F-score: 0.800
ONLINE-G	F-score: 0.625
ONLINE-G	F-score: 0.824
ONLINE-G	F-score: 0.453
ONLINE-G	F-score: 0.786
ONLINE-G	F-score: 0.606
ONLINE-G	F-score: 0.390
ONLINE-G	F-score: 0.571
ONLINE-G	F-score: 0.520
ONLINE-G	F-score: 0.955
ONLINE-G	F-score: 0.800
ONLINE-G	F-score: 0.500
ONLINE-G	F-score: 0.667
ONLINE-G	F-score: 1.000
ONLINE-G	F-score: 0.800
ONLINE-G	F-score: 0.593
ONLINE-G	F-score: 0.679
ONLINE-G	F-score: 0.292
ONLINE-G	F-score: 0.634
ONLINE-G	F-score: 0.833
ONLINE-G	F-score: 0.632
ONLINE-G	F-score: 0.580
ONLINE-G	F-score: 0.483
ONLINE-G	F-score: 0.571
ONLINE-G	F-score: 0.882
ONLINE-G	F-score: 0.583
ONLINE-G	F-score: 0.731
ONLINE-G	F-score: 0.575
ONLINE-G	F-score: 0.667
ONLINE-G	F-score: 0.455
ONLINE-G	F-score: 0.545
ONLINE-G	F-score: 0.485
ONLINE-G	F-score: 0.469
ONLINE-G	F-score: 0.818
ONLINE-G	F-score: 0.709
ONLINE-G	F-score: 0.680
ONLINE-G	F-score: 0.592
ONLINE-G	F-score: 0.545
ONLINE-G	F-score: 0.583
ONLINE-G	F-score: 1.000
ONLINE-G	F-score: 0.691
ONLINE-G	F-score: 0.833
ONLINE-G	F-score: 0.566
ONLINE-G	F-score: 0.571
ONLINE-G	F-score: 0.340
ONLINE-G	F-score: 0.433
ONLINE-G	F-score: 0.700
ONLINE-G	F-score: 0.769
ONLINE-G	F-score: 0.453
ONLINE-G	F-score: 0.774
ONLINE-G	F-score: 0.670
ONLINE-G	F-score: 0.646
ONLINE-G	F-score: 1.000
ONLINE-G	F-score: 0.605
ONLINE-G	F-score: 0.636
ONLINE-G	F-score: 0.429
ONLINE-G	F-score: 0.564
ONLINE-G	F-score: 0.725
ONLINE-G	F-score: 0.364
ONLINE-G	F-score: 0.543
ONLINE-G	F-score: 0.250
ONLINE-G	F-score: 0.250
ONLINE-G	F-score: 0.250
ONLINE-G	F-score: 0.519
ONLINE-G	F-score: 0.500
ONLINE-G	F-score: 0.450
ONLINE-G	F-score: 0.567
ONLINE-G	F-score: 1.000
ONLINE-G	F-score: 0.469
ONLINE-G	F-score: 0.714
ONLINE-G	F-score: 0.462
ONLINE-G	F-score: 0.750
ONLINE-G	F-score: 0.865
ONLINE-G	F-score: 0.649
ONLINE-G	F-score: 0.471
ONLINE-G	F-score: 0.531
ONLINE-G	F-score: 0.667
ONLINE-G	F-score: 0.679
ONLINE-G	F-score: 0.442
ONLINE-G	F-score: 0.333
ONLINE-G	F-score: 0.560
ONLINE-G	F-score: 0.678
ONLINE-G	F-score: 0.455
ONLINE-G	F-score: 0.623
ONLINE-G	F-score: 0.571
ONLINE-G	F-score: 0.506
ONLINE-G	F-score: 0.625
ONLINE-G	F-score: 0.917
ONLINE-G	F-score: 0.494
ONLINE-G	F-score: 0.750
ONLINE-G	F-score: 0.506
ONLINE-G	F-score: 0.409
ONLINE-G	F-score: 0.667
ONLINE-G	F-score: 0.333
ONLINE-G	F-score: 0.571
ONLINE-G	F-score: 0.727
ONLINE-G	F-score: 0.511
ONLINE-G	F-score: 0.743
ONLINE-G	F-score: 0.828
ONLINE-G	F-score: 0.545
ONLINE-G	F-score: 0.500
ONLINE-G	F-score: 0.800
ONLINE-G	F-score: 0.423
ONLINE-G	F-score: 0.714
ONLINE-G	F-score: 0.584
ONLINE-G	F-score: 0.344
ONLINE-G	F-score: 0.732
ONLINE-G	F-score: 0.148
ONLINE-G	F-score: 0.412
ONLINE-G	F-score: 0.609
ONLINE-G	F-score: 0.519
ONLINE-G	F-score: 0.343
ONLINE-G	F-score: 0.316
ONLINE-G	F-score: 0.439
ONLINE-G	F-score: 0.667
ONLINE-G	F-score: 0.470
ONLINE-G	F-score: 0.583
ONLINE-G	F-score: 0.571
ONLINE-G	F-score: 0.519
ONLINE-G	F-score: 0.475
ONLINE-G	F-score: 0.448
ONLINE-G	F-score: 0.233
ONLINE-G	F-score: 0.154
ONLINE-G	F-score: 0.759
ONLINE-G	F-score: 0.723
ONLINE-G	F-score: 0.667
ONLINE-G	F-score: 0.789
ONLINE-G	F-score: 0.905
ONLINE-G	F-score: 0.648
ONLINE-G	F-score: 0.286
ONLINE-G	F-score: 0.551
ONLINE-G	F-score: 0.644
ONLINE-G	F-score: 0.440
ONLINE-G	F-score: 0.459
ONLINE-G	F-score: 0.571
ONLINE-G	F-score: 0.844
ONLINE-G	F-score: 0.450
ONLINE-G	F-score: 0.348
ONLINE-G	F-score: 0.603
ONLINE-G	F-score: 0.667
ONLINE-G	F-score: 0.316
ONLINE-G	F-score: 0.667
ONLINE-G	F-score: 0.957
ONLINE-G	F-score: 0.261
ONLINE-G	F-score: 0.444
ONLINE-G	F-score: 0.333
ONLINE-G	F-score: 1.000
ONLINE-G	F-score: 0.714
ONLINE-G	F-score: 1.000
ONLINE-G	F-score: 0.750
ONLINE-G	F-score: 0.429
ONLINE-G	F-score: 0.516
ONLINE-G	F-score: 0.757
ONLINE-G	F-score: 0.529
ONLINE-G	F-score: 0.714
ONLINE-G	F-score: 0.412
ONLINE-G	F-score: 0.533
ONLINE-G	F-score: 0.633
ONLINE-G	F-score: 0.667
ONLINE-G	F-score: 0.672
ONLINE-G	F-score: 0.683
ONLINE-G	F-score: 0.573
ONLINE-G	F-score: 0.625
ONLINE-G	F-score: 0.624
ONLINE-G	F-score: 0.378
ONLINE-G	F-score: 0.711
ONLINE-G	F-score: 0.714
ONLINE-G	F-score: 0.600
ONLINE-G	F-score: 0.489
ONLINE-G	F-score: 0.589
ONLINE-G	F-score: 0.545
ONLINE-G	F-score: 0.558
ONLINE-G	F-score: 0.341
ONLINE-G	F-score: 0.561
ONLINE-G	F-score: 0.526
ONLINE-G	F-score: 0.694
ONLINE-G	F-score: 0.455
ONLINE-G	F-score: 0.700
ONLINE-G	F-score: 0.528
ONLINE-G	F-score: 0.235
ONLINE-G	F-score: 0.732
ONLINE-G	F-score: 0.845
ONLINE-G	F-score: 0.381
ONLINE-G	F-score: 0.648
ONLINE-G	F-score: 0.732
ONLINE-G	F-score: 0.500
ONLINE-G	F-score: 0.296
ONLINE-G	F-score: 0.579
ONLINE-G	F-score: 0.667
ONLINE-G	F-score: 0.778
ONLINE-G	F-score: 0.608
ONLINE-G	F-score: 0.537
ONLINE-G	F-score: 0.800
ONLINE-G	F-score: 0.725
ONLINE-G	F-score: 0.667
ONLINE-G	F-score: 0.839
ONLINE-G	F-score: 0.650
ONLINE-G	F-score: 0.565
ONLINE-G	F-score: 0.400
ONLINE-G	F-score: 0.571
ONLINE-G	F-score: 0.778
ONLINE-G	F-score: 0.815
ONLINE-G	F-score: 0.767
ONLINE-G	F-score: 0.844
ONLINE-G	F-score: 0.667
ONLINE-G	F-score: 0.400
ONLINE-G	F-score: 0.564
ONLINE-G	F-score: 0.634
ONLINE-G	F-score: 0.923
ONLINE-G	F-score: 0.333
ONLINE-G	F-score: 0.500
ONLINE-G	F-score: 0.600
ONLINE-G	F-score: 0.648
ONLINE-G	F-score: 0.286
ONLINE-G	F-score: 0.324
ONLINE-G	F-score: 0.730
ONLINE-G	F-score: 0.524
ONLINE-G	F-score: 0.589
ONLINE-G	F-score: 0.750
ONLINE-G	F-score: 0.442
ONLINE-G	F-score: 0.649
ONLINE-G	F-score: 0.642
ONLINE-G	F-score: 0.200
ONLINE-G	F-score: 0.857
ONLINE-G	F-score: 0.536
ONLINE-G	F-score: 0.548
ONLINE-G	F-score: 0.316
ONLINE-G	F-score: 0.433
ONLINE-G	F-score: 0.578
ONLINE-G	F-score: 0.500
ONLINE-G	F-score: 1.000
ONLINE-G	F-score: 0.606
ONLINE-G	F-score: 0.750
ONLINE-G	F-score: 0.595
ONLINE-G	F-score: 0.729
ONLINE-G	F-score: 0.667
ONLINE-G	F-score: 0.559
ONLINE-G	F-score: 0.446
ONLINE-G	F-score: 0.489
ONLINE-G	F-score: 0.833
ONLINE-G	F-score: 0.500
ONLINE-G	F-score: 0.625
ONLINE-G	F-score: 0.691
ONLINE-G	F-score: 0.672
ONLINE-G	F-score: 0.410
ONLINE-G	F-score: 0.476
ONLINE-G	F-score: 0.788
ONLINE-G	F-score: 0.474
ONLINE-G	F-score: 0.625
ONLINE-G	F-score: 0.547
ONLINE-G	F-score: 0.467
ONLINE-G	F-score: 0.691
ONLINE-G	F-score: 0.564
ONLINE-G	F-score: 0.554
ONLINE-G	F-score: 0.786
ONLINE-G	F-score: 0.385
ONLINE-G	F-score: 0.556
ONLINE-G	F-score: 0.545
ONLINE-G	F-score: 0.631
ONLINE-G	F-score: 0.500
ONLINE-G	F-score: 0.750
ONLINE-G	F-score: 0.559
ONLINE-G	F-score: 0.750
ONLINE-G	F-score: 0.617
ONLINE-G	F-score: 0.750
ONLINE-G	F-score: 0.400
ONLINE-G	F-score: 0.652
ONLINE-G	F-score: 0.781
ONLINE-G	F-score: 0.500
ONLINE-G	F-score: 0.816
ONLINE-G	F-score: 0.571
ONLINE-G	F-score: 0.479
ONLINE-G	F-score: 0.597
ONLINE-G	F-score: 0.482
ONLINE-G	F-score: 0.426
ONLINE-G	F-score: 0.467
ONLINE-G	F-score: 0.640
ONLINE-G	F-score: 0.510
ONLINE-G	F-score: 0.667
ONLINE-G	F-score: 0.792
ONLINE-G	F-score: 0.507
ONLINE-G	F-score: 0.909
ONLINE-G	F-score: 0.688
ONLINE-G	F-score: 0.571
ONLINE-G	F-score: 0.857
ONLINE-G	F-score: 0.435
ONLINE-G	F-score: 0.396
ONLINE-G	F-score: 0.800
ONLINE-G	F-score: 0.475
ONLINE-G	F-score: 0.489
ONLINE-G	F-score: 0.484
ONLINE-G	F-score: 0.909
ONLINE-G	F-score: 0.857
ONLINE-G	F-score: 0.707
ONLINE-G	F-score: 0.529
ONLINE-G	F-score: 0.588
ONLINE-G	F-score: 0.530
ONLINE-G	F-score: 0.667
ONLINE-G	F-score: 0.286
ONLINE-G	F-score: 0.558
ONLINE-G	F-score: 0.500
ONLINE-G	F-score: 0.661
ONLINE-G	F-score: 0.559
ONLINE-G	F-score: 0.636
ONLINE-G	F-score: 0.500
ONLINE-G	F-score: 0.471
ONLINE-G	F-score: 0.632
ONLINE-G	F-score: 0.444
ONLINE-G	F-score: 0.427
ONLINE-G	F-score: 0.792
ONLINE-G	F-score: 0.600
ONLINE-G	F-score: 0.698
ONLINE-G	F-score: 0.585
ONLINE-G	F-score: 0.727
ONLINE-G	F-score: 0.637
ONLINE-G	F-score: 0.594
ONLINE-G	F-score: 0.476
ONLINE-G	F-score: 0.571
ONLINE-G	F-score: 0.250
ONLINE-G	F-score: 0.641
ONLINE-G	F-score: 0.625
ONLINE-G	F-score: 0.750
ONLINE-G	F-score: 0.624
ONLINE-G	F-score: 0.500
ONLINE-G	F-score: 0.400
ONLINE-G	F-score: 0.333
ONLINE-G	F-score: 0.714
ONLINE-G	F-score: 0.648
ONLINE-G	F-score: 0.661
ONLINE-G	F-score: 0.560
ONLINE-G	F-score: 0.608
ONLINE-G	F-score: 0.773
ONLINE-G	F-score: 0.289
ONLINE-G	F-score: 0.957
ONLINE-G	F-score: 0.286
ONLINE-G	F-score: 0.364
ONLINE-G	F-score: 0.442
ONLINE-G	F-score: 0.571
ONLINE-G	F-score: 0.848
ONLINE-G	F-score: 0.727
ONLINE-G	F-score: 0.688
ONLINE-G	F-score: 0.900
ONLINE-G	F-score: 0.632
ONLINE-G	F-score: 0.612
ONLINE-G	F-score: 0.675
ONLINE-G	F-score: 0.900
ONLINE-G	F-score: 0.467
ONLINE-G	F-score: 0.882
ONLINE-G	F-score: 0.704
ONLINE-G	F-score: 0.466
ONLINE-G	F-score: 0.696
ONLINE-G	F-score: 0.622
ONLINE-G	F-score: 0.393
ONLINE-G	F-score: 0.694
ONLINE-G	F-score: 0.545
ONLINE-G	F-score: 0.833
ONLINE-G	F-score: 0.412
ONLINE-G	F-score: 0.674
ONLINE-G	F-score: 0.588
ONLINE-G	F-score: 0.547
ONLINE-G	F-score: 0.676
ONLINE-G	F-score: 0.658
ONLINE-G	F-score: 0.691
ONLINE-G	F-score: 0.833
ONLINE-G	F-score: 1.000
ONLINE-G	F-score: 0.542
ONLINE-G	F-score: 0.800
ONLINE-G	F-score: 0.381
ONLINE-G	F-score: 0.379
ONLINE-G	F-score: 0.818
ONLINE-G	F-score: 0.333
ONLINE-G	F-score: 0.556
ONLINE-G	F-score: 0.657
ONLINE-G	F-score: 0.500
ONLINE-G	F-score: 0.349
ONLINE-G	F-score: 0.712
ONLINE-G	F-score: 0.549
ONLINE-G	F-score: 0.657
ONLINE-G	F-score: 0.490
ONLINE-G	F-score: 0.444
ONLINE-G	F-score: 0.500
ONLINE-G	F-score: 0.605
ONLINE-G	F-score: 0.500
ONLINE-G	F-score: 0.545
ONLINE-G	F-score: 0.447
ONLINE-G	F-score: 0.556
ONLINE-G	F-score: 0.376
ONLINE-G	F-score: 0.375
ONLINE-G	F-score: 0.333
ONLINE-G	F-score: 0.769
ONLINE-G	F-score: 0.755
ONLINE-G	F-score: 0.551
ONLINE-G	F-score: 0.667
ONLINE-G	F-score: 0.529
ONLINE-G	F-score: 0.812
ONLINE-G	F-score: 0.407
ONLINE-G	F-score: 0.500
ONLINE-G	F-score: 0.754
ONLINE-G	F-score: 0.696
ONLINE-G	F-score: 0.500
ONLINE-G	F-score: 0.624
ONLINE-G	F-score: 0.547
ONLINE-G	F-score: 0.400
ONLINE-G	F-score: 0.625
ONLINE-G	F-score: 0.560
ONLINE-G	F-score: 0.264
ONLINE-G	F-score: 0.753
ONLINE-G	F-score: 0.638
ONLINE-G	F-score: 0.714
ONLINE-G	F-score: 0.723
ONLINE-G	F-score: 0.426
ONLINE-G	F-score: 0.667
ONLINE-G	F-score: 0.619
ONLINE-G	F-score: 0.714
ONLINE-G	F-score: 0.400
ONLINE-G	F-score: 0.625
ONLINE-G	F-score: 0.722
ONLINE-G	F-score: 0.649
ONLINE-G	F-score: 0.467
ONLINE-G	F-score: 0.629
ONLINE-G	F-score: 0.609
ONLINE-G	F-score: 0.692
ONLINE-G	F-score: 0.235
ONLINE-G	F-score: 0.516
ONLINE-G	F-score: 0.750
ONLINE-G	F-score: 0.667
ONLINE-G	F-score: 0.741
ONLINE-G	F-score: 0.769
ONLINE-G	F-score: 0.531
ONLINE-G	F-score: 0.372
ONLINE-G	F-score: 0.426
ONLINE-G	F-score: 0.606
ONLINE-G	F-score: 0.557
ONLINE-G	F-score: 0.525
ONLINE-G	F-score: 0.625
ONLINE-G	F-score: 0.222
ONLINE-G	F-score: 0.549
ONLINE-G	F-score: 0.470
ONLINE-G	F-score: 0.455
ONLINE-G	F-score: 0.581
ONLINE-G	F-score: 0.638
ONLINE-G	F-score: 0.387
ONLINE-G	F-score: 0.483
ONLINE-G	F-score: 0.416
ONLINE-G	F-score: 0.600
ONLINE-G	F-score: 0.750
ONLINE-G	F-score: 0.562
ONLINE-G	F-score: 0.491
ONLINE-G	F-score: 0.571
ONLINE-G	F-score: 0.400
ONLINE-G	F-score: 0.548
ONLINE-G	F-score: 1.000
ONLINE-G	F-score: 0.639
ONLINE-G	F-score: 0.557
ONLINE-G	F-score: 0.562
ONLINE-G	F-score: 0.390
ONLINE-G	F-score: 0.769
ONLINE-G	F-score: 0.759
ONLINE-G	F-score: 0.556
ONLINE-G	F-score: 0.648
ONLINE-G	F-score: 0.324
ONLINE-G	F-score: 0.329
ONLINE-G	F-score: 0.649
ONLINE-G	F-score: 0.596
ONLINE-G	F-score: 0.624
ONLINE-G	F-score: 0.926
ONLINE-G	F-score: 0.400
ONLINE-G	F-score: 0.479
ONLINE-G	F-score: 0.595
ONLINE-G	F-score: 0.545
ONLINE-G	F-score: 0.762
ONLINE-G	F-score: 0.586
ONLINE-G	F-score: 0.650
ONLINE-G	F-score: 0.826
ONLINE-G	F-score: 0.414
ONLINE-G	F-score: 0.475
ONLINE-G	F-score: 0.429
ONLINE-G	F-score: 0.611
ONLINE-G	F-score: 0.812
ONLINE-G	F-score: 0.697
ONLINE-G	F-score: 0.717
ONLINE-G	F-score: 0.969
ONLINE-G	F-score: 0.616
ONLINE-G	F-score: 0.800
ONLINE-G	F-score: 0.579
ONLINE-G	F-score: 0.348
ONLINE-G	F-score: 0.483
ONLINE-G	F-score: 0.613
ONLINE-G	F-score: 0.400
ONLINE-G	F-score: 1.000
ONLINE-G	F-score: 0.555
ONLINE-G	F-score: 0.514
ONLINE-G	F-score: 0.750
ONLINE-G	F-score: 0.576
ONLINE-G	F-score: 0.684
ONLINE-G	F-score: 0.639
ONLINE-G	F-score: 0.222
ONLINE-G	F-score: 0.533
ONLINE-G	F-score: 1.000
ONLINE-G	F-score: 0.729
ONLINE-G	F-score: 0.727
ONLINE-G	F-score: 1.000
ONLINE-G	F-score: 0.714
ONLINE-G	F-score: 0.273
ONLINE-G	F-score: 0.367
ONLINE-G	F-score: 0.576
ONLINE-G	F-score: 0.585
ONLINE-G	F-score: 0.250
ONLINE-G	F-score: 0.464
ONLINE-G	F-score: 0.369
ONLINE-G	F-score: 0.486
ONLINE-G	F-score: 0.515
ONLINE-G	F-score: 0.727
ONLINE-G	F-score: 0.800
ONLINE-G	F-score: 0.875
ONLINE-G	F-score: 0.800
ONLINE-G	F-score: 0.370
ONLINE-G	F-score: 0.957
ONLINE-G	F-score: 0.625
ONLINE-G	F-score: 0.333
ONLINE-G	F-score: 0.610
ONLINE-G	F-score: 0.618
ONLINE-G	F-score: 0.512
ONLINE-G	F-score: 0.600
ONLINE-G	F-score: 0.483
ONLINE-G	F-score: 0.750
ONLINE-G	F-score: 0.444
ONLINE-G	F-score: 0.400
ONLINE-G	F-score: 0.750
ONLINE-G	F-score: 1.000
ONLINE-G	F-score: 0.696
ONLINE-G	F-score: 0.630
ONLINE-G	F-score: 0.615
ONLINE-G	F-score: 0.585
ONLINE-G	F-score: 0.651
ONLINE-G	F-score: 0.478
ONLINE-G	F-score: 0.364
ONLINE-G	F-score: 0.647
ONLINE-G	F-score: 0.957
ONLINE-G	F-score: 0.699
ONLINE-G	F-score: 0.800
ONLINE-G	F-score: 0.462
ONLINE-G	F-score: 0.578
ONLINE-G	F-score: 0.492
ONLINE-G	F-score: 0.557
ONLINE-G	F-score: 0.343
ONLINE-G	F-score: 0.581
ONLINE-G	F-score: 0.200
ONLINE-G	F-score: 0.462
ONLINE-G	F-score: 0.451
ONLINE-G	F-score: 0.606
ONLINE-G	F-score: 0.676
ONLINE-G	F-score: 0.833
ONLINE-G	F-score: 0.677
ONLINE-G	F-score: 0.870
ONLINE-G	F-score: 0.364
ONLINE-G	F-score: 0.743
ONLINE-G	F-score: 0.889
ONLINE-G	F-score: 0.345
ONLINE-G	F-score: 0.738
ONLINE-G	F-score: 0.720
ONLINE-G	F-score: 0.598
ONLINE-G	F-score: 0.600
ONLINE-G	F-score: 0.429
ONLINE-G	F-score: 0.667
ONLINE-G	F-score: 0.456
ONLINE-G	F-score: 0.458
ONLINE-G	F-score: 0.383
ONLINE-G	F-score: 0.182
ONLINE-G	F-score: 0.500
ONLINE-G	F-score: 0.571
ONLINE-G	F-score: 0.923
ONLINE-G	F-score: 0.500
ONLINE-G	F-score: 0.333
ONLINE-G	F-score: 0.750
ONLINE-G	F-score: 0.250
ONLINE-G	F-score: 0.364
ONLINE-G	F-score: 0.714
ONLINE-G	F-score: 0.485
ONLINE-G	F-score: 0.364
ONLINE-G	F-score: 0.818
ONLINE-G	F-score: 0.593
ONLINE-G	F-score: 0.857
ONLINE-G	F-score: 0.818
ONLINE-G	F-score: 0.560
ONLINE-G	F-score: 0.588
ONLINE-G	F-score: 0.923
ONLINE-G	F-score: 0.875
ONLINE-G	F-score: 0.250
ONLINE-G	F-score: 0.694
ONLINE-G	F-score: 1.000
ONLINE-G	F-score: 0.697
ONLINE-G	F-score: 0.121
ONLINE-G	F-score: 0.453
ONLINE-G	F-score: 0.600
ONLINE-G	F-score: 0.612
ONLINE-G	F-score: 0.604
ONLINE-G	F-score: 0.875
ONLINE-G	F-score: 0.485
ONLINE-G	F-score: 0.056
ONLINE-G	F-score: 0.585
ONLINE-G	F-score: 0.471
ONLINE-G	F-score: 0.818
ONLINE-G	F-score: 0.667
ONLINE-G	F-score: 0.353
ONLINE-G	F-score: 0.618
ONLINE-G	F-score: 0.560
ONLINE-G	F-score: 1.000
ONLINE-G	F-score: 0.714
ONLINE-G	F-score: 0.633
ONLINE-G	F-score: 0.706
ONLINE-G	F-score: 0.333
ONLINE-G	F-score: 0.467
ONLINE-G	F-score: 0.521
ONLINE-G	F-score: 0.577
ONLINE-G	F-score: 1.000
ONLINE-G	F-score: 0.582
ONLINE-G	F-score: 0.533
ONLINE-G	F-score: 0.473
ONLINE-G	F-score: 0.348
ONLINE-G	F-score: 0.714
ONLINE-G	F-score: 0.414
ONLINE-G	F-score: 0.500
ONLINE-G	F-score: 0.303
ONLINE-G	F-score: 0.486
ONLINE-G	F-score: 0.595
ONLINE-G	F-score: 0.488
ONLINE-G	F-score: 0.469
ONLINE-G	F-score: 0.655
ONLINE-G	F-score: 0.458
ONLINE-G	F-score: 0.889
ONLINE-G	F-score: 0.538
ONLINE-G	F-score: 0.500
ONLINE-G	F-score: 0.667
ONLINE-G	F-score: 0.655
ONLINE-G	F-score: 0.690
ONLINE-G	F-score: 1.000
ONLINE-G	F-score: 0.818
ONLINE-G	F-score: 0.660
ONLINE-G	F-score: 0.731
ONLINE-G	F-score: 0.623
ONLINE-G	F-score: 0.714
ONLINE-G	F-score: 0.333
ONLINE-G	F-score: 0.471
ONLINE-G	F-score: 0.500
ONLINE-G	F-score: 0.875
ONLINE-G	F-score: 0.497
ONLINE-G	F-score: 0.440
ONLINE-G	F-score: 0.818
ONLINE-G	F-score: 0.692
ONLINE-G	F-score: 0.479
ONLINE-G	F-score: 0.605
ONLINE-G	F-score: 0.667
ONLINE-G	F-score: 0.620
ONLINE-G	F-score: 0.713
ONLINE-G	F-score: 0.730
ONLINE-G	F-score: 0.725
ONLINE-G	F-score: 0.735
ONLINE-G	F-score: 0.618
ONLINE-G	F-score: 0.720
ONLINE-G	F-score: 0.478
ONLINE-G	F-score: 0.426
ONLINE-G	F-score: 0.833
ONLINE-G	F-score: 0.762
ONLINE-G	F-score: 0.407
ONLINE-G	F-score: 0.545
ONLINE-G	F-score: 0.710
ONLINE-G	F-score: 0.540
ONLINE-G	F-score: 0.531
ONLINE-G	F-score: 0.690
ONLINE-G	F-score: 0.500
ONLINE-G	F-score: 0.563
ONLINE-G	F-score: 0.537
ONLINE-G	F-score: 0.597
ONLINE-G	F-score: 0.682
ONLINE-G	F-score: 0.468
ONLINE-G	F-score: 0.286
ONLINE-G	F-score: 0.414
ONLINE-G	F-score: 0.544
ONLINE-G	F-score: 0.683
ONLINE-G	F-score: 0.714
ONLINE-G	F-score: 0.590
ONLINE-G	F-score: 0.568
ONLINE-G	F-score: 0.739
ONLINE-G	F-score: 0.667
ONLINE-G	F-score: 0.454
ONLINE-G	F-score: 0.438
ONLINE-G	F-score: 0.696
ONLINE-M	F-score: 0.442
ONLINE-M	F-score: 0.462
ONLINE-M	F-score: 0.743
ONLINE-M	F-score: 0.467
ONLINE-M	F-score: 0.480
ONLINE-M	F-score: 0.351
ONLINE-M	F-score: 0.231
ONLINE-M	F-score: 0.281
ONLINE-M	F-score: 0.519
ONLINE-M	F-score: 0.778
ONLINE-M	F-score: 0.556
ONLINE-M	F-score: 0.633
ONLINE-M	F-score: 0.333
ONLINE-M	F-score: 0.625
ONLINE-M	F-score: 0.853
ONLINE-M	F-score: 0.537
ONLINE-M	F-score: 0.340
ONLINE-M	F-score: 0.333
ONLINE-M	F-score: 0.566
ONLINE-M	F-score: 0.449
ONLINE-M	F-score: 0.281
ONLINE-M	F-score: 0.431
ONLINE-M	F-score: 0.333
ONLINE-M	F-score: 0.750
ONLINE-M	F-score: 0.647
ONLINE-M	F-score: 0.750
ONLINE-M	F-score: 0.571
ONLINE-M	F-score: 0.571
ONLINE-M	F-score: 0.273
ONLINE-M	F-score: 0.583
ONLINE-M	F-score: 0.769
ONLINE-M	F-score: 1.000
ONLINE-M	F-score: 0.421
ONLINE-M	F-score: 1.000
ONLINE-M	F-score: 0.500
ONLINE-M	F-score: 0.333
ONLINE-M	F-score: 0.667
ONLINE-M	F-score: 0.167
ONLINE-M	F-score: 0.462
ONLINE-M	F-score: 0.379
ONLINE-M	F-score: 0.545
ONLINE-M	F-score: 0.400
ONLINE-M	F-score: 0.200
ONLINE-M	F-score: 0.429
ONLINE-M	F-score: 0.395
ONLINE-M	F-score: 0.495
ONLINE-M	F-score: 0.506
ONLINE-M	F-score: 0.333
ONLINE-M	F-score: 0.316
ONLINE-M	F-score: 0.125
ONLINE-M	F-score: 1.000
ONLINE-M	F-score: 0.424
ONLINE-M	F-score: 0.426
ONLINE-M	F-score: 0.317
ONLINE-M	F-score: 0.305
ONLINE-M	F-score: 0.250
ONLINE-M	F-score: 0.395
ONLINE-M	F-score: 0.565
ONLINE-M	F-score: 0.286
ONLINE-M	F-score: 0.231
ONLINE-M	F-score: 0.286
ONLINE-M	F-score: 0.429
ONLINE-M	F-score: 0.286
ONLINE-M	F-score: 0.400
ONLINE-M	F-score: 0.300
ONLINE-M	F-score: 0.444
ONLINE-M	F-score: 0.471
ONLINE-M	F-score: 0.667
ONLINE-M	F-score: 0.348
ONLINE-M	F-score: 0.296
ONLINE-M	F-score: 0.615
ONLINE-M	F-score: 0.211
ONLINE-M	F-score: 0.406
ONLINE-M	F-score: 0.474
ONLINE-M	F-score: 0.667
ONLINE-M	F-score: 0.286
ONLINE-M	F-score: 0.327
ONLINE-M	F-score: 0.476
ONLINE-M	F-score: 0.258
ONLINE-M	F-score: 0.261
ONLINE-M	F-score: 0.500
ONLINE-M	F-score: 0.375
ONLINE-M	F-score: 0.650
ONLINE-M	F-score: 0.538
ONLINE-M	F-score: 0.462
ONLINE-M	F-score: 0.545
ONLINE-M	F-score: 0.400
ONLINE-M	F-score: 0.562
ONLINE-M	F-score: 0.190
ONLINE-M	F-score: 0.458
ONLINE-M	F-score: 0.850
ONLINE-M	F-score: 0.900
ONLINE-M	F-score: 0.318
ONLINE-M	F-score: 0.250
ONLINE-M	F-score: 0.909
ONLINE-M	F-score: 0.833
ONLINE-M	F-score: 0.400
ONLINE-M	F-score: 0.230
ONLINE-M	F-score: 0.773
ONLINE-M	F-score: 0.575
ONLINE-M	F-score: 0.800
ONLINE-M	F-score: 0.400
ONLINE-M	F-score: 0.388
ONLINE-M	F-score: 0.485
ONLINE-M	F-score: 0.524
ONLINE-M	F-score: 0.336
ONLINE-M	F-score: 0.333
ONLINE-M	F-score: 0.600
ONLINE-M	F-score: 0.611
ONLINE-M	F-score: 0.481
ONLINE-M	F-score: 0.368
ONLINE-M	F-score: 0.333
ONLINE-M	F-score: 0.500
ONLINE-M	F-score: 0.500
ONLINE-M	F-score: 0.605
ONLINE-M	F-score: 0.545
ONLINE-M	F-score: 0.286
ONLINE-M	F-score: 0.250
ONLINE-M	F-score: 0.200
ONLINE-M	F-score: 0.261
ONLINE-M	F-score: 0.200
ONLINE-M	F-score: 0.200
ONLINE-M	F-score: 0.294
ONLINE-M	F-score: 0.211
ONLINE-M	F-score: 0.286
ONLINE-M	F-score: 0.359
ONLINE-M	F-score: 0.333
ONLINE-M	F-score: 0.400
ONLINE-M	F-score: 0.167
ONLINE-M	F-score: 0.571
ONLINE-M	F-score: 0.500
ONLINE-M	F-score: 0.333
ONLINE-M	F-score: 0.333
ONLINE-M	F-score: 0.375
ONLINE-M	F-score: 0.154
ONLINE-M	F-score: 0.148
ONLINE-M	F-score: 0.316
ONLINE-M	F-score: 0.750
ONLINE-M	F-score: 0.333
ONLINE-M	F-score: 0.308
ONLINE-M	F-score: 0.462
ONLINE-M	F-score: 0.427
ONLINE-M	F-score: 0.667
ONLINE-M	F-score: 0.200
ONLINE-M	F-score: 0.583
ONLINE-M	F-score: 0.158
ONLINE-M	F-score: 0.379
ONLINE-M	F-score: 0.526
ONLINE-M	F-score: 0.346
ONLINE-M	F-score: 0.556
ONLINE-M	F-score: 0.538
ONLINE-M	F-score: 0.453
ONLINE-M	F-score: 0.419
ONLINE-M	F-score: 0.417
ONLINE-M	F-score: 0.471
ONLINE-M	F-score: 0.609
ONLINE-M	F-score: 0.463
ONLINE-M	F-score: 0.500
ONLINE-M	F-score: 0.296
ONLINE-M	F-score: 0.381
ONLINE-M	F-score: 0.271
ONLINE-M	F-score: 0.743
ONLINE-M	F-score: 0.488
ONLINE-M	F-score: 0.727
ONLINE-M	F-score: 0.720
ONLINE-M	F-score: 0.681
ONLINE-M	F-score: 0.430
ONLINE-M	F-score: 0.622
ONLINE-M	F-score: 0.727
ONLINE-M	F-score: 0.877
ONLINE-M	F-score: 0.766
ONLINE-M	F-score: 0.240
ONLINE-M	F-score: 0.400
ONLINE-M	F-score: 0.414
ONLINE-M	F-score: 0.364
ONLINE-M	F-score: 0.286
ONLINE-M	F-score: 0.267
ONLINE-M	F-score: 0.303
ONLINE-M	F-score: 0.200
ONLINE-M	F-score: 0.333
ONLINE-M	F-score: 0.324
ONLINE-M	F-score: 0.267
ONLINE-M	F-score: 0.167
ONLINE-M	F-score: 0.319
ONLINE-M	F-score: 0.382
ONLINE-M	F-score: 0.400
ONLINE-M	F-score: 0.306
ONLINE-M	F-score: 0.308
ONLINE-M	F-score: 0.444
ONLINE-M	F-score: 0.333
ONLINE-M	F-score: 0.200
ONLINE-M	F-score: 0.511
ONLINE-M	F-score: 0.702
ONLINE-M	F-score: 0.588
ONLINE-M	F-score: 0.488
ONLINE-M	F-score: 0.750
ONLINE-M	F-score: 0.276
ONLINE-M	F-score: 0.566
ONLINE-M	F-score: 0.570
ONLINE-M	F-score: 0.308
ONLINE-M	F-score: 0.500
ONLINE-M	F-score: 0.421
ONLINE-M	F-score: 0.364
ONLINE-M	F-score: 0.452
ONLINE-M	F-score: 0.300
ONLINE-M	F-score: 0.465
ONLINE-M	F-score: 0.465
ONLINE-M	F-score: 0.611
ONLINE-M	F-score: 0.390
ONLINE-M	F-score: 0.552
ONLINE-M	F-score: 0.391
ONLINE-M	F-score: 0.491
ONLINE-M	F-score: 0.233
ONLINE-M	F-score: 0.364
ONLINE-M	F-score: 0.406
ONLINE-M	F-score: 0.650
ONLINE-M	F-score: 0.320
ONLINE-M	F-score: 0.361
ONLINE-M	F-score: 0.318
ONLINE-M	F-score: 0.525
ONLINE-M	F-score: 0.391
ONLINE-M	F-score: 0.250
ONLINE-M	F-score: 0.523
ONLINE-M	F-score: 0.229
ONLINE-M	F-score: 0.286
ONLINE-M	F-score: 0.424
ONLINE-M	F-score: 0.414
ONLINE-M	F-score: 0.542
ONLINE-M	F-score: 0.377
ONLINE-M	F-score: 0.591
ONLINE-M	F-score: 0.411
ONLINE-M	F-score: 0.507
ONLINE-M	F-score: 0.306
ONLINE-M	F-score: 0.328
ONLINE-M	F-score: 0.316
ONLINE-M	F-score: 1.000
ONLINE-M	F-score: 0.783
ONLINE-M	F-score: 0.941
ONLINE-M	F-score: 0.526
ONLINE-M	F-score: 0.615
ONLINE-M	F-score: 0.653
ONLINE-M	F-score: 1.000
ONLINE-M	F-score: 0.925
ONLINE-M	F-score: 0.833
ONLINE-M	F-score: 0.600
ONLINE-M	F-score: 0.494
ONLINE-M	F-score: 0.429
ONLINE-M	F-score: 0.471
ONLINE-M	F-score: 0.580
ONLINE-M	F-score: 0.448
ONLINE-M	F-score: 0.258
ONLINE-M	F-score: 0.323
ONLINE-M	F-score: 0.500
ONLINE-M	F-score: 0.365
ONLINE-M	F-score: 0.482
ONLINE-M	F-score: 0.364
ONLINE-M	F-score: 0.833
ONLINE-M	F-score: 0.500
ONLINE-M	F-score: 0.353
ONLINE-M	F-score: 0.458
ONLINE-M	F-score: 0.491
ONLINE-M	F-score: 0.562
ONLINE-M	F-score: 0.479
ONLINE-M	F-score: 0.607
ONLINE-M	F-score: 0.647
ONLINE-M	F-score: 0.629
ONLINE-M	F-score: 0.462
ONLINE-M	F-score: 0.404
ONLINE-M	F-score: 0.400
ONLINE-M	F-score: 0.535
ONLINE-M	F-score: 0.739
ONLINE-M	F-score: 0.383
ONLINE-M	F-score: 0.531
ONLINE-M	F-score: 0.271
ONLINE-M	F-score: 0.630
ONLINE-M	F-score: 0.293
ONLINE-M	F-score: 0.427
ONLINE-M	F-score: 0.150
ONLINE-M	F-score: 0.411
ONLINE-M	F-score: 0.750
ONLINE-M	F-score: 1.000
ONLINE-M	F-score: 0.622
ONLINE-M	F-score: 0.733
ONLINE-M	F-score: 0.815
ONLINE-M	F-score: 0.388
ONLINE-M	F-score: 0.800
ONLINE-M	F-score: 0.730
ONLINE-M	F-score: 0.682
ONLINE-M	F-score: 0.694
ONLINE-M	F-score: 0.623
ONLINE-M	F-score: 0.488
ONLINE-M	F-score: 0.263
ONLINE-M	F-score: 0.421
ONLINE-M	F-score: 0.319
ONLINE-M	F-score: 0.440
ONLINE-M	F-score: 0.376
ONLINE-M	F-score: 0.308
ONLINE-M	F-score: 0.463
ONLINE-M	F-score: 0.429
ONLINE-M	F-score: 0.609
ONLINE-M	F-score: 0.667
ONLINE-M	F-score: 0.420
ONLINE-M	F-score: 0.250
ONLINE-M	F-score: 0.514
ONLINE-M	F-score: 0.384
ONLINE-M	F-score: 0.833
ONLINE-M	F-score: 0.606
ONLINE-M	F-score: 0.455
ONLINE-M	F-score: 0.500
ONLINE-M	F-score: 0.404
ONLINE-M	F-score: 0.345
ONLINE-M	F-score: 0.769
ONLINE-M	F-score: 0.542
ONLINE-M	F-score: 0.581
ONLINE-M	F-score: 0.778
ONLINE-M	F-score: 0.698
ONLINE-M	F-score: 0.776
ONLINE-M	F-score: 0.667
ONLINE-M	F-score: 0.585
ONLINE-M	F-score: 0.769
ONLINE-M	F-score: 0.882
ONLINE-M	F-score: 0.788
ONLINE-M	F-score: 0.806
ONLINE-M	F-score: 0.882
ONLINE-M	F-score: 0.542
ONLINE-M	F-score: 0.279
ONLINE-M	F-score: 0.415
ONLINE-M	F-score: 0.275
ONLINE-M	F-score: 0.326
ONLINE-M	F-score: 0.430
ONLINE-M	F-score: 0.610
ONLINE-M	F-score: 0.507
ONLINE-M	F-score: 0.600
ONLINE-M	F-score: 0.400
ONLINE-M	F-score: 0.290
ONLINE-M	F-score: 0.421
ONLINE-M	F-score: 0.286
ONLINE-M	F-score: 0.326
ONLINE-M	F-score: 0.358
ONLINE-M	F-score: 0.403
ONLINE-M	F-score: 0.517
ONLINE-M	F-score: 0.465
ONLINE-M	F-score: 0.556
ONLINE-M	F-score: 0.190
ONLINE-M	F-score: 0.341
ONLINE-M	F-score: 0.458
ONLINE-M	F-score: 0.231
ONLINE-M	F-score: 0.441
ONLINE-M	F-score: 0.348
ONLINE-M	F-score: 0.500
ONLINE-M	F-score: 0.596
ONLINE-M	F-score: 0.691
ONLINE-M	F-score: 0.636
ONLINE-M	F-score: 0.762
ONLINE-M	F-score: 0.672
ONLINE-M	F-score: 0.690
ONLINE-M	F-score: 0.585
ONLINE-M	F-score: 0.831
ONLINE-M	F-score: 0.667
ONLINE-M	F-score: 0.769
ONLINE-M	F-score: 0.400
ONLINE-M	F-score: 0.656
ONLINE-M	F-score: 0.516
ONLINE-M	F-score: 0.476
ONLINE-M	F-score: 0.754
ONLINE-M	F-score: 0.590
ONLINE-M	F-score: 0.602
ONLINE-M	F-score: 0.833
ONLINE-M	F-score: 0.524
ONLINE-M	F-score: 0.781
ONLINE-M	F-score: 0.554
ONLINE-M	F-score: 0.808
ONLINE-M	F-score: 0.439
ONLINE-M	F-score: 0.595
ONLINE-M	F-score: 0.633
ONLINE-M	F-score: 0.759
ONLINE-M	F-score: 0.542
ONLINE-M	F-score: 0.736
ONLINE-M	F-score: 0.712
ONLINE-M	F-score: 0.833
ONLINE-M	F-score: 0.400
ONLINE-M	F-score: 0.200
ONLINE-M	F-score: 0.750
ONLINE-M	F-score: 0.381
ONLINE-M	F-score: 0.267
ONLINE-M	F-score: 0.414
ONLINE-M	F-score: 0.760
ONLINE-M	F-score: 0.450
ONLINE-M	F-score: 0.691
ONLINE-M	F-score: 0.465
ONLINE-M	F-score: 0.413
ONLINE-M	F-score: 0.459
ONLINE-M	F-score: 0.429
ONLINE-M	F-score: 0.378
ONLINE-M	F-score: 0.598
ONLINE-M	F-score: 0.333
ONLINE-M	F-score: 0.889
ONLINE-M	F-score: 1.000
ONLINE-M	F-score: 0.387
ONLINE-M	F-score: 0.405
ONLINE-M	F-score: 0.476
ONLINE-M	F-score: 0.375
ONLINE-M	F-score: 0.421
ONLINE-M	F-score: 0.381
ONLINE-M	F-score: 0.421
ONLINE-M	F-score: 0.484
ONLINE-M	F-score: 0.508
ONLINE-M	F-score: 0.227
ONLINE-M	F-score: 0.500
ONLINE-M	F-score: 0.520
ONLINE-M	F-score: 0.370
ONLINE-M	F-score: 0.167
ONLINE-M	F-score: 0.244
ONLINE-M	F-score: 0.415
ONLINE-M	F-score: 0.500
ONLINE-M	F-score: 0.513
ONLINE-M	F-score: 0.409
ONLINE-M	F-score: 0.304
ONLINE-M	F-score: 0.667
ONLINE-M	F-score: 0.609
ONLINE-M	F-score: 0.316
ONLINE-M	F-score: 0.400
ONLINE-M	F-score: 0.182
ONLINE-M	F-score: 0.455
ONLINE-M	F-score: 0.222
ONLINE-M	F-score: 0.500
ONLINE-M	F-score: 0.513
ONLINE-M	F-score: 0.441
ONLINE-M	F-score: 0.261
ONLINE-M	F-score: 0.529
ONLINE-M	F-score: 0.947
ONLINE-M	F-score: 0.475
ONLINE-M	F-score: 1.000
ONLINE-M	F-score: 0.452
ONLINE-M	F-score: 0.267
ONLINE-M	F-score: 0.500
ONLINE-M	F-score: 0.190
ONLINE-M	F-score: 0.538
ONLINE-M	F-score: 0.174
ONLINE-M	F-score: 0.385
ONLINE-M	F-score: 0.421
ONLINE-M	F-score: 0.556
ONLINE-M	F-score: 1.000
ONLINE-M	F-score: 0.367
ONLINE-M	F-score: 0.400
ONLINE-M	F-score: 0.600
ONLINE-M	F-score: 0.250
ONLINE-M	F-score: 1.000
ONLINE-M	F-score: 0.441
ONLINE-M	F-score: 0.471
ONLINE-M	F-score: 0.596
ONLINE-M	F-score: 0.478
ONLINE-M	F-score: 0.636
ONLINE-M	F-score: 0.571
ONLINE-M	F-score: 0.500
ONLINE-M	F-score: 0.930
ONLINE-M	F-score: 0.963
ONLINE-M	F-score: 0.367
ONLINE-M	F-score: 0.719
ONLINE-M	F-score: 1.000
ONLINE-M	F-score: 0.273
ONLINE-M	F-score: 0.414
ONLINE-M	F-score: 0.154
ONLINE-M	F-score: 0.700
ONLINE-M	F-score: 0.286
ONLINE-M	F-score: 0.714
ONLINE-M	F-score: 0.350
ONLINE-M	F-score: 0.350
ONLINE-M	F-score: 0.598
ONLINE-M	F-score: 0.250
ONLINE-M	F-score: 0.425
ONLINE-M	F-score: 0.583
ONLINE-M	F-score: 0.547
ONLINE-M	F-score: 0.560
ONLINE-M	F-score: 0.615
ONLINE-M	F-score: 0.800
ONLINE-M	F-score: 0.621
ONLINE-M	F-score: 1.000
ONLINE-M	F-score: 0.571
ONLINE-M	F-score: 0.420
ONLINE-M	F-score: 0.560
ONLINE-M	F-score: 0.462
ONLINE-M	F-score: 0.444
ONLINE-M	F-score: 0.506
ONLINE-M	F-score: 0.400
ONLINE-M	F-score: 0.432
ONLINE-M	F-score: 0.557
ONLINE-M	F-score: 0.507
ONLINE-M	F-score: 0.621
ONLINE-M	F-score: 0.550
ONLINE-M	F-score: 0.659
ONLINE-M	F-score: 0.828
ONLINE-M	F-score: 0.640
ONLINE-M	F-score: 0.936
ONLINE-M	F-score: 0.867
ONLINE-M	F-score: 0.637
ONLINE-M	F-score: 0.568
ONLINE-M	F-score: 0.537
ONLINE-M	F-score: 0.558
ONLINE-M	F-score: 0.587
ONLINE-M	F-score: 0.645
ONLINE-M	F-score: 0.654
ONLINE-M	F-score: 0.639
ONLINE-M	F-score: 0.537
ONLINE-M	F-score: 0.552
ONLINE-M	F-score: 0.531
ONLINE-M	F-score: 0.648
ONLINE-M	F-score: 0.761
ONLINE-M	F-score: 0.689
ONLINE-M	F-score: 0.718
ONLINE-M	F-score: 0.556
ONLINE-M	F-score: 0.605
ONLINE-M	F-score: 0.430
ONLINE-M	F-score: 0.648
ONLINE-M	F-score: 0.571
ONLINE-M	F-score: 0.436
ONLINE-M	F-score: 0.330
ONLINE-M	F-score: 0.561
ONLINE-M	F-score: 0.585
ONLINE-M	F-score: 1.000
ONLINE-M	F-score: 0.600
ONLINE-M	F-score: 0.500
ONLINE-M	F-score: 0.550
ONLINE-M	F-score: 0.583
ONLINE-M	F-score: 0.615
ONLINE-M	F-score: 0.568
ONLINE-M	F-score: 0.607
ONLINE-M	F-score: 0.557
ONLINE-M	F-score: 0.564
ONLINE-M	F-score: 0.352
ONLINE-M	F-score: 0.356
ONLINE-M	F-score: 0.277
ONLINE-M	F-score: 0.326
ONLINE-M	F-score: 0.366
ONLINE-M	F-score: 0.276
ONLINE-M	F-score: 0.294
ONLINE-M	F-score: 0.282
ONLINE-M	F-score: 0.267
ONLINE-M	F-score: 0.364
ONLINE-M	F-score: 0.263
ONLINE-M	F-score: 0.374
ONLINE-M	F-score: 0.239
ONLINE-M	F-score: 0.290
ONLINE-M	F-score: 0.426
ONLINE-M	F-score: 0.285
ONLINE-M	F-score: 0.465
ONLINE-M	F-score: 0.810
ONLINE-M	F-score: 0.500
ONLINE-M	F-score: 0.458
ONLINE-M	F-score: 0.672
ONLINE-M	F-score: 0.720
ONLINE-M	F-score: 0.550
ONLINE-M	F-score: 0.542
ONLINE-M	F-score: 0.750
ONLINE-M	F-score: 0.483
ONLINE-M	F-score: 0.577
ONLINE-M	F-score: 0.316
ONLINE-M	F-score: 0.684
ONLINE-M	F-score: 0.327
ONLINE-M	F-score: 0.442
ONLINE-M	F-score: 0.372
ONLINE-M	F-score: 0.413
ONLINE-M	F-score: 0.275
ONLINE-M	F-score: 0.418
ONLINE-M	F-score: 0.556
ONLINE-M	F-score: 0.462
ONLINE-M	F-score: 0.370
ONLINE-M	F-score: 0.364
ONLINE-M	F-score: 0.629
ONLINE-M	F-score: 0.562
ONLINE-M	F-score: 0.533
ONLINE-M	F-score: 0.478
ONLINE-M	F-score: 0.500
ONLINE-M	F-score: 0.340
ONLINE-M	F-score: 0.462
ONLINE-M	F-score: 0.333
ONLINE-M	F-score: 0.640
ONLINE-M	F-score: 0.573
ONLINE-M	F-score: 0.250
ONLINE-M	F-score: 0.571
ONLINE-M	F-score: 0.581
ONLINE-M	F-score: 0.477
ONLINE-M	F-score: 0.647
ONLINE-M	F-score: 0.586
ONLINE-M	F-score: 0.611
ONLINE-M	F-score: 0.261
ONLINE-M	F-score: 0.348
ONLINE-M	F-score: 0.316
ONLINE-M	F-score: 0.400
ONLINE-M	F-score: 0.264
ONLINE-M	F-score: 0.385
ONLINE-M	F-score: 0.273
ONLINE-M	F-score: 0.444
ONLINE-M	F-score: 0.302
ONLINE-M	F-score: 0.371
ONLINE-M	F-score: 0.600
ONLINE-M	F-score: 0.624
ONLINE-M	F-score: 0.581
ONLINE-M	F-score: 0.655
ONLINE-M	F-score: 0.760
ONLINE-M	F-score: 0.521
ONLINE-M	F-score: 0.828
ONLINE-M	F-score: 0.706
ONLINE-M	F-score: 0.525
ONLINE-M	F-score: 0.736
ONLINE-M	F-score: 0.370
ONLINE-M	F-score: 0.443
ONLINE-M	F-score: 0.362
ONLINE-M	F-score: 0.476
ONLINE-M	F-score: 0.354
ONLINE-M	F-score: 0.672
ONLINE-M	F-score: 0.356
ONLINE-M	F-score: 0.476
ONLINE-M	F-score: 0.442
ONLINE-M	F-score: 0.384
ONLINE-M	F-score: 0.376
ONLINE-M	F-score: 0.408
ONLINE-M	F-score: 0.450
ONLINE-M	F-score: 0.625
ONLINE-M	F-score: 0.558
ONLINE-M	F-score: 0.963
ONLINE-M	F-score: 0.769
ONLINE-M	F-score: 0.713
ONLINE-M	F-score: 0.796
ONLINE-M	F-score: 0.443
ONLINE-M	F-score: 0.763
ONLINE-M	F-score: 0.829
ONLINE-M	F-score: 0.590
ONLINE-M	F-score: 0.400
ONLINE-M	F-score: 0.514
ONLINE-M	F-score: 0.324
ONLINE-M	F-score: 0.390
ONLINE-M	F-score: 0.308
ONLINE-M	F-score: 0.481
ONLINE-M	F-score: 0.418
ONLINE-M	F-score: 0.348
ONLINE-M	F-score: 0.286
ONLINE-M	F-score: 1.000
ONLINE-M	F-score: 0.500
ONLINE-M	F-score: 0.687
ONLINE-M	F-score: 0.800
ONLINE-M	F-score: 0.719
ONLINE-M	F-score: 0.605
ONLINE-M	F-score: 0.515
ONLINE-M	F-score: 0.595
ONLINE-M	F-score: 0.830
ONLINE-M	F-score: 0.486
ONLINE-M	F-score: 0.452
ONLINE-M	F-score: 0.369
ONLINE-M	F-score: 0.239
ONLINE-M	F-score: 0.567
ONLINE-M	F-score: 0.246
ONLINE-M	F-score: 0.383
ONLINE-M	F-score: 0.354
ONLINE-M	F-score: 0.630
ONLINE-M	F-score: 0.500
ONLINE-M	F-score: 0.308
ONLINE-M	F-score: 0.603
ONLINE-M	F-score: 0.585
ONLINE-M	F-score: 0.483
ONLINE-M	F-score: 0.574
ONLINE-M	F-score: 0.593
ONLINE-M	F-score: 0.593
ONLINE-M	F-score: 0.660
ONLINE-M	F-score: 0.655
ONLINE-M	F-score: 0.552
ONLINE-M	F-score: 0.436
ONLINE-M	F-score: 0.404
ONLINE-M	F-score: 0.447
ONLINE-M	F-score: 0.839
ONLINE-M	F-score: 0.694
ONLINE-M	F-score: 0.839
ONLINE-M	F-score: 0.700
ONLINE-M	F-score: 0.633
ONLINE-M	F-score: 0.556
ONLINE-M	F-score: 0.519
ONLINE-M	F-score: 0.222
ONLINE-M	F-score: 0.391
ONLINE-M	F-score: 0.382
ONLINE-M	F-score: 0.263
ONLINE-M	F-score: 0.279
ONLINE-M	F-score: 0.371
ONLINE-M	F-score: 0.293
ONLINE-M	F-score: 0.265
ONLINE-M	F-score: 0.426
ONLINE-M	F-score: 0.235
ONLINE-M	F-score: 0.444
ONLINE-M	F-score: 0.200
ONLINE-M	F-score: 0.269
ONLINE-M	F-score: 0.429
ONLINE-M	F-score: 0.698
ONLINE-M	F-score: 0.566
ONLINE-M	F-score: 0.484
ONLINE-M	F-score: 0.528
ONLINE-M	F-score: 0.652
ONLINE-M	F-score: 1.000
ONLINE-M	F-score: 0.437
ONLINE-M	F-score: 0.452
ONLINE-M	F-score: 0.413
ONLINE-M	F-score: 0.336
ONLINE-M	F-score: 0.519
ONLINE-M	F-score: 0.556
ONLINE-M	F-score: 0.800
ONLINE-M	F-score: 0.374
ONLINE-M	F-score: 0.457
ONLINE-M	F-score: 0.353
ONLINE-M	F-score: 0.455
ONLINE-M	F-score: 0.513
ONLINE-M	F-score: 0.516
ONLINE-M	F-score: 0.383
ONLINE-M	F-score: 0.636
ONLINE-M	F-score: 0.472
ONLINE-M	F-score: 0.308
ONLINE-M	F-score: 0.500
ONLINE-M	F-score: 0.458
ONLINE-M	F-score: 0.523
ONLINE-M	F-score: 0.519
ONLINE-M	F-score: 0.661
ONLINE-M	F-score: 0.538
ONLINE-M	F-score: 0.667
ONLINE-M	F-score: 0.598
ONLINE-M	F-score: 0.505
ONLINE-M	F-score: 0.543
ONLINE-M	F-score: 0.566
ONLINE-M	F-score: 0.419
ONLINE-M	F-score: 0.828
ONLINE-M	F-score: 0.816
ONLINE-M	F-score: 0.577
ONLINE-M	F-score: 0.645
ONLINE-M	F-score: 0.800
ONLINE-M	F-score: 0.496
ONLINE-M	F-score: 0.721
ONLINE-M	F-score: 0.704
ONLINE-M	F-score: 0.643
ONLINE-M	F-score: 0.678
ONLINE-M	F-score: 0.758
ONLINE-M	F-score: 0.667
ONLINE-M	F-score: 0.667
ONLINE-M	F-score: 0.667
ONLINE-M	F-score: 0.552
ONLINE-M	F-score: 0.559
ONLINE-M	F-score: 0.627
ONLINE-M	F-score: 0.603
ONLINE-M	F-score: 0.533
ONLINE-M	F-score: 0.556
ONLINE-M	F-score: 0.651
ONLINE-M	F-score: 0.750
ONLINE-M	F-score: 0.629
ONLINE-M	F-score: 0.667
ONLINE-M	F-score: 0.513
ONLINE-M	F-score: 0.487
ONLINE-M	F-score: 0.588
ONLINE-M	F-score: 0.385
ONLINE-M	F-score: 0.576
ONLINE-M	F-score: 0.547
ONLINE-M	F-score: 0.667
ONLINE-M	F-score: 0.566
ONLINE-M	F-score: 0.812
ONLINE-M	F-score: 0.485
ONLINE-M	F-score: 0.474
ONLINE-M	F-score: 0.411
ONLINE-M	F-score: 0.675
ONLINE-M	F-score: 0.620
ONLINE-M	F-score: 0.619
ONLINE-M	F-score: 0.673
ONLINE-M	F-score: 0.600
ONLINE-M	F-score: 0.308
ONLINE-M	F-score: 0.575
ONLINE-M	F-score: 0.835
ONLINE-M	F-score: 0.800
ONLINE-M	F-score: 0.615
ONLINE-M	F-score: 0.532
ONLINE-M	F-score: 0.558
ONLINE-M	F-score: 0.875
ONLINE-M	F-score: 0.791
ONLINE-M	F-score: 0.636
ONLINE-M	F-score: 0.639
ONLINE-M	F-score: 0.775
ONLINE-M	F-score: 0.849
ONLINE-M	F-score: 0.650
ONLINE-M	F-score: 0.601
ONLINE-M	F-score: 1.000
ONLINE-M	F-score: 0.729
ONLINE-M	F-score: 0.864
ONLINE-M	F-score: 0.286
ONLINE-M	F-score: 0.698
ONLINE-M	F-score: 0.788
ONLINE-M	F-score: 0.527
ONLINE-M	F-score: 0.809
ONLINE-M	F-score: 0.797
ONLINE-M	F-score: 0.636
ONLINE-M	F-score: 0.750
ONLINE-M	F-score: 0.333
ONLINE-M	F-score: 0.844
ONLINE-M	F-score: 0.727
ONLINE-M	F-score: 0.657
ONLINE-M	F-score: 0.690
ONLINE-M	F-score: 0.773
ONLINE-M	F-score: 0.706
ONLINE-M	F-score: 0.542
ONLINE-M	F-score: 0.667
ONLINE-M	F-score: 0.612
ONLINE-M	F-score: 0.882
ONLINE-M	F-score: 0.615
ONLINE-M	F-score: 0.746
ONLINE-M	F-score: 0.730
ONLINE-M	F-score: 0.850
ONLINE-M	F-score: 0.897
ONLINE-M	F-score: 0.548
ONLINE-M	F-score: 0.564
ONLINE-M	F-score: 0.537
ONLINE-M	F-score: 0.706
ONLINE-M	F-score: 0.680
ONLINE-M	F-score: 0.850
ONLINE-M	F-score: 0.762
ONLINE-M	F-score: 0.500
ONLINE-M	F-score: 0.594
ONLINE-M	F-score: 0.571
ONLINE-M	F-score: 0.526
ONLINE-M	F-score: 0.900
ONLINE-M	F-score: 0.889
ONLINE-M	F-score: 0.867
ONLINE-M	F-score: 1.000
ONLINE-M	F-score: 0.816
ONLINE-M	F-score: 0.850
ONLINE-M	F-score: 0.600
ONLINE-M	F-score: 0.629
ONLINE-M	F-score: 0.581
ONLINE-M	F-score: 0.607
ONLINE-M	F-score: 0.769
ONLINE-M	F-score: 0.568
ONLINE-M	F-score: 0.591
ONLINE-M	F-score: 0.750
ONLINE-M	F-score: 0.850
ONLINE-M	F-score: 1.000
ONLINE-M	F-score: 0.674
ONLINE-M	F-score: 0.708
ONLINE-M	F-score: 0.535
ONLINE-M	F-score: 0.644
ONLINE-M	F-score: 0.545
ONLINE-M	F-score: 0.850
ONLINE-M	F-score: 0.737
ONLINE-M	F-score: 0.808
ONLINE-M	F-score: 0.533
ONLINE-M	F-score: 0.429
ONLINE-M	F-score: 0.815
ONLINE-M	F-score: 0.722
ONLINE-M	F-score: 0.628
ONLINE-M	F-score: 0.758
ONLINE-M	F-score: 0.850
ONLINE-M	F-score: 1.000
ONLINE-M	F-score: 0.571
ONLINE-M	F-score: 0.809
ONLINE-M	F-score: 0.722
ONLINE-M	F-score: 0.778
ONLINE-M	F-score: 0.651
ONLINE-M	F-score: 0.588
ONLINE-M	F-score: 0.850
ONLINE-M	F-score: 0.667
ONLINE-M	F-score: 0.590
ONLINE-M	F-score: 0.710
ONLINE-M	F-score: 0.750
ONLINE-M	F-score: 0.958
ONLINE-M	F-score: 0.684
ONLINE-M	F-score: 0.462
ONLINE-M	F-score: 0.753
ONLINE-M	F-score: 0.864
ONLINE-M	F-score: 0.667
ONLINE-M	F-score: 0.737
ONLINE-M	F-score: 0.610
ONLINE-M	F-score: 0.408
ONLINE-M	F-score: 0.711
ONLINE-M	F-score: 0.609
ONLINE-M	F-score: 0.779
ONLINE-M	F-score: 0.721
ONLINE-M	F-score: 0.609
ONLINE-M	F-score: 0.698
ONLINE-M	F-score: 0.541
ONLINE-M	F-score: 0.394
ONLINE-M	F-score: 0.456
ONLINE-M	F-score: 0.716
ONLINE-M	F-score: 0.850
ONLINE-M	F-score: 0.486
ONLINE-M	F-score: 0.667
ONLINE-M	F-score: 0.706
ONLINE-M	F-score: 0.850
ONLINE-M	F-score: 0.761
ONLINE-M	F-score: 0.867
ONLINE-M	F-score: 0.699
ONLINE-M	F-score: 0.695
ONLINE-M	F-score: 0.505
ONLINE-M	F-score: 0.649
ONLINE-M	F-score: 0.518
ONLINE-M	F-score: 0.412
ONLINE-M	F-score: 0.357
ONLINE-M	F-score: 0.846
ONLINE-M	F-score: 0.538
ONLINE-M	F-score: 0.594
ONLINE-M	F-score: 0.604
ONLINE-M	F-score: 0.642
ONLINE-M	F-score: 0.757
ONLINE-M	F-score: 0.635
ONLINE-M	F-score: 0.661
ONLINE-M	F-score: 0.655
ONLINE-M	F-score: 0.808
ONLINE-M	F-score: 0.641
ONLINE-M	F-score: 0.613
ONLINE-M	F-score: 0.833
ONLINE-M	F-score: 0.667
ONLINE-M	F-score: 0.541
ONLINE-M	F-score: 0.603
ONLINE-M	F-score: 0.683
ONLINE-M	F-score: 0.574
ONLINE-M	F-score: 0.551
ONLINE-M	F-score: 0.623
ONLINE-M	F-score: 0.514
ONLINE-M	F-score: 0.615
ONLINE-M	F-score: 0.573
ONLINE-M	F-score: 0.600
ONLINE-M	F-score: 0.409
ONLINE-M	F-score: 0.646
ONLINE-M	F-score: 0.465
ONLINE-M	F-score: 0.446
ONLINE-M	F-score: 0.446
ONLINE-M	F-score: 0.600
ONLINE-M	F-score: 0.602
ONLINE-M	F-score: 0.759
ONLINE-M	F-score: 0.143
ONLINE-M	F-score: 0.505
ONLINE-M	F-score: 0.478
ONLINE-M	F-score: 0.651
ONLINE-M	F-score: 0.718
ONLINE-M	F-score: 0.493
ONLINE-M	F-score: 1.000
ONLINE-M	F-score: 0.721
ONLINE-M	F-score: 0.698
ONLINE-M	F-score: 0.598
ONLINE-M	F-score: 0.905
ONLINE-M	F-score: 0.719
ONLINE-M	F-score: 0.527
ONLINE-M	F-score: 0.708
ONLINE-M	F-score: 0.586
ONLINE-M	F-score: 0.719
ONLINE-M	F-score: 0.587
ONLINE-M	F-score: 0.745
ONLINE-M	F-score: 0.768
ONLINE-M	F-score: 0.600
ONLINE-M	F-score: 0.618
ONLINE-M	F-score: 0.692
ONLINE-M	F-score: 0.771
ONLINE-M	F-score: 0.829
ONLINE-M	F-score: 0.523
ONLINE-M	F-score: 0.715
ONLINE-M	F-score: 0.947
ONLINE-M	F-score: 0.596
ONLINE-M	F-score: 0.552
ONLINE-M	F-score: 0.519
ONLINE-M	F-score: 0.943
ONLINE-M	F-score: 0.726
ONLINE-M	F-score: 0.606
ONLINE-M	F-score: 0.721
ONLINE-M	F-score: 0.628
ONLINE-M	F-score: 0.831
ONLINE-M	F-score: 0.595
ONLINE-M	F-score: 0.596
ONLINE-M	F-score: 0.605
ONLINE-M	F-score: 0.509
ONLINE-M	F-score: 0.558
ONLINE-M	F-score: 0.462
ONLINE-M	F-score: 0.561
ONLINE-M	F-score: 0.566
ONLINE-M	F-score: 0.603
ONLINE-M	F-score: 0.761
ONLINE-M	F-score: 0.526
ONLINE-M	F-score: 0.229
ONLINE-M	F-score: 0.471
ONLINE-M	F-score: 0.600
ONLINE-M	F-score: 0.400
ONLINE-M	F-score: 0.505
ONLINE-M	F-score: 0.321
ONLINE-M	F-score: 0.644
ONLINE-M	F-score: 0.604
ONLINE-M	F-score: 0.615
ONLINE-M	F-score: 0.631
ONLINE-M	F-score: 0.537
ONLINE-M	F-score: 0.552
ONLINE-M	F-score: 0.543
ONLINE-M	F-score: 0.561
ONLINE-M	F-score: 0.605
ONLINE-M	F-score: 0.587
ONLINE-M	F-score: 0.689
ONLINE-M	F-score: 0.530
ONLINE-M	F-score: 0.580
ONLINE-M	F-score: 0.525
ONLINE-M	F-score: 0.564
ONLINE-M	F-score: 0.603
ONLINE-M	F-score: 0.549
ONLINE-M	F-score: 0.556
ONLINE-M	F-score: 0.692
ONLINE-M	F-score: 0.698
ONLINE-M	F-score: 0.498
ONLINE-M	F-score: 0.557
ONLINE-M	F-score: 0.427
ONLINE-M	F-score: 0.529
ONLINE-M	F-score: 0.545
ONLINE-M	F-score: 0.614
ONLINE-M	F-score: 0.492
ONLINE-M	F-score: 0.625
ONLINE-M	F-score: 0.623
ONLINE-M	F-score: 0.600
ONLINE-M	F-score: 0.660
ONLINE-M	F-score: 0.594
ONLINE-M	F-score: 0.548
ONLINE-M	F-score: 0.523
ONLINE-M	F-score: 0.747
ONLINE-M	F-score: 0.412
ONLINE-M	F-score: 0.630
ONLINE-M	F-score: 0.476
ONLINE-M	F-score: 0.500
ONLINE-M	F-score: 0.467
ONLINE-M	F-score: 0.613
ONLINE-M	F-score: 0.607
ONLINE-M	F-score: 0.667
ONLINE-M	F-score: 0.513
ONLINE-M	F-score: 0.438
ONLINE-M	F-score: 0.750
ONLINE-M	F-score: 0.356
ONLINE-M	F-score: 0.623
ONLINE-M	F-score: 0.582
ONLINE-M	F-score: 0.498
ONLINE-M	F-score: 0.588
ONLINE-M	F-score: 0.641
ONLINE-M	F-score: 0.630
ONLINE-M	F-score: 0.913
ONLINE-M	F-score: 0.500
ONLINE-M	F-score: 0.585
ONLINE-M	F-score: 0.555
ONLINE-M	F-score: 0.658
ONLINE-M	F-score: 0.486
ONLINE-M	F-score: 0.556
ONLINE-M	F-score: 0.836
ONLINE-M	F-score: 0.667
ONLINE-M	F-score: 0.786
ONLINE-M	F-score: 0.350
ONLINE-M	F-score: 0.809
ONLINE-M	F-score: 0.860
ONLINE-M	F-score: 0.851
ONLINE-M	F-score: 0.918
ONLINE-M	F-score: 0.696
ONLINE-M	F-score: 0.759
ONLINE-M	F-score: 0.725
ONLINE-M	F-score: 0.778
ONLINE-M	F-score: 0.729
ONLINE-M	F-score: 0.646
ONLINE-M	F-score: 0.609
ONLINE-M	F-score: 0.648
ONLINE-M	F-score: 0.560
ONLINE-M	F-score: 0.881
ONLINE-M	F-score: 0.500
ONLINE-M	F-score: 0.688
ONLINE-M	F-score: 0.585
ONLINE-M	F-score: 0.821
ONLINE-M	F-score: 0.469
ONLINE-M	F-score: 0.831
ONLINE-M	F-score: 0.407
ONLINE-M	F-score: 0.577
ONLINE-M	F-score: 0.559
ONLINE-M	F-score: 0.583
ONLINE-M	F-score: 0.827
ONLINE-M	F-score: 0.750
ONLINE-M	F-score: 0.750
ONLINE-M	F-score: 0.774
ONLINE-M	F-score: 0.778
ONLINE-M	F-score: 0.620
ONLINE-M	F-score: 0.688
ONLINE-M	F-score: 0.597
ONLINE-M	F-score: 0.773
ONLINE-M	F-score: 0.367
ONLINE-M	F-score: 0.737
ONLINE-M	F-score: 0.515
ONLINE-M	F-score: 0.216
ONLINE-M	F-score: 0.579
ONLINE-M	F-score: 0.607
ONLINE-M	F-score: 0.538
ONLINE-M	F-score: 0.800
ONLINE-M	F-score: 0.571
ONLINE-M	F-score: 0.562
ONLINE-M	F-score: 0.590
ONLINE-M	F-score: 0.815
ONLINE-M	F-score: 0.446
ONLINE-M	F-score: 0.706
ONLINE-M	F-score: 0.558
ONLINE-M	F-score: 0.496
ONLINE-M	F-score: 0.633
ONLINE-M	F-score: 0.441
ONLINE-M	F-score: 0.723
ONLINE-M	F-score: 0.875
ONLINE-M	F-score: 0.846
ONLINE-M	F-score: 0.500
ONLINE-M	F-score: 0.729
ONLINE-M	F-score: 0.914
ONLINE-M	F-score: 0.839
ONLINE-M	F-score: 0.852
ONLINE-M	F-score: 0.846
ONLINE-M	F-score: 0.706
ONLINE-M	F-score: 0.766
ONLINE-M	F-score: 0.655
ONLINE-M	F-score: 0.727
ONLINE-M	F-score: 0.771
ONLINE-M	F-score: 0.656
ONLINE-M	F-score: 0.914
ONLINE-M	F-score: 0.222
ONLINE-M	F-score: 0.781
ONLINE-M	F-score: 0.847
ONLINE-M	F-score: 0.650
ONLINE-M	F-score: 0.723
ONLINE-M	F-score: 0.824
ONLINE-M	F-score: 0.757
ONLINE-M	F-score: 0.500
ONLINE-M	F-score: 0.839
ONLINE-M	F-score: 0.782
ONLINE-M	F-score: 0.714
ONLINE-M	F-score: 0.886
ONLINE-M	F-score: 0.805
ONLINE-M	F-score: 0.486
ONLINE-M	F-score: 0.830
ONLINE-M	F-score: 0.860
ONLINE-M	F-score: 0.909
ONLINE-M	F-score: 0.821
ONLINE-M	F-score: 0.750
ONLINE-M	F-score: 0.909
ONLINE-M	F-score: 0.645
ONLINE-M	F-score: 0.701
ONLINE-M	F-score: 0.435
ONLINE-M	F-score: 0.826
ONLINE-M	F-score: 0.571
ONLINE-M	F-score: 0.692
ONLINE-M	F-score: 0.636
ONLINE-M	F-score: 0.567
ONLINE-M	F-score: 0.476
ONLINE-M	F-score: 0.814
ONLINE-M	F-score: 0.952
ONLINE-M	F-score: 0.884
ONLINE-M	F-score: 0.909
ONLINE-M	F-score: 0.747
ONLINE-M	F-score: 0.733
ONLINE-M	F-score: 0.659
ONLINE-M	F-score: 0.500
ONLINE-M	F-score: 0.786
ONLINE-M	F-score: 0.833
ONLINE-M	F-score: 0.775
ONLINE-M	F-score: 0.809
ONLINE-M	F-score: 0.929
ONLINE-M	F-score: 0.684
ONLINE-M	F-score: 0.653
ONLINE-M	F-score: 0.916
ONLINE-M	F-score: 0.800
ONLINE-M	F-score: 0.685
ONLINE-M	F-score: 0.807
ONLINE-M	F-score: 0.841
ONLINE-M	F-score: 0.787
ONLINE-M	F-score: 0.691
ONLINE-M	F-score: 0.400
ONLINE-M	F-score: 0.733
ONLINE-M	F-score: 0.492
ONLINE-M	F-score: 0.727
ONLINE-M	F-score: 0.786
ONLINE-M	F-score: 0.500
ONLINE-M	F-score: 0.761
ONLINE-M	F-score: 0.739
ONLINE-M	F-score: 0.743
ONLINE-M	F-score: 0.782
ONLINE-M	F-score: 0.531
ONLINE-M	F-score: 0.678
ONLINE-M	F-score: 0.646
ONLINE-M	F-score: 0.587
ONLINE-M	F-score: 0.945
ONLINE-M	F-score: 0.704
ONLINE-M	F-score: 0.575
ONLINE-M	F-score: 0.673
ONLINE-M	F-score: 0.529
ONLINE-M	F-score: 0.779
ONLINE-M	F-score: 0.899
ONLINE-M	F-score: 0.404
ONLINE-M	F-score: 0.812
ONLINE-M	F-score: 0.846
ONLINE-M	F-score: 0.642
ONLINE-M	F-score: 0.467
ONLINE-M	F-score: 0.500
ONLINE-M	F-score: 0.770
ONLINE-M	F-score: 0.907
ONLINE-M	F-score: 0.772
ONLINE-M	F-score: 0.795
ONLINE-M	F-score: 0.608
ONLINE-M	F-score: 0.824
ONLINE-M	F-score: 0.621
ONLINE-M	F-score: 0.758
ONLINE-M	F-score: 0.698
ONLINE-M	F-score: 0.729
ONLINE-M	F-score: 0.602
ONLINE-M	F-score: 0.744
ONLINE-M	F-score: 0.824
ONLINE-M	F-score: 0.761
ONLINE-M	F-score: 0.839
ONLINE-M	F-score: 0.752
ONLINE-M	F-score: 0.744
ONLINE-M	F-score: 0.500
ONLINE-M	F-score: 0.429
ONLINE-M	F-score: 0.657
ONLINE-M	F-score: 0.815
ONLINE-M	F-score: 0.697
ONLINE-M	F-score: 0.626
ONLINE-M	F-score: 0.639
ONLINE-M	F-score: 0.786
ONLINE-M	F-score: 0.900
ONLINE-M	F-score: 0.556
ONLINE-M	F-score: 0.480
ONLINE-M	F-score: 1.000
ONLINE-M	F-score: 0.553
ONLINE-M	F-score: 0.629
ONLINE-M	F-score: 0.835
ONLINE-M	F-score: 1.000
ONLINE-M	F-score: 0.780
ONLINE-M	F-score: 0.697
ONLINE-M	F-score: 0.842
ONLINE-M	F-score: 0.649
ONLINE-M	F-score: 0.570
ONLINE-M	F-score: 0.500
ONLINE-M	F-score: 0.692
ONLINE-M	F-score: 0.333
ONLINE-M	F-score: 0.653
ONLINE-M	F-score: 0.900
ONLINE-M	F-score: 0.800
ONLINE-M	F-score: 0.725
ONLINE-M	F-score: 0.820
ONLINE-M	F-score: 0.842
ONLINE-M	F-score: 0.622
ONLINE-M	F-score: 0.730
ONLINE-M	F-score: 0.689
ONLINE-M	F-score: 0.550
ONLINE-M	F-score: 0.607
ONLINE-M	F-score: 0.531
ONLINE-M	F-score: 0.792
ONLINE-M	F-score: 0.769
ONLINE-M	F-score: 0.439
ONLINE-M	F-score: 0.632
ONLINE-M	F-score: 0.656
ONLINE-M	F-score: 0.593
ONLINE-M	F-score: 0.735
ONLINE-M	F-score: 0.644
ONLINE-M	F-score: 0.780
ONLINE-M	F-score: 0.560
ONLINE-M	F-score: 0.636
ONLINE-M	F-score: 0.490
ONLINE-M	F-score: 0.407
ONLINE-M	F-score: 0.583
ONLINE-M	F-score: 0.522
ONLINE-M	F-score: 0.773
ONLINE-M	F-score: 0.333
ONLINE-M	F-score: 0.439
ONLINE-M	F-score: 1.000
ONLINE-M	F-score: 0.421
ONLINE-M	F-score: 0.356
ONLINE-M	F-score: 0.477
ONLINE-M	F-score: 0.453
ONLINE-M	F-score: 1.000
ONLINE-M	F-score: 0.667
ONLINE-M	F-score: 0.473
ONLINE-M	F-score: 0.632
ONLINE-M	F-score: 0.516
ONLINE-M	F-score: 0.500
ONLINE-M	F-score: 0.167
ONLINE-M	F-score: 0.500
ONLINE-M	F-score: 0.541
ONLINE-M	F-score: 0.351
ONLINE-M	F-score: 0.806
ONLINE-M	F-score: 0.727
ONLINE-M	F-score: 0.593
ONLINE-M	F-score: 0.479
ONLINE-M	F-score: 0.441
ONLINE-M	F-score: 0.333
ONLINE-M	F-score: 0.526
ONLINE-M	F-score: 0.442
ONLINE-M	F-score: 0.771
ONLINE-M	F-score: 0.526
ONLINE-M	F-score: 0.333
ONLINE-M	F-score: 0.625
ONLINE-M	F-score: 0.625
ONLINE-M	F-score: 0.714
ONLINE-M	F-score: 0.714
ONLINE-M	F-score: 0.632
ONLINE-M	F-score: 0.235
ONLINE-M	F-score: 0.549
ONLINE-M	F-score: 0.505
ONLINE-M	F-score: 0.444
ONLINE-M	F-score: 0.875
ONLINE-M	F-score: 0.338
ONLINE-M	F-score: 0.857
ONLINE-M	F-score: 0.800
ONLINE-M	F-score: 0.500
ONLINE-M	F-score: 0.414
ONLINE-M	F-score: 0.700
ONLINE-M	F-score: 0.625
ONLINE-M	F-score: 0.346
ONLINE-M	F-score: 0.475
ONLINE-M	F-score: 0.302
ONLINE-M	F-score: 0.588
ONLINE-M	F-score: 0.935
ONLINE-M	F-score: 0.632
ONLINE-M	F-score: 0.446
ONLINE-M	F-score: 0.523
ONLINE-M	F-score: 0.744
ONLINE-M	F-score: 0.788
ONLINE-M	F-score: 0.524
ONLINE-M	F-score: 0.571
ONLINE-M	F-score: 0.549
ONLINE-M	F-score: 0.263
ONLINE-M	F-score: 0.474
ONLINE-M	F-score: 0.557
ONLINE-M	F-score: 0.369
ONLINE-M	F-score: 0.508
ONLINE-M	F-score: 0.900
ONLINE-M	F-score: 0.481
ONLINE-M	F-score: 0.455
ONLINE-M	F-score: 0.590
ONLINE-M	F-score: 0.483
ONLINE-M	F-score: 0.421
ONLINE-M	F-score: 0.846
ONLINE-M	F-score: 0.500
ONLINE-M	F-score: 0.600
ONLINE-M	F-score: 0.383
ONLINE-M	F-score: 0.509
ONLINE-M	F-score: 0.312
ONLINE-M	F-score: 0.476
ONLINE-M	F-score: 0.578
ONLINE-M	F-score: 0.600
ONLINE-M	F-score: 0.380
ONLINE-M	F-score: 0.767
ONLINE-M	F-score: 0.479
ONLINE-M	F-score: 0.585
ONLINE-M	F-score: 0.571
ONLINE-M	F-score: 0.429
ONLINE-M	F-score: 0.500
ONLINE-M	F-score: 0.400
ONLINE-M	F-score: 0.606
ONLINE-M	F-score: 0.597
ONLINE-M	F-score: 0.384
ONLINE-M	F-score: 0.437
ONLINE-M	F-score: 0.250
ONLINE-M	F-score: 0.250
ONLINE-M	F-score: 0.200
ONLINE-M	F-score: 0.373
ONLINE-M	F-score: 0.455
ONLINE-M	F-score: 0.611
ONLINE-M	F-score: 0.642
ONLINE-M	F-score: 0.750
ONLINE-M	F-score: 0.406
ONLINE-M	F-score: 0.333
ONLINE-M	F-score: 0.332
ONLINE-M	F-score: 0.750
ONLINE-M	F-score: 0.526
ONLINE-M	F-score: 0.497
ONLINE-M	F-score: 0.448
ONLINE-M	F-score: 0.588
ONLINE-M	F-score: 0.386
ONLINE-M	F-score: 0.566
ONLINE-M	F-score: 0.366
ONLINE-M	F-score: 0.300
ONLINE-M	F-score: 0.400
ONLINE-M	F-score: 0.548
ONLINE-M	F-score: 0.455
ONLINE-M	F-score: 0.615
ONLINE-M	F-score: 0.700
ONLINE-M	F-score: 0.618
ONLINE-M	F-score: 0.286
ONLINE-M	F-score: 0.727
ONLINE-M	F-score: 0.611
ONLINE-M	F-score: 0.750
ONLINE-M	F-score: 0.500
ONLINE-M	F-score: 0.382
ONLINE-M	F-score: 0.815
ONLINE-M	F-score: 0.300
ONLINE-M	F-score: 0.571
ONLINE-M	F-score: 0.900
ONLINE-M	F-score: 0.511
ONLINE-M	F-score: 0.519
ONLINE-M	F-score: 0.674
ONLINE-M	F-score: 0.273
ONLINE-M	F-score: 0.400
ONLINE-M	F-score: 0.800
ONLINE-M	F-score: 0.333
ONLINE-M	F-score: 0.375
ONLINE-M	F-score: 0.375
ONLINE-M	F-score: 0.300
ONLINE-M	F-score: 0.656
ONLINE-M	F-score: 0.169
ONLINE-M	F-score: 0.405
ONLINE-M	F-score: 0.636
ONLINE-M	F-score: 0.400
ONLINE-M	F-score: 0.357
ONLINE-M	F-score: 0.474
ONLINE-M	F-score: 0.341
ONLINE-M	F-score: 0.444
ONLINE-M	F-score: 0.441
ONLINE-M	F-score: 0.500
ONLINE-M	F-score: 0.545
ONLINE-M	F-score: 0.531
ONLINE-M	F-score: 0.554
ONLINE-M	F-score: 0.426
ONLINE-M	F-score: 0.255
ONLINE-M	F-score: 0.154
ONLINE-M	F-score: 0.712
ONLINE-M	F-score: 0.477
ONLINE-M	F-score: 0.466
ONLINE-M	F-score: 0.620
ONLINE-M	F-score: 0.684
ONLINE-M	F-score: 0.612
ONLINE-M	F-score: 0.667
ONLINE-M	F-score: 0.452
ONLINE-M	F-score: 0.651
ONLINE-M	F-score: 0.429
ONLINE-M	F-score: 0.481
ONLINE-M	F-score: 0.500
ONLINE-M	F-score: 0.528
ONLINE-M	F-score: 0.556
ONLINE-M	F-score: 0.381
ONLINE-M	F-score: 0.522
ONLINE-M	F-score: 0.683
ONLINE-M	F-score: 0.200
ONLINE-M	F-score: 0.400
ONLINE-M	F-score: 0.700
ONLINE-M	F-score: 0.240
ONLINE-M	F-score: 0.500
ONLINE-M	F-score: 1.000
ONLINE-M	F-score: 1.000
ONLINE-M	F-score: 0.571
ONLINE-M	F-score: 0.656
ONLINE-M	F-score: 0.750
ONLINE-M	F-score: 0.417
ONLINE-M	F-score: 0.333
ONLINE-M	F-score: 0.850
ONLINE-M	F-score: 0.419
ONLINE-M	F-score: 0.714
ONLINE-M	F-score: 0.462
ONLINE-M	F-score: 0.429
ONLINE-M	F-score: 0.583
ONLINE-M	F-score: 0.600
ONLINE-M	F-score: 0.632
ONLINE-M	F-score: 0.593
ONLINE-M	F-score: 0.538
ONLINE-M	F-score: 0.333
ONLINE-M	F-score: 0.604
ONLINE-M	F-score: 0.523
ONLINE-M	F-score: 0.561
ONLINE-M	F-score: 0.714
ONLINE-M	F-score: 0.704
ONLINE-M	F-score: 0.634
ONLINE-M	F-score: 0.431
ONLINE-M	F-score: 0.619
ONLINE-M	F-score: 0.564
ONLINE-M	F-score: 0.333
ONLINE-M	F-score: 0.486
ONLINE-M	F-score: 0.492
ONLINE-M	F-score: 0.567
ONLINE-M	F-score: 0.385
ONLINE-M	F-score: 0.545
ONLINE-M	F-score: 0.500
ONLINE-M	F-score: 0.320
ONLINE-M	F-score: 0.706
ONLINE-M	F-score: 0.578
ONLINE-M	F-score: 0.875
ONLINE-M	F-score: 0.559
ONLINE-M	F-score: 0.696
ONLINE-M	F-score: 0.400
ONLINE-M	F-score: 0.357
ONLINE-M	F-score: 0.356
ONLINE-M	F-score: 0.784
ONLINE-M	F-score: 0.667
ONLINE-M	F-score: 0.604
ONLINE-M	F-score: 0.413
ONLINE-M	F-score: 0.622
ONLINE-M	F-score: 0.727
ONLINE-M	F-score: 0.563
ONLINE-M	F-score: 0.966
ONLINE-M	F-score: 0.608
ONLINE-M	F-score: 0.593
ONLINE-M	F-score: 0.372
ONLINE-M	F-score: 0.529
ONLINE-M	F-score: 0.694
ONLINE-M	F-score: 0.773
ONLINE-M	F-score: 0.746
ONLINE-M	F-score: 0.800
ONLINE-M	F-score: 0.526
ONLINE-M	F-score: 0.531
ONLINE-M	F-score: 0.667
ONLINE-M	F-score: 0.483
ONLINE-M	F-score: 0.653
ONLINE-M	F-score: 0.300
ONLINE-M	F-score: 0.500
ONLINE-M	F-score: 0.381
ONLINE-M	F-score: 0.529
ONLINE-M	F-score: 0.400
ONLINE-M	F-score: 0.514
ONLINE-M	F-score: 0.717
ONLINE-M	F-score: 0.545
ONLINE-M	F-score: 0.458
ONLINE-M	F-score: 0.500
ONLINE-M	F-score: 0.324
ONLINE-M	F-score: 0.504
ONLINE-M	F-score: 0.619
ONLINE-M	F-score: 0.250
ONLINE-M	F-score: 0.500
ONLINE-M	F-score: 0.400
ONLINE-M	F-score: 0.494
ONLINE-M	F-score: 0.267
ONLINE-M	F-score: 0.423
ONLINE-M	F-score: 0.432
ONLINE-M	F-score: 0.591
ONLINE-M	F-score: 1.000
ONLINE-M	F-score: 0.354
ONLINE-M	F-score: 0.750
ONLINE-M	F-score: 0.563
ONLINE-M	F-score: 0.615
ONLINE-M	F-score: 0.500
ONLINE-M	F-score: 0.345
ONLINE-M	F-score: 0.361
ONLINE-M	F-score: 0.158
ONLINE-M	F-score: 0.917
ONLINE-M	F-score: 0.312
ONLINE-M	F-score: 0.562
ONLINE-M	F-score: 0.627
ONLINE-M	F-score: 0.613
ONLINE-M	F-score: 0.483
ONLINE-M	F-score: 0.497
ONLINE-M	F-score: 0.857
ONLINE-M	F-score: 0.352
ONLINE-M	F-score: 0.574
ONLINE-M	F-score: 0.421
ONLINE-M	F-score: 0.365
ONLINE-M	F-score: 0.691
ONLINE-M	F-score: 0.602
ONLINE-M	F-score: 0.542
ONLINE-M	F-score: 0.640
ONLINE-M	F-score: 0.446
ONLINE-M	F-score: 0.512
ONLINE-M	F-score: 0.222
ONLINE-M	F-score: 0.438
ONLINE-M	F-score: 0.320
ONLINE-M	F-score: 0.571
ONLINE-M	F-score: 0.457
ONLINE-M	F-score: 0.625
ONLINE-M	F-score: 0.510
ONLINE-M	F-score: 1.000
ONLINE-M	F-score: 0.250
ONLINE-M	F-score: 0.446
ONLINE-M	F-score: 0.648
ONLINE-M	F-score: 0.500
ONLINE-M	F-score: 0.510
ONLINE-M	F-score: 0.553
ONLINE-M	F-score: 0.396
ONLINE-M	F-score: 0.561
ONLINE-M	F-score: 0.437
ONLINE-M	F-score: 0.424
ONLINE-M	F-score: 0.522
ONLINE-M	F-score: 0.440
ONLINE-M	F-score: 0.340
ONLINE-M	F-score: 0.162
ONLINE-M	F-score: 0.560
ONLINE-M	F-score: 0.444
ONLINE-M	F-score: 0.583
ONLINE-M	F-score: 0.621
ONLINE-M	F-score: 0.556
ONLINE-M	F-score: 0.857
ONLINE-M	F-score: 0.533
ONLINE-M	F-score: 0.386
ONLINE-M	F-score: 0.667
ONLINE-M	F-score: 0.342
ONLINE-M	F-score: 0.486
ONLINE-M	F-score: 0.458
ONLINE-M	F-score: 0.818
ONLINE-M	F-score: 0.415
ONLINE-M	F-score: 0.486
ONLINE-M	F-score: 0.477
ONLINE-M	F-score: 0.571
ONLINE-M	F-score: 0.351
ONLINE-M	F-score: 0.403
ONLINE-M	F-score: 0.167
ONLINE-M	F-score: 0.500
ONLINE-M	F-score: 1.000
ONLINE-M	F-score: 0.420
ONLINE-M	F-score: 0.432
ONLINE-M	F-score: 0.636
ONLINE-M	F-score: 0.464
ONLINE-M	F-score: 0.353
ONLINE-M	F-score: 0.411
ONLINE-M	F-score: 0.333
ONLINE-M	F-score: 0.328
ONLINE-M	F-score: 0.500
ONLINE-M	F-score: 0.800
ONLINE-M	F-score: 0.488
ONLINE-M	F-score: 0.585
ONLINE-M	F-score: 0.727
ONLINE-M	F-score: 0.620
ONLINE-M	F-score: 0.776
ONLINE-M	F-score: 0.333
ONLINE-M	F-score: 0.490
ONLINE-M	F-score: 0.750
ONLINE-M	F-score: 0.636
ONLINE-M	F-score: 0.625
ONLINE-M	F-score: 0.750
ONLINE-M	F-score: 0.483
ONLINE-M	F-score: 0.714
ONLINE-M	F-score: 0.400
ONLINE-M	F-score: 0.750
ONLINE-M	F-score: 0.593
ONLINE-M	F-score: 0.476
ONLINE-M	F-score: 0.654
ONLINE-M	F-score: 0.609
ONLINE-M	F-score: 0.708
ONLINE-M	F-score: 0.657
ONLINE-M	F-score: 0.342
ONLINE-M	F-score: 0.600
ONLINE-M	F-score: 0.500
ONLINE-M	F-score: 0.312
ONLINE-M	F-score: 0.560
ONLINE-M	F-score: 0.435
ONLINE-M	F-score: 0.848
ONLINE-M	F-score: 0.727
ONLINE-M	F-score: 0.563
ONLINE-M	F-score: 0.800
ONLINE-M	F-score: 0.824
ONLINE-M	F-score: 0.600
ONLINE-M	F-score: 0.744
ONLINE-M	F-score: 0.900
ONLINE-M	F-score: 0.667
ONLINE-M	F-score: 0.552
ONLINE-M	F-score: 0.549
ONLINE-M	F-score: 0.472
ONLINE-M	F-score: 0.474
ONLINE-M	F-score: 0.500
ONLINE-M	F-score: 0.295
ONLINE-M	F-score: 0.766
ONLINE-M	F-score: 0.458
ONLINE-M	F-score: 1.000
ONLINE-M	F-score: 0.454
ONLINE-M	F-score: 0.519
ONLINE-M	F-score: 0.516
ONLINE-M	F-score: 0.312
ONLINE-M	F-score: 0.623
ONLINE-M	F-score: 0.676
ONLINE-M	F-score: 0.543
ONLINE-M	F-score: 0.467
ONLINE-M	F-score: 0.571
ONLINE-M	F-score: 0.333
ONLINE-M	F-score: 0.623
ONLINE-M	F-score: 0.526
ONLINE-M	F-score: 0.353
ONLINE-M	F-score: 0.500
ONLINE-M	F-score: 0.600
ONLINE-M	F-score: 0.474
ONLINE-M	F-score: 0.573
ONLINE-M	F-score: 0.471
ONLINE-M	F-score: 0.400
ONLINE-M	F-score: 0.571
ONLINE-M	F-score: 0.392
ONLINE-M	F-score: 0.400
ONLINE-M	F-score: 0.162
ONLINE-M	F-score: 0.444
ONLINE-M	F-score: 0.222
ONLINE-M	F-score: 0.547
ONLINE-M	F-score: 0.500
ONLINE-M	F-score: 0.539
ONLINE-M	F-score: 0.318
ONLINE-M	F-score: 0.333
ONLINE-M	F-score: 0.312
ONLINE-M	F-score: 0.429
ONLINE-M	F-score: 0.250
ONLINE-M	F-score: 0.880
ONLINE-M	F-score: 0.830
ONLINE-M	F-score: 0.516
ONLINE-M	F-score: 0.375
ONLINE-M	F-score: 0.667
ONLINE-M	F-score: 0.621
ONLINE-M	F-score: 0.400
ONLINE-M	F-score: 0.444
ONLINE-M	F-score: 0.667
ONLINE-M	F-score: 0.846
ONLINE-M	F-score: 0.538
ONLINE-M	F-score: 0.485
ONLINE-M	F-score: 0.471
ONLINE-M	F-score: 0.452
ONLINE-M	F-score: 0.267
ONLINE-M	F-score: 0.455
ONLINE-M	F-score: 0.356
ONLINE-M	F-score: 0.355
ONLINE-M	F-score: 0.475
ONLINE-M	F-score: 0.538
ONLINE-M	F-score: 0.465
ONLINE-M	F-score: 0.286
ONLINE-M	F-score: 0.167
ONLINE-M	F-score: 0.439
ONLINE-M	F-score: 0.714
ONLINE-M	F-score: 0.348
ONLINE-M	F-score: 0.500
ONLINE-M	F-score: 0.712
ONLINE-M	F-score: 0.521
ONLINE-M	F-score: 0.337
ONLINE-M	F-score: 0.485
ONLINE-M	F-score: 0.696
ONLINE-M	F-score: 0.400
ONLINE-M	F-score: 0.364
ONLINE-M	F-score: 0.519
ONLINE-M	F-score: 0.400
ONLINE-M	F-score: 0.679
ONLINE-M	F-score: 0.640
ONLINE-M	F-score: 0.514
ONLINE-M	F-score: 0.442
ONLINE-M	F-score: 0.391
ONLINE-M	F-score: 0.553
ONLINE-M	F-score: 0.623
ONLINE-M	F-score: 0.561
ONLINE-M	F-score: 0.413
ONLINE-M	F-score: 0.621
ONLINE-M	F-score: 0.250
ONLINE-M	F-score: 0.500
ONLINE-M	F-score: 0.533
ONLINE-M	F-score: 0.500
ONLINE-M	F-score: 0.586
ONLINE-M	F-score: 0.543
ONLINE-M	F-score: 0.300
ONLINE-M	F-score: 0.295
ONLINE-M	F-score: 0.293
ONLINE-M	F-score: 0.600
ONLINE-M	F-score: 0.750
ONLINE-M	F-score: 0.667
ONLINE-M	F-score: 0.408
ONLINE-M	F-score: 0.541
ONLINE-M	F-score: 0.364
ONLINE-M	F-score: 0.571
ONLINE-M	F-score: 0.333
ONLINE-M	F-score: 0.597
ONLINE-M	F-score: 0.473
ONLINE-M	F-score: 0.500
ONLINE-M	F-score: 0.283
ONLINE-M	F-score: 0.846
ONLINE-M	F-score: 0.687
ONLINE-M	F-score: 0.595
ONLINE-M	F-score: 0.667
ONLINE-M	F-score: 0.286
ONLINE-M	F-score: 0.359
ONLINE-M	F-score: 0.800
ONLINE-M	F-score: 0.478
ONLINE-M	F-score: 0.527
ONLINE-M	F-score: 0.720
ONLINE-M	F-score: 0.400
ONLINE-M	F-score: 0.469
ONLINE-M	F-score: 0.303
ONLINE-M	F-score: 0.645
ONLINE-M	F-score: 0.683
ONLINE-M	F-score: 0.679
ONLINE-M	F-score: 0.514
ONLINE-M	F-score: 0.591
ONLINE-M	F-score: 0.522
ONLINE-M	F-score: 0.413
ONLINE-M	F-score: 0.256
ONLINE-M	F-score: 0.769
ONLINE-M	F-score: 0.176
ONLINE-M	F-score: 0.500
ONLINE-M	F-score: 0.654
ONLINE-M	F-score: 0.833
ONLINE-M	F-score: 0.406
ONLINE-M	F-score: 0.800
ONLINE-M	F-score: 0.500
ONLINE-M	F-score: 0.476
ONLINE-M	F-score: 0.400
ONLINE-M	F-score: 0.516
ONLINE-M	F-score: 0.533
ONLINE-M	F-score: 0.444
ONLINE-M	F-score: 0.431
ONLINE-M	F-score: 0.361
ONLINE-M	F-score: 0.667
ONLINE-M	F-score: 0.574
ONLINE-M	F-score: 0.633
ONLINE-M	F-score: 0.562
ONLINE-M	F-score: 0.444
ONLINE-M	F-score: 0.508
ONLINE-M	F-score: 1.000
ONLINE-M	F-score: 0.684
ONLINE-M	F-score: 0.489
ONLINE-M	F-score: 1.000
ONLINE-M	F-score: 0.426
ONLINE-M	F-score: 0.375
ONLINE-M	F-score: 0.313
ONLINE-M	F-score: 0.303
ONLINE-M	F-score: 0.552
ONLINE-M	F-score: 0.235
ONLINE-M	F-score: 0.537
ONLINE-M	F-score: 0.246
ONLINE-M	F-score: 0.457
ONLINE-M	F-score: 0.438
ONLINE-M	F-score: 0.632
ONLINE-M	F-score: 0.667
ONLINE-M	F-score: 0.875
ONLINE-M	F-score: 0.200
ONLINE-M	F-score: 0.308
ONLINE-M	F-score: 0.864
ONLINE-M	F-score: 0.556
ONLINE-M	F-score: 0.333
ONLINE-M	F-score: 0.562
ONLINE-M	F-score: 0.510
ONLINE-M	F-score: 0.533
ONLINE-M	F-score: 0.400
ONLINE-M	F-score: 0.417
ONLINE-M	F-score: 0.250
ONLINE-M	F-score: 0.556
ONLINE-M	F-score: 0.500
ONLINE-M	F-score: 0.556
ONLINE-M	F-score: 1.000
ONLINE-M	F-score: 0.594
ONLINE-M	F-score: 0.578
ONLINE-M	F-score: 0.378
ONLINE-M	F-score: 0.651
ONLINE-M	F-score: 0.500
ONLINE-M	F-score: 0.452
ONLINE-M	F-score: 0.222
ONLINE-M	F-score: 0.371
ONLINE-M	F-score: 0.708
ONLINE-M	F-score: 0.606
ONLINE-M	F-score: 0.491
ONLINE-M	F-score: 0.308
ONLINE-M	F-score: 0.409
ONLINE-M	F-score: 0.328
ONLINE-M	F-score: 0.491
ONLINE-M	F-score: 0.545
ONLINE-M	F-score: 0.561
ONLINE-M	F-score: 0.750
ONLINE-M	F-score: 0.462
ONLINE-M	F-score: 0.371
ONLINE-M	F-score: 0.467
ONLINE-M	F-score: 0.523
ONLINE-M	F-score: 0.500
ONLINE-M	F-score: 0.568
ONLINE-M	F-score: 0.579
ONLINE-M	F-score: 0.500
ONLINE-M	F-score: 0.588
ONLINE-M	F-score: 0.452
ONLINE-M	F-score: 0.364
ONLINE-M	F-score: 0.533
ONLINE-M	F-score: 0.492
ONLINE-M	F-score: 0.585
ONLINE-M	F-score: 0.485
ONLINE-M	F-score: 0.444
ONLINE-M	F-score: 0.710
ONLINE-M	F-score: 0.377
ONLINE-M	F-score: 0.538
ONLINE-M	F-score: 0.311
ONLINE-M	F-score: 0.400
ONLINE-M	F-score: 0.667
ONLINE-M	F-score: 0.667
ONLINE-M	F-score: 0.750
ONLINE-M	F-score: 0.571
ONLINE-M	F-score: 0.333
ONLINE-M	F-score: 0.750
ONLINE-M	F-score: 0.353
ONLINE-M	F-score: 0.600
ONLINE-M	F-score: 0.444
ONLINE-M	F-score: 0.667
ONLINE-M	F-score: 0.300
ONLINE-M	F-score: 0.526
ONLINE-M	F-score: 0.577
ONLINE-M	F-score: 0.857
ONLINE-M	F-score: 0.864
ONLINE-M	F-score: 0.591
ONLINE-M	F-score: 0.588
ONLINE-M	F-score: 0.833
ONLINE-M	F-score: 0.571
ONLINE-M	F-score: 0.333
ONLINE-M	F-score: 0.642
ONLINE-M	F-score: 0.250
ONLINE-M	F-score: 0.490
ONLINE-M	F-score: 0.222
ONLINE-M	F-score: 0.330
ONLINE-M	F-score: 0.200
ONLINE-M	F-score: 0.392
ONLINE-M	F-score: 0.630
ONLINE-M	F-score: 0.875
ONLINE-M	F-score: 0.640
ONLINE-M	F-score: 0.080
ONLINE-M	F-score: 0.506
ONLINE-M	F-score: 0.505
ONLINE-M	F-score: 0.667
ONLINE-M	F-score: 0.486
ONLINE-M	F-score: 0.714
ONLINE-M	F-score: 0.595
ONLINE-M	F-score: 0.578
ONLINE-M	F-score: 1.000
ONLINE-M	F-score: 0.625
ONLINE-M	F-score: 0.500
ONLINE-M	F-score: 0.533
ONLINE-M	F-score: 0.111
ONLINE-M	F-score: 0.320
ONLINE-M	F-score: 0.459
ONLINE-M	F-score: 0.467
ONLINE-M	F-score: 0.429
ONLINE-M	F-score: 0.561
ONLINE-M	F-score: 0.627
ONLINE-M	F-score: 0.510
ONLINE-M	F-score: 0.400
ONLINE-M	F-score: 0.532
ONLINE-M	F-score: 0.190
ONLINE-M	F-score: 0.500
ONLINE-M	F-score: 0.313
ONLINE-M	F-score: 0.556
ONLINE-M	F-score: 0.294
ONLINE-M	F-score: 0.336
ONLINE-M	F-score: 0.414
ONLINE-M	F-score: 0.622
ONLINE-M	F-score: 0.431
ONLINE-M	F-score: 0.526
ONLINE-M	F-score: 0.381
ONLINE-M	F-score: 0.667
ONLINE-M	F-score: 0.333
ONLINE-M	F-score: 0.553
ONLINE-M	F-score: 0.644
ONLINE-M	F-score: 0.444
ONLINE-M	F-score: 0.692
ONLINE-M	F-score: 0.624
ONLINE-M	F-score: 0.609
ONLINE-M	F-score: 0.620
ONLINE-M	F-score: 1.000
ONLINE-M	F-score: 0.486
ONLINE-M	F-score: 0.600
ONLINE-M	F-score: 0.472
ONLINE-M	F-score: 0.429
ONLINE-M	F-score: 0.394
ONLINE-M	F-score: 0.312
ONLINE-M	F-score: 0.545
ONLINE-M	F-score: 0.692
ONLINE-M	F-score: 0.354
ONLINE-M	F-score: 0.472
ONLINE-M	F-score: 0.609
ONLINE-M	F-score: 0.475
ONLINE-M	F-score: 0.443
ONLINE-M	F-score: 0.538
ONLINE-M	F-score: 0.721
ONLINE-M	F-score: 0.645
ONLINE-M	F-score: 0.465
ONLINE-M	F-score: 0.653
ONLINE-M	F-score: 0.333
ONLINE-M	F-score: 0.350
ONLINE-M	F-score: 0.600
ONLINE-M	F-score: 0.437
ONLINE-M	F-score: 0.419
ONLINE-M	F-score: 0.857
ONLINE-M	F-score: 0.454
ONLINE-M	F-score: 0.435
ONLINE-M	F-score: 0.483
ONLINE-M	F-score: 0.513
ONLINE-M	F-score: 0.444
ONLINE-M	F-score: 0.541
ONLINE-M	F-score: 0.575
ONLINE-M	F-score: 0.467
ONLINE-M	F-score: 0.513
ONLINE-M	F-score: 0.417
ONLINE-M	F-score: 0.167
ONLINE-M	F-score: 0.444
ONLINE-M	F-score: 0.478
ONLINE-M	F-score: 0.650
ONLINE-M	F-score: 0.846
ONLINE-M	F-score: 0.667
ONLINE-M	F-score: 0.439
ONLINE-M	F-score: 0.486
ONLINE-M	F-score: 0.714
ONLINE-M	F-score: 0.436
ONLINE-M	F-score: 0.267
ONLINE-M	F-score: 0.750
ONLINE-W	F-score: 0.291
ONLINE-W	F-score: 0.566
ONLINE-W	F-score: 0.556
ONLINE-W	F-score: 0.497
ONLINE-W	F-score: 0.590
ONLINE-W	F-score: 0.414
ONLINE-W	F-score: 0.533
ONLINE-W	F-score: 0.650
ONLINE-W	F-score: 0.483
ONLINE-W	F-score: 0.933
ONLINE-W	F-score: 0.500
ONLINE-W	F-score: 0.645
ONLINE-W	F-score: 0.333
ONLINE-W	F-score: 0.867
ONLINE-W	F-score: 0.848
ONLINE-W	F-score: 0.522
ONLINE-W	F-score: 0.321
ONLINE-W	F-score: 1.000
ONLINE-W	F-score: 0.678
ONLINE-W	F-score: 0.471
ONLINE-W	F-score: 0.464
ONLINE-W	F-score: 0.333
ONLINE-W	F-score: 0.182
ONLINE-W	F-score: 0.625
ONLINE-W	F-score: 0.647
ONLINE-W	F-score: 0.500
ONLINE-W	F-score: 0.389
ONLINE-W	F-score: 0.571
ONLINE-W	F-score: 0.211
ONLINE-W	F-score: 0.583
ONLINE-W	F-score: 0.842
ONLINE-W	F-score: 0.462
ONLINE-W	F-score: 0.556
ONLINE-W	F-score: 1.000
ONLINE-W	F-score: 0.500
ONLINE-W	F-score: 0.333
ONLINE-W	F-score: 0.250
ONLINE-W	F-score: 1.000
ONLINE-W	F-score: 0.511
ONLINE-W	F-score: 0.633
ONLINE-W	F-score: 0.500
ONLINE-W	F-score: 0.560
ONLINE-W	F-score: 0.429
ONLINE-W	F-score: 0.548
ONLINE-W	F-score: 0.636
ONLINE-W	F-score: 0.449
ONLINE-W	F-score: 0.476
ONLINE-W	F-score: 0.308
ONLINE-W	F-score: 0.269
ONLINE-W	F-score: 0.250
ONLINE-W	F-score: 1.000
ONLINE-W	F-score: 0.339
ONLINE-W	F-score: 0.545
ONLINE-W	F-score: 0.290
ONLINE-W	F-score: 0.378
ONLINE-W	F-score: 0.337
ONLINE-W	F-score: 0.352
ONLINE-W	F-score: 0.558
ONLINE-W	F-score: 0.286
ONLINE-W	F-score: 0.438
ONLINE-W	F-score: 0.448
ONLINE-W	F-score: 0.353
ONLINE-W	F-score: 0.489
ONLINE-W	F-score: 0.444
ONLINE-W	F-score: 0.216
ONLINE-W	F-score: 0.454
ONLINE-W	F-score: 0.412
ONLINE-W	F-score: 0.714
ONLINE-W	F-score: 0.643
ONLINE-W	F-score: 0.302
ONLINE-W	F-score: 0.692
ONLINE-W	F-score: 0.261
ONLINE-W	F-score: 0.344
ONLINE-W	F-score: 0.462
ONLINE-W	F-score: 1.000
ONLINE-W	F-score: 0.182
ONLINE-W	F-score: 0.392
ONLINE-W	F-score: 0.458
ONLINE-W	F-score: 0.333
ONLINE-W	F-score: 0.429
ONLINE-W	F-score: 0.500
ONLINE-W	F-score: 0.636
ONLINE-W	F-score: 0.857
ONLINE-W	F-score: 0.643
ONLINE-W	F-score: 0.462
ONLINE-W	F-score: 0.769
ONLINE-W	F-score: 0.600
ONLINE-W	F-score: 0.600
ONLINE-W	F-score: 0.519
ONLINE-W	F-score: 0.348
ONLINE-W	F-score: 0.700
ONLINE-W	F-score: 0.783
ONLINE-W	F-score: 0.273
ONLINE-W	F-score: 0.250
ONLINE-W	F-score: 0.909
ONLINE-W	F-score: 0.704
ONLINE-W	F-score: 0.400
ONLINE-W	F-score: 0.369
ONLINE-W	F-score: 0.714
ONLINE-W	F-score: 0.643
ONLINE-W	F-score: 0.800
ONLINE-W	F-score: 0.435
ONLINE-W	F-score: 0.525
ONLINE-W	F-score: 0.658
ONLINE-W	F-score: 0.429
ONLINE-W	F-score: 0.374
ONLINE-W	F-score: 0.800
ONLINE-W	F-score: 0.545
ONLINE-W	F-score: 0.686
ONLINE-W	F-score: 0.379
ONLINE-W	F-score: 0.354
ONLINE-W	F-score: 0.333
ONLINE-W	F-score: 0.500
ONLINE-W	F-score: 0.600
ONLINE-W	F-score: 0.593
ONLINE-W	F-score: 0.545
ONLINE-W	F-score: 0.429
ONLINE-W	F-score: 0.231
ONLINE-W	F-score: 0.154
ONLINE-W	F-score: 0.333
ONLINE-W	F-score: 0.167
ONLINE-W	F-score: 0.200
ONLINE-W	F-score: 0.209
ONLINE-W	F-score: 0.286
ONLINE-W	F-score: 0.409
ONLINE-W	F-score: 0.213
ONLINE-W	F-score: 0.333
ONLINE-W	F-score: 0.560
ONLINE-W	F-score: 0.429
ONLINE-W	F-score: 0.235
ONLINE-W	F-score: 0.600
ONLINE-W	F-score: 0.200
ONLINE-W	F-score: 0.167
ONLINE-W	F-score: 0.333
ONLINE-W	F-score: 0.154
ONLINE-W	F-score: 0.333
ONLINE-W	F-score: 0.211
ONLINE-W	F-score: 0.250
ONLINE-W	F-score: 0.333
ONLINE-W	F-score: 0.333
ONLINE-W	F-score: 0.462
ONLINE-W	F-score: 0.471
ONLINE-W	F-score: 0.545
ONLINE-W	F-score: 0.200
ONLINE-W	F-score: 0.636
ONLINE-W	F-score: 0.171
ONLINE-W	F-score: 0.463
ONLINE-W	F-score: 0.316
ONLINE-W	F-score: 0.429
ONLINE-W	F-score: 0.579
ONLINE-W	F-score: 0.462
ONLINE-W	F-score: 0.590
ONLINE-W	F-score: 0.430
ONLINE-W	F-score: 0.314
ONLINE-W	F-score: 0.408
ONLINE-W	F-score: 0.615
ONLINE-W	F-score: 0.275
ONLINE-W	F-score: 0.471
ONLINE-W	F-score: 0.370
ONLINE-W	F-score: 0.286
ONLINE-W	F-score: 0.358
ONLINE-W	F-score: 0.811
ONLINE-W	F-score: 0.390
ONLINE-W	F-score: 0.895
ONLINE-W	F-score: 0.644
ONLINE-W	F-score: 0.698
ONLINE-W	F-score: 0.590
ONLINE-W	F-score: 0.652
ONLINE-W	F-score: 0.604
ONLINE-W	F-score: 0.750
ONLINE-W	F-score: 0.571
ONLINE-W	F-score: 0.286
ONLINE-W	F-score: 0.629
ONLINE-W	F-score: 0.229
ONLINE-W	F-score: 0.412
ONLINE-W	F-score: 0.188
ONLINE-W	F-score: 0.296
ONLINE-W	F-score: 0.400
ONLINE-W	F-score: 0.105
ONLINE-W	F-score: 0.138
ONLINE-W	F-score: 0.356
ONLINE-W	F-score: 0.267
ONLINE-W	F-score: 0.167
ONLINE-W	F-score: 0.348
ONLINE-W	F-score: 0.383
ONLINE-W	F-score: 0.439
ONLINE-W	F-score: 0.400
ONLINE-W	F-score: 0.231
ONLINE-W	F-score: 0.263
ONLINE-W	F-score: 1.000
ONLINE-W	F-score: 1.000
ONLINE-W	F-score: 0.383
ONLINE-W	F-score: 0.717
ONLINE-W	F-score: 0.585
ONLINE-W	F-score: 0.490
ONLINE-W	F-score: 0.083
ONLINE-W	F-score: 0.357
ONLINE-W	F-score: 0.563
ONLINE-W	F-score: 0.569
ONLINE-W	F-score: 0.395
ONLINE-W	F-score: 0.350
ONLINE-W	F-score: 0.346
ONLINE-W	F-score: 0.418
ONLINE-W	F-score: 0.462
ONLINE-W	F-score: 0.500
ONLINE-W	F-score: 0.512
ONLINE-W	F-score: 0.439
ONLINE-W	F-score: 0.514
ONLINE-W	F-score: 0.350
ONLINE-W	F-score: 0.509
ONLINE-W	F-score: 0.333
ONLINE-W	F-score: 0.542
ONLINE-W	F-score: 0.246
ONLINE-W	F-score: 0.424
ONLINE-W	F-score: 0.364
ONLINE-W	F-score: 0.595
ONLINE-W	F-score: 0.348
ONLINE-W	F-score: 0.338
ONLINE-W	F-score: 0.318
ONLINE-W	F-score: 0.448
ONLINE-W	F-score: 0.318
ONLINE-W	F-score: 0.291
ONLINE-W	F-score: 0.438
ONLINE-W	F-score: 0.222
ONLINE-W	F-score: 0.286
ONLINE-W	F-score: 0.438
ONLINE-W	F-score: 0.483
ONLINE-W	F-score: 0.533
ONLINE-W	F-score: 0.523
ONLINE-W	F-score: 0.512
ONLINE-W	F-score: 0.429
ONLINE-W	F-score: 0.625
ONLINE-W	F-score: 0.289
ONLINE-W	F-score: 0.400
ONLINE-W	F-score: 0.342
ONLINE-W	F-score: 1.000
ONLINE-W	F-score: 0.783
ONLINE-W	F-score: 0.733
ONLINE-W	F-score: 0.605
ONLINE-W	F-score: 0.683
ONLINE-W	F-score: 0.731
ONLINE-W	F-score: 1.000
ONLINE-W	F-score: 0.984
ONLINE-W	F-score: 0.900
ONLINE-W	F-score: 0.621
ONLINE-W	F-score: 0.472
ONLINE-W	F-score: 0.400
ONLINE-W	F-score: 0.529
ONLINE-W	F-score: 0.646
ONLINE-W	F-score: 0.517
ONLINE-W	F-score: 0.272
ONLINE-W	F-score: 0.355
ONLINE-W	F-score: 0.524
ONLINE-W	F-score: 0.417
ONLINE-W	F-score: 0.469
ONLINE-W	F-score: 0.303
ONLINE-W	F-score: 0.833
ONLINE-W	F-score: 0.500
ONLINE-W	F-score: 0.333
ONLINE-W	F-score: 0.409
ONLINE-W	F-score: 0.505
ONLINE-W	F-score: 0.571
ONLINE-W	F-score: 0.351
ONLINE-W	F-score: 0.571
ONLINE-W	F-score: 0.603
ONLINE-W	F-score: 0.629
ONLINE-W	F-score: 0.426
ONLINE-W	F-score: 0.400
ONLINE-W	F-score: 0.516
ONLINE-W	F-score: 0.519
ONLINE-W	F-score: 0.708
ONLINE-W	F-score: 0.490
ONLINE-W	F-score: 0.515
ONLINE-W	F-score: 0.361
ONLINE-W	F-score: 0.593
ONLINE-W	F-score: 0.354
ONLINE-W	F-score: 0.519
ONLINE-W	F-score: 0.175
ONLINE-W	F-score: 0.424
ONLINE-W	F-score: 0.680
ONLINE-W	F-score: 1.000
ONLINE-W	F-score: 0.556
ONLINE-W	F-score: 0.703
ONLINE-W	F-score: 0.852
ONLINE-W	F-score: 0.382
ONLINE-W	F-score: 0.857
ONLINE-W	F-score: 0.603
ONLINE-W	F-score: 0.690
ONLINE-W	F-score: 0.838
ONLINE-W	F-score: 0.642
ONLINE-W	F-score: 0.522
ONLINE-W	F-score: 0.167
ONLINE-W	F-score: 0.421
ONLINE-W	F-score: 0.406
ONLINE-W	F-score: 0.430
ONLINE-W	F-score: 0.349
ONLINE-W	F-score: 0.394
ONLINE-W	F-score: 0.463
ONLINE-W	F-score: 0.429
ONLINE-W	F-score: 0.609
ONLINE-W	F-score: 0.667
ONLINE-W	F-score: 0.500
ONLINE-W	F-score: 0.323
ONLINE-W	F-score: 0.609
ONLINE-W	F-score: 0.358
ONLINE-W	F-score: 0.778
ONLINE-W	F-score: 0.656
ONLINE-W	F-score: 0.409
ONLINE-W	F-score: 0.519
ONLINE-W	F-score: 0.364
ONLINE-W	F-score: 0.414
ONLINE-W	F-score: 0.769
ONLINE-W	F-score: 0.491
ONLINE-W	F-score: 0.533
ONLINE-W	F-score: 0.875
ONLINE-W	F-score: 0.909
ONLINE-W	F-score: 0.776
ONLINE-W	F-score: 0.692
ONLINE-W	F-score: 0.629
ONLINE-W	F-score: 0.866
ONLINE-W	F-score: 0.944
ONLINE-W	F-score: 0.776
ONLINE-W	F-score: 0.594
ONLINE-W	F-score: 0.588
ONLINE-W	F-score: 0.581
ONLINE-W	F-score: 0.256
ONLINE-W	F-score: 0.241
ONLINE-W	F-score: 0.302
ONLINE-W	F-score: 0.279
ONLINE-W	F-score: 0.383
ONLINE-W	F-score: 0.576
ONLINE-W	F-score: 0.469
ONLINE-W	F-score: 0.500
ONLINE-W	F-score: 0.444
ONLINE-W	F-score: 0.323
ONLINE-W	F-score: 0.380
ONLINE-W	F-score: 0.278
ONLINE-W	F-score: 0.375
ONLINE-W	F-score: 0.353
ONLINE-W	F-score: 0.450
ONLINE-W	F-score: 0.594
ONLINE-W	F-score: 0.473
ONLINE-W	F-score: 0.519
ONLINE-W	F-score: 0.190
ONLINE-W	F-score: 0.326
ONLINE-W	F-score: 0.357
ONLINE-W	F-score: 0.231
ONLINE-W	F-score: 0.452
ONLINE-W	F-score: 0.429
ONLINE-W	F-score: 0.500
ONLINE-W	F-score: 0.596
ONLINE-W	F-score: 0.593
ONLINE-W	F-score: 0.727
ONLINE-W	F-score: 0.976
ONLINE-W	F-score: 0.911
ONLINE-W	F-score: 0.690
ONLINE-W	F-score: 0.606
ONLINE-W	F-score: 0.656
ONLINE-W	F-score: 0.667
ONLINE-W	F-score: 0.698
ONLINE-W	F-score: 0.520
ONLINE-W	F-score: 0.730
ONLINE-W	F-score: 0.579
ONLINE-W	F-score: 0.595
ONLINE-W	F-score: 0.689
ONLINE-W	F-score: 0.625
ONLINE-W	F-score: 0.621
ONLINE-W	F-score: 0.400
ONLINE-W	F-score: 0.636
ONLINE-W	F-score: 0.727
ONLINE-W	F-score: 0.600
ONLINE-W	F-score: 0.708
ONLINE-W	F-score: 0.603
ONLINE-W	F-score: 0.462
ONLINE-W	F-score: 0.651
ONLINE-W	F-score: 0.633
ONLINE-W	F-score: 0.505
ONLINE-W	F-score: 0.766
ONLINE-W	F-score: 0.696
ONLINE-W	F-score: 0.643
ONLINE-W	F-score: 0.400
ONLINE-W	F-score: 0.250
ONLINE-W	F-score: 0.727
ONLINE-W	F-score: 0.406
ONLINE-W	F-score: 0.769
ONLINE-W	F-score: 0.444
ONLINE-W	F-score: 0.653
ONLINE-W	F-score: 0.526
ONLINE-W	F-score: 0.590
ONLINE-W	F-score: 0.711
ONLINE-W	F-score: 0.523
ONLINE-W	F-score: 0.353
ONLINE-W	F-score: 0.667
ONLINE-W	F-score: 0.300
ONLINE-W	F-score: 0.764
ONLINE-W	F-score: 0.848
ONLINE-W	F-score: 0.700
ONLINE-W	F-score: 0.154
ONLINE-W	F-score: 0.323
ONLINE-W	F-score: 0.643
ONLINE-W	F-score: 0.571
ONLINE-W	F-score: 0.417
ONLINE-W	F-score: 0.267
ONLINE-W	F-score: 0.267
ONLINE-W	F-score: 0.444
ONLINE-W	F-score: 0.508
ONLINE-W	F-score: 0.361
ONLINE-W	F-score: 0.154
ONLINE-W	F-score: 0.500
ONLINE-W	F-score: 0.596
ONLINE-W	F-score: 0.579
ONLINE-W	F-score: 0.333
ONLINE-W	F-score: 0.392
ONLINE-W	F-score: 0.534
ONLINE-W	F-score: 1.000
ONLINE-W	F-score: 0.588
ONLINE-W	F-score: 0.352
ONLINE-W	F-score: 0.317
ONLINE-W	F-score: 0.783
ONLINE-W	F-score: 0.857
ONLINE-W	F-score: 0.600
ONLINE-W	F-score: 0.400
ONLINE-W	F-score: 0.375
ONLINE-W	F-score: 0.453
ONLINE-W	F-score: 0.222
ONLINE-W	F-score: 0.500
ONLINE-W	F-score: 0.622
ONLINE-W	F-score: 0.387
ONLINE-W	F-score: 0.286
ONLINE-W	F-score: 0.609
ONLINE-W	F-score: 1.000
ONLINE-W	F-score: 0.451
ONLINE-W	F-score: 1.000
ONLINE-W	F-score: 0.485
ONLINE-W	F-score: 0.571
ONLINE-W	F-score: 0.500
ONLINE-W	F-score: 0.435
ONLINE-W	F-score: 0.385
ONLINE-W	F-score: 0.250
ONLINE-W	F-score: 0.417
ONLINE-W	F-score: 0.700
ONLINE-W	F-score: 0.514
ONLINE-W	F-score: 1.000
ONLINE-W	F-score: 0.383
ONLINE-W	F-score: 0.550
ONLINE-W	F-score: 0.545
ONLINE-W	F-score: 0.333
ONLINE-W	F-score: 1.000
ONLINE-W	F-score: 0.429
ONLINE-W	F-score: 0.652
ONLINE-W	F-score: 0.667
ONLINE-W	F-score: 0.400
ONLINE-W	F-score: 0.650
ONLINE-W	F-score: 0.690
ONLINE-W	F-score: 0.571
ONLINE-W	F-score: 1.000
ONLINE-W	F-score: 0.717
ONLINE-W	F-score: 0.444
ONLINE-W	F-score: 0.629
ONLINE-W	F-score: 0.750
ONLINE-W	F-score: 0.167
ONLINE-W	F-score: 0.091
ONLINE-W	F-score: 0.167
ONLINE-W	F-score: 0.700
ONLINE-W	F-score: 0.286
ONLINE-W	F-score: 0.571
ONLINE-W	F-score: 0.341
ONLINE-W	F-score: 0.421
ONLINE-W	F-score: 0.500
ONLINE-W	F-score: 0.400
ONLINE-W	F-score: 0.400
ONLINE-W	F-score: 0.529
ONLINE-W	F-score: 0.503
ONLINE-W	F-score: 0.531
ONLINE-W	F-score: 0.615
ONLINE-W	F-score: 0.875
ONLINE-W	F-score: 0.667
ONLINE-W	F-score: 0.400
ONLINE-W	F-score: 0.571
ONLINE-W	F-score: 0.414
ONLINE-W	F-score: 0.522
ONLINE-W	F-score: 0.571
ONLINE-W	F-score: 0.281
ONLINE-W	F-score: 0.354
ONLINE-W	F-score: 0.412
ONLINE-W	F-score: 0.622
ONLINE-W	F-score: 0.525
ONLINE-W	F-score: 0.703
ONLINE-W	F-score: 0.806
ONLINE-W	F-score: 0.766
ONLINE-W	F-score: 0.682
ONLINE-W	F-score: 0.805
ONLINE-W	F-score: 0.640
ONLINE-W	F-score: 0.898
ONLINE-W	F-score: 0.813
ONLINE-W	F-score: 0.709
ONLINE-W	F-score: 0.575
ONLINE-W	F-score: 0.564
ONLINE-W	F-score: 0.637
ONLINE-W	F-score: 0.564
ONLINE-W	F-score: 0.667
ONLINE-W	F-score: 0.593
ONLINE-W	F-score: 0.570
ONLINE-W	F-score: 0.487
ONLINE-W	F-score: 0.513
ONLINE-W	F-score: 0.423
ONLINE-W	F-score: 0.722
ONLINE-W	F-score: 0.833
ONLINE-W	F-score: 0.626
ONLINE-W	F-score: 0.592
ONLINE-W	F-score: 0.481
ONLINE-W	F-score: 0.500
ONLINE-W	F-score: 0.447
ONLINE-W	F-score: 0.661
ONLINE-W	F-score: 0.464
ONLINE-W	F-score: 0.400
ONLINE-W	F-score: 0.321
ONLINE-W	F-score: 0.545
ONLINE-W	F-score: 0.476
ONLINE-W	F-score: 0.615
ONLINE-W	F-score: 0.541
ONLINE-W	F-score: 0.471
ONLINE-W	F-score: 0.465
ONLINE-W	F-score: 0.500
ONLINE-W	F-score: 0.597
ONLINE-W	F-score: 0.623
ONLINE-W	F-score: 0.472
ONLINE-W	F-score: 0.583
ONLINE-W	F-score: 0.467
ONLINE-W	F-score: 0.426
ONLINE-W	F-score: 0.254
ONLINE-W	F-score: 0.279
ONLINE-W	F-score: 0.337
ONLINE-W	F-score: 0.282
ONLINE-W	F-score: 0.262
ONLINE-W	F-score: 0.423
ONLINE-W	F-score: 0.327
ONLINE-W	F-score: 0.247
ONLINE-W	F-score: 0.364
ONLINE-W	F-score: 0.291
ONLINE-W	F-score: 0.374
ONLINE-W	F-score: 0.292
ONLINE-W	F-score: 0.295
ONLINE-W	F-score: 0.426
ONLINE-W	F-score: 0.287
ONLINE-W	F-score: 0.600
ONLINE-W	F-score: 0.650
ONLINE-W	F-score: 0.444
ONLINE-W	F-score: 0.481
ONLINE-W	F-score: 0.689
ONLINE-W	F-score: 0.755
ONLINE-W	F-score: 0.556
ONLINE-W	F-score: 0.409
ONLINE-W	F-score: 0.688
ONLINE-W	F-score: 0.512
ONLINE-W	F-score: 0.542
ONLINE-W	F-score: 0.263
ONLINE-W	F-score: 0.800
ONLINE-W	F-score: 0.508
ONLINE-W	F-score: 0.368
ONLINE-W	F-score: 0.476
ONLINE-W	F-score: 0.409
ONLINE-W	F-score: 0.321
ONLINE-W	F-score: 0.286
ONLINE-W	F-score: 0.587
ONLINE-W	F-score: 0.442
ONLINE-W	F-score: 0.385
ONLINE-W	F-score: 0.229
ONLINE-W	F-score: 0.848
ONLINE-W	F-score: 0.426
ONLINE-W	F-score: 0.500
ONLINE-W	F-score: 0.462
ONLINE-W	F-score: 0.313
ONLINE-W	F-score: 0.476
ONLINE-W	F-score: 0.375
ONLINE-W	F-score: 0.400
ONLINE-W	F-score: 0.654
ONLINE-W	F-score: 0.599
ONLINE-W	F-score: 1.000
ONLINE-W	F-score: 0.667
ONLINE-W	F-score: 0.625
ONLINE-W	F-score: 0.458
ONLINE-W	F-score: 0.676
ONLINE-W	F-score: 0.603
ONLINE-W	F-score: 0.426
ONLINE-W	F-score: 0.500
ONLINE-W	F-score: 0.391
ONLINE-W	F-score: 0.350
ONLINE-W	F-score: 0.377
ONLINE-W	F-score: 0.380
ONLINE-W	F-score: 0.312
ONLINE-W	F-score: 0.222
ONLINE-W	F-score: 0.482
ONLINE-W	F-score: 0.238
ONLINE-W	F-score: 0.463
ONLINE-W	F-score: 0.409
ONLINE-W	F-score: 0.546
ONLINE-W	F-score: 0.633
ONLINE-W	F-score: 0.539
ONLINE-W	F-score: 0.786
ONLINE-W	F-score: 0.500
ONLINE-W	F-score: 0.731
ONLINE-W	F-score: 0.557
ONLINE-W	F-score: 0.627
ONLINE-W	F-score: 0.673
ONLINE-W	F-score: 0.329
ONLINE-W	F-score: 0.292
ONLINE-W	F-score: 0.348
ONLINE-W	F-score: 0.442
ONLINE-W	F-score: 0.289
ONLINE-W	F-score: 0.410
ONLINE-W	F-score: 0.419
ONLINE-W	F-score: 0.417
ONLINE-W	F-score: 0.322
ONLINE-W	F-score: 0.435
ONLINE-W	F-score: 0.265
ONLINE-W	F-score: 0.434
ONLINE-W	F-score: 0.565
ONLINE-W	F-score: 0.600
ONLINE-W	F-score: 0.708
ONLINE-W	F-score: 0.926
ONLINE-W	F-score: 0.694
ONLINE-W	F-score: 0.762
ONLINE-W	F-score: 0.644
ONLINE-W	F-score: 0.533
ONLINE-W	F-score: 0.789
ONLINE-W	F-score: 0.783
ONLINE-W	F-score: 0.577
ONLINE-W	F-score: 0.350
ONLINE-W	F-score: 0.472
ONLINE-W	F-score: 0.366
ONLINE-W	F-score: 0.419
ONLINE-W	F-score: 0.341
ONLINE-W	F-score: 0.456
ONLINE-W	F-score: 0.406
ONLINE-W	F-score: 0.286
ONLINE-W	F-score: 0.552
ONLINE-W	F-score: 0.610
ONLINE-W	F-score: 0.933
ONLINE-W	F-score: 0.688
ONLINE-W	F-score: 0.680
ONLINE-W	F-score: 0.804
ONLINE-W	F-score: 0.602
ONLINE-W	F-score: 0.542
ONLINE-W	F-score: 0.543
ONLINE-W	F-score: 0.681
ONLINE-W	F-score: 0.526
ONLINE-W	F-score: 0.419
ONLINE-W	F-score: 0.322
ONLINE-W	F-score: 0.352
ONLINE-W	F-score: 0.466
ONLINE-W	F-score: 0.336
ONLINE-W	F-score: 0.517
ONLINE-W	F-score: 0.350
ONLINE-W	F-score: 0.543
ONLINE-W	F-score: 0.500
ONLINE-W	F-score: 0.485
ONLINE-W	F-score: 0.710
ONLINE-W	F-score: 0.637
ONLINE-W	F-score: 0.459
ONLINE-W	F-score: 0.878
ONLINE-W	F-score: 0.619
ONLINE-W	F-score: 0.750
ONLINE-W	F-score: 0.646
ONLINE-W	F-score: 0.599
ONLINE-W	F-score: 0.490
ONLINE-W	F-score: 0.475
ONLINE-W	F-score: 0.618
ONLINE-W	F-score: 0.503
ONLINE-W	F-score: 0.875
ONLINE-W	F-score: 0.588
ONLINE-W	F-score: 0.839
ONLINE-W	F-score: 0.619
ONLINE-W	F-score: 0.584
ONLINE-W	F-score: 0.345
ONLINE-W	F-score: 0.637
ONLINE-W	F-score: 0.286
ONLINE-W	F-score: 0.400
ONLINE-W	F-score: 0.302
ONLINE-W	F-score: 0.333
ONLINE-W	F-score: 0.328
ONLINE-W	F-score: 0.397
ONLINE-W	F-score: 0.417
ONLINE-W	F-score: 0.360
ONLINE-W	F-score: 0.440
ONLINE-W	F-score: 0.211
ONLINE-W	F-score: 0.373
ONLINE-W	F-score: 0.250
ONLINE-W	F-score: 0.405
ONLINE-W	F-score: 0.824
ONLINE-W	F-score: 0.537
ONLINE-W	F-score: 0.559
ONLINE-W	F-score: 0.584
ONLINE-W	F-score: 0.641
ONLINE-W	F-score: 0.569
ONLINE-W	F-score: 0.500
ONLINE-W	F-score: 0.441
ONLINE-W	F-score: 0.452
ONLINE-W	F-score: 0.444
ONLINE-W	F-score: 0.352
ONLINE-W	F-score: 0.517
ONLINE-W	F-score: 0.353
ONLINE-W	F-score: 0.750
ONLINE-W	F-score: 0.326
ONLINE-W	F-score: 0.469
ONLINE-W	F-score: 0.364
ONLINE-W	F-score: 0.686
ONLINE-W	F-score: 0.439
ONLINE-W	F-score: 0.400
ONLINE-W	F-score: 0.429
ONLINE-W	F-score: 0.464
ONLINE-W	F-score: 0.543
ONLINE-W	F-score: 0.358
ONLINE-W	F-score: 0.500
ONLINE-W	F-score: 0.462
ONLINE-W	F-score: 0.514
ONLINE-W	F-score: 0.528
ONLINE-W	F-score: 0.561
ONLINE-W	F-score: 0.700
ONLINE-W	F-score: 0.762
ONLINE-W	F-score: 0.581
ONLINE-W	F-score: 0.559
ONLINE-W	F-score: 0.597
ONLINE-W	F-score: 0.610
ONLINE-W	F-score: 0.605
ONLINE-W	F-score: 0.863
ONLINE-W	F-score: 0.806
ONLINE-W	F-score: 0.619
ONLINE-W	F-score: 0.635
ONLINE-W	F-score: 0.857
ONLINE-W	F-score: 0.567
ONLINE-W	F-score: 0.738
ONLINE-W	F-score: 0.825
ONLINE-W	F-score: 0.627
ONLINE-W	F-score: 0.800
ONLINE-W	F-score: 0.676
ONLINE-W	F-score: 0.682
ONLINE-W	F-score: 0.870
ONLINE-W	F-score: 0.693
ONLINE-W	F-score: 0.536
ONLINE-W	F-score: 0.518
ONLINE-W	F-score: 0.549
ONLINE-W	F-score: 0.592
ONLINE-W	F-score: 0.426
ONLINE-W	F-score: 0.700
ONLINE-W	F-score: 0.738
ONLINE-W	F-score: 0.414
ONLINE-W	F-score: 0.610
ONLINE-W	F-score: 0.669
ONLINE-W	F-score: 0.457
ONLINE-W	F-score: 0.545
ONLINE-W	F-score: 0.500
ONLINE-W	F-score: 0.538
ONLINE-W	F-score: 0.483
ONLINE-W	F-score: 0.535
ONLINE-W	F-score: 0.625
ONLINE-W	F-score: 0.586
ONLINE-W	F-score: 0.750
ONLINE-W	F-score: 0.537
ONLINE-W	F-score: 0.491
ONLINE-W	F-score: 0.450
ONLINE-W	F-score: 0.590
ONLINE-W	F-score: 0.613
ONLINE-W	F-score: 0.636
ONLINE-W	F-score: 0.660
ONLINE-W	F-score: 0.583
ONLINE-W	F-score: 0.160
ONLINE-W	F-score: 0.593
ONLINE-W	F-score: 0.773
ONLINE-W	F-score: 0.660
ONLINE-W	F-score: 0.833
ONLINE-W	F-score: 0.624
ONLINE-W	F-score: 0.481
ONLINE-W	F-score: 0.793
ONLINE-W	F-score: 0.786
ONLINE-W	F-score: 0.730
ONLINE-W	F-score: 0.719
ONLINE-W	F-score: 0.837
ONLINE-W	F-score: 0.667
ONLINE-W	F-score: 0.634
ONLINE-W	F-score: 0.476
ONLINE-W	F-score: 0.500
ONLINE-W	F-score: 0.878
ONLINE-W	F-score: 0.750
ONLINE-W	F-score: 0.286
ONLINE-W	F-score: 0.940
ONLINE-W	F-score: 0.971
ONLINE-W	F-score: 0.574
ONLINE-W	F-score: 0.957
ONLINE-W	F-score: 0.873
ONLINE-W	F-score: 0.609
ONLINE-W	F-score: 0.816
ONLINE-W	F-score: 0.600
ONLINE-W	F-score: 0.889
ONLINE-W	F-score: 0.750
ONLINE-W	F-score: 0.564
ONLINE-W	F-score: 0.605
ONLINE-W	F-score: 0.756
ONLINE-W	F-score: 0.577
ONLINE-W	F-score: 0.680
ONLINE-W	F-score: 0.566
ONLINE-W	F-score: 0.667
ONLINE-W	F-score: 0.788
ONLINE-W	F-score: 0.610
ONLINE-W	F-score: 0.767
ONLINE-W	F-score: 0.757
ONLINE-W	F-score: 0.714
ONLINE-W	F-score: 0.769
ONLINE-W	F-score: 0.543
ONLINE-W	F-score: 0.564
ONLINE-W	F-score: 0.600
ONLINE-W	F-score: 0.558
ONLINE-W	F-score: 0.480
ONLINE-W	F-score: 0.714
ONLINE-W	F-score: 0.857
ONLINE-W	F-score: 0.757
ONLINE-W	F-score: 0.800
ONLINE-W	F-score: 0.727
ONLINE-W	F-score: 0.506
ONLINE-W	F-score: 0.850
ONLINE-W	F-score: 0.833
ONLINE-W	F-score: 0.867
ONLINE-W	F-score: 0.706
ONLINE-W	F-score: 0.704
ONLINE-W	F-score: 0.714
ONLINE-W	F-score: 0.600
ONLINE-W	F-score: 0.766
ONLINE-W	F-score: 0.710
ONLINE-W	F-score: 0.423
ONLINE-W	F-score: 0.720
ONLINE-W	F-score: 0.575
ONLINE-W	F-score: 0.636
ONLINE-W	F-score: 0.762
ONLINE-W	F-score: 0.714
ONLINE-W	F-score: 1.000
ONLINE-W	F-score: 0.735
ONLINE-W	F-score: 0.750
ONLINE-W	F-score: 0.713
ONLINE-W	F-score: 0.632
ONLINE-W	F-score: 0.889
ONLINE-W	F-score: 0.714
ONLINE-W	F-score: 1.000
ONLINE-W	F-score: 0.708
ONLINE-W	F-score: 0.718
ONLINE-W	F-score: 0.432
ONLINE-W	F-score: 0.765
ONLINE-W	F-score: 0.730
ONLINE-W	F-score: 0.824
ONLINE-W	F-score: 0.742
ONLINE-W	F-score: 0.714
ONLINE-W	F-score: 1.000
ONLINE-W	F-score: 0.588
ONLINE-W	F-score: 0.800
ONLINE-W	F-score: 1.000
ONLINE-W	F-score: 0.857
ONLINE-W	F-score: 0.792
ONLINE-W	F-score: 0.545
ONLINE-W	F-score: 0.714
ONLINE-W	F-score: 0.800
ONLINE-W	F-score: 0.742
ONLINE-W	F-score: 0.875
ONLINE-W	F-score: 0.696
ONLINE-W	F-score: 0.830
ONLINE-W	F-score: 0.711
ONLINE-W	F-score: 0.731
ONLINE-W	F-score: 0.767
ONLINE-W	F-score: 0.762
ONLINE-W	F-score: 0.699
ONLINE-W	F-score: 0.789
ONLINE-W	F-score: 0.608
ONLINE-W	F-score: 0.531
ONLINE-W	F-score: 0.851
ONLINE-W	F-score: 0.605
ONLINE-W	F-score: 0.753
ONLINE-W	F-score: 0.933
ONLINE-W	F-score: 0.636
ONLINE-W	F-score: 0.940
ONLINE-W	F-score: 0.718
ONLINE-W	F-score: 0.592
ONLINE-W	F-score: 0.577
ONLINE-W	F-score: 0.613
ONLINE-W	F-score: 0.700
ONLINE-W	F-score: 0.581
ONLINE-W	F-score: 0.533
ONLINE-W	F-score: 0.750
ONLINE-W	F-score: 0.847
ONLINE-W	F-score: 0.833
ONLINE-W	F-score: 0.889
ONLINE-W	F-score: 0.519
ONLINE-W	F-score: 0.563
ONLINE-W	F-score: 0.536
ONLINE-W	F-score: 0.513
ONLINE-W	F-score: 0.571
ONLINE-W	F-score: 0.905
ONLINE-W	F-score: 0.476
ONLINE-W	F-score: 0.843
ONLINE-W	F-score: 0.632
ONLINE-W	F-score: 0.562
ONLINE-W	F-score: 0.541
ONLINE-W	F-score: 0.594
ONLINE-W	F-score: 0.821
ONLINE-W	F-score: 0.351
ONLINE-W	F-score: 0.667
ONLINE-W	F-score: 0.717
ONLINE-W	F-score: 0.725
ONLINE-W	F-score: 0.718
ONLINE-W	F-score: 0.730
ONLINE-W	F-score: 0.650
ONLINE-W	F-score: 0.638
ONLINE-W	F-score: 0.568
ONLINE-W	F-score: 0.676
ONLINE-W	F-score: 0.698
ONLINE-W	F-score: 0.691
ONLINE-W	F-score: 0.698
ONLINE-W	F-score: 0.255
ONLINE-W	F-score: 0.518
ONLINE-W	F-score: 0.540
ONLINE-W	F-score: 0.528
ONLINE-W	F-score: 0.615
ONLINE-W	F-score: 0.317
ONLINE-W	F-score: 0.578
ONLINE-W	F-score: 0.545
ONLINE-W	F-score: 0.557
ONLINE-W	F-score: 0.519
ONLINE-W	F-score: 0.586
ONLINE-W	F-score: 0.660
ONLINE-W	F-score: 0.658
ONLINE-W	F-score: 0.222
ONLINE-W	F-score: 0.492
ONLINE-W	F-score: 0.612
ONLINE-W	F-score: 0.615
ONLINE-W	F-score: 0.650
ONLINE-W	F-score: 0.462
ONLINE-W	F-score: 0.821
ONLINE-W	F-score: 0.744
ONLINE-W	F-score: 0.475
ONLINE-W	F-score: 0.571
ONLINE-W	F-score: 0.810
ONLINE-W	F-score: 0.694
ONLINE-W	F-score: 0.481
ONLINE-W	F-score: 0.766
ONLINE-W	F-score: 0.721
ONLINE-W	F-score: 0.632
ONLINE-W	F-score: 0.765
ONLINE-W	F-score: 0.717
ONLINE-W	F-score: 0.752
ONLINE-W	F-score: 0.673
ONLINE-W	F-score: 0.679
ONLINE-W	F-score: 0.727
ONLINE-W	F-score: 0.833
ONLINE-W	F-score: 0.850
ONLINE-W	F-score: 0.556
ONLINE-W	F-score: 0.754
ONLINE-W	F-score: 0.842
ONLINE-W	F-score: 0.709
ONLINE-W	F-score: 0.679
ONLINE-W	F-score: 0.533
ONLINE-W	F-score: 0.962
ONLINE-W	F-score: 0.662
ONLINE-W	F-score: 0.737
ONLINE-W	F-score: 0.705
ONLINE-W	F-score: 0.745
ONLINE-W	F-score: 0.825
ONLINE-W	F-score: 0.770
ONLINE-W	F-score: 0.667
ONLINE-W	F-score: 0.585
ONLINE-W	F-score: 0.512
ONLINE-W	F-score: 0.619
ONLINE-W	F-score: 0.493
ONLINE-W	F-score: 0.605
ONLINE-W	F-score: 0.582
ONLINE-W	F-score: 0.661
ONLINE-W	F-score: 0.639
ONLINE-W	F-score: 0.553
ONLINE-W	F-score: 0.608
ONLINE-W	F-score: 0.543
ONLINE-W	F-score: 0.637
ONLINE-W	F-score: 0.427
ONLINE-W	F-score: 0.519
ONLINE-W	F-score: 0.371
ONLINE-W	F-score: 0.554
ONLINE-W	F-score: 0.635
ONLINE-W	F-score: 0.852
ONLINE-W	F-score: 0.644
ONLINE-W	F-score: 0.689
ONLINE-W	F-score: 0.576
ONLINE-W	F-score: 0.563
ONLINE-W	F-score: 0.659
ONLINE-W	F-score: 0.566
ONLINE-W	F-score: 0.599
ONLINE-W	F-score: 0.599
ONLINE-W	F-score: 0.465
ONLINE-W	F-score: 0.582
ONLINE-W	F-score: 0.673
ONLINE-W	F-score: 0.618
ONLINE-W	F-score: 0.667
ONLINE-W	F-score: 0.658
ONLINE-W	F-score: 0.436
ONLINE-W	F-score: 0.692
ONLINE-W	F-score: 0.792
ONLINE-W	F-score: 0.458
ONLINE-W	F-score: 0.560
ONLINE-W	F-score: 0.338
ONLINE-W	F-score: 0.656
ONLINE-W	F-score: 0.670
ONLINE-W	F-score: 0.667
ONLINE-W	F-score: 0.521
ONLINE-W	F-score: 0.543
ONLINE-W	F-score: 0.717
ONLINE-W	F-score: 0.678
ONLINE-W	F-score: 0.701
ONLINE-W	F-score: 0.537
ONLINE-W	F-score: 0.581
ONLINE-W	F-score: 0.466
ONLINE-W	F-score: 0.658
ONLINE-W	F-score: 0.509
ONLINE-W	F-score: 0.400
ONLINE-W	F-score: 0.667
ONLINE-W	F-score: 0.296
ONLINE-W	F-score: 0.409
ONLINE-W	F-score: 0.718
ONLINE-W	F-score: 0.582
ONLINE-W	F-score: 0.590
ONLINE-W	F-score: 0.815
ONLINE-W	F-score: 0.761
ONLINE-W	F-score: 0.706
ONLINE-W	F-score: 0.508
ONLINE-W	F-score: 0.682
ONLINE-W	F-score: 0.533
ONLINE-W	F-score: 0.717
ONLINE-W	F-score: 0.909
ONLINE-W	F-score: 0.730
ONLINE-W	F-score: 0.736
ONLINE-W	F-score: 0.682
ONLINE-W	F-score: 1.000
ONLINE-W	F-score: 0.699
ONLINE-W	F-score: 0.514
ONLINE-W	F-score: 0.595
ONLINE-W	F-score: 0.493
ONLINE-W	F-score: 0.619
ONLINE-W	F-score: 0.400
ONLINE-W	F-score: 0.667
ONLINE-W	F-score: 0.786
ONLINE-W	F-score: 0.633
ONLINE-W	F-score: 0.761
ONLINE-W	F-score: 0.715
ONLINE-W	F-score: 0.854
ONLINE-W	F-score: 0.727
ONLINE-W	F-score: 0.612
ONLINE-W	F-score: 0.759
ONLINE-W	F-score: 0.857
ONLINE-W	F-score: 0.815
ONLINE-W	F-score: 0.809
ONLINE-W	F-score: 0.629
ONLINE-W	F-score: 0.630
ONLINE-W	F-score: 0.733
ONLINE-W	F-score: 0.385
ONLINE-W	F-score: 0.815
ONLINE-W	F-score: 0.606
ONLINE-W	F-score: 0.627
ONLINE-W	F-score: 0.604
ONLINE-W	F-score: 0.829
ONLINE-W	F-score: 0.422
ONLINE-W	F-score: 0.787
ONLINE-W	F-score: 0.433
ONLINE-W	F-score: 0.633
ONLINE-W	F-score: 0.596
ONLINE-W	F-score: 0.720
ONLINE-W	F-score: 0.777
ONLINE-W	F-score: 0.815
ONLINE-W	F-score: 0.760
ONLINE-W	F-score: 0.880
ONLINE-W	F-score: 0.765
ONLINE-W	F-score: 0.582
ONLINE-W	F-score: 0.608
ONLINE-W	F-score: 0.697
ONLINE-W	F-score: 0.773
ONLINE-W	F-score: 0.360
ONLINE-W	F-score: 0.857
ONLINE-W	F-score: 0.686
ONLINE-W	F-score: 0.514
ONLINE-W	F-score: 0.696
ONLINE-W	F-score: 0.561
ONLINE-W	F-score: 0.593
ONLINE-W	F-score: 0.893
ONLINE-W	F-score: 0.507
ONLINE-W	F-score: 0.569
ONLINE-W	F-score: 0.639
ONLINE-W	F-score: 0.842
ONLINE-W	F-score: 0.472
ONLINE-W	F-score: 0.667
ONLINE-W	F-score: 0.783
ONLINE-W	F-score: 0.629
ONLINE-W	F-score: 0.721
ONLINE-W	F-score: 0.448
ONLINE-W	F-score: 0.913
ONLINE-W	F-score: 0.585
ONLINE-W	F-score: 0.846
ONLINE-W	F-score: 1.000
ONLINE-W	F-score: 0.690
ONLINE-W	F-score: 0.943
ONLINE-W	F-score: 0.871
ONLINE-W	F-score: 0.926
ONLINE-W	F-score: 0.788
ONLINE-W	F-score: 0.642
ONLINE-W	F-score: 0.723
ONLINE-W	F-score: 0.772
ONLINE-W	F-score: 0.818
ONLINE-W	F-score: 0.891
ONLINE-W	F-score: 0.689
ONLINE-W	F-score: 0.825
ONLINE-W	F-score: 0.222
ONLINE-W	F-score: 0.869
ONLINE-W	F-score: 0.855
ONLINE-W	F-score: 0.761
ONLINE-W	F-score: 0.766
ONLINE-W	F-score: 0.824
ONLINE-W	F-score: 0.845
ONLINE-W	F-score: 0.828
ONLINE-W	F-score: 0.898
ONLINE-W	F-score: 0.661
ONLINE-W	F-score: 0.688
ONLINE-W	F-score: 0.697
ONLINE-W	F-score: 0.790
ONLINE-W	F-score: 0.459
ONLINE-W	F-score: 0.781
ONLINE-W	F-score: 0.925
ONLINE-W	F-score: 0.838
ONLINE-W	F-score: 0.632
ONLINE-W	F-score: 0.762
ONLINE-W	F-score: 0.909
ONLINE-W	F-score: 0.660
ONLINE-W	F-score: 0.730
ONLINE-W	F-score: 0.909
ONLINE-W	F-score: 0.800
ONLINE-W	F-score: 0.649
ONLINE-W	F-score: 0.778
ONLINE-W	F-score: 0.657
ONLINE-W	F-score: 0.667
ONLINE-W	F-score: 0.786
ONLINE-W	F-score: 0.831
ONLINE-W	F-score: 1.000
ONLINE-W	F-score: 0.837
ONLINE-W	F-score: 0.909
ONLINE-W	F-score: 0.701
ONLINE-W	F-score: 0.812
ONLINE-W	F-score: 0.710
ONLINE-W	F-score: 1.000
ONLINE-W	F-score: 0.471
ONLINE-W	F-score: 0.923
ONLINE-W	F-score: 0.691
ONLINE-W	F-score: 0.800
ONLINE-W	F-score: 0.929
ONLINE-W	F-score: 0.829
ONLINE-W	F-score: 0.615
ONLINE-W	F-score: 0.889
ONLINE-W	F-score: 0.763
ONLINE-W	F-score: 0.735
ONLINE-W	F-score: 0.807
ONLINE-W	F-score: 0.847
ONLINE-W	F-score: 0.756
ONLINE-W	F-score: 0.737
ONLINE-W	F-score: 0.444
ONLINE-W	F-score: 0.667
ONLINE-W	F-score: 0.676
ONLINE-W	F-score: 0.716
ONLINE-W	F-score: 0.786
ONLINE-W	F-score: 0.538
ONLINE-W	F-score: 0.757
ONLINE-W	F-score: 0.696
ONLINE-W	F-score: 0.829
ONLINE-W	F-score: 0.690
ONLINE-W	F-score: 0.667
ONLINE-W	F-score: 0.641
ONLINE-W	F-score: 0.561
ONLINE-W	F-score: 0.538
ONLINE-W	F-score: 0.891
ONLINE-W	F-score: 0.941
ONLINE-W	F-score: 0.553
ONLINE-W	F-score: 0.725
ONLINE-W	F-score: 0.494
ONLINE-W	F-score: 0.779
ONLINE-W	F-score: 0.867
ONLINE-W	F-score: 0.437
ONLINE-W	F-score: 0.831
ONLINE-W	F-score: 0.885
ONLINE-W	F-score: 0.560
ONLINE-W	F-score: 0.525
ONLINE-W	F-score: 1.000
ONLINE-W	F-score: 0.837
ONLINE-W	F-score: 0.809
ONLINE-W	F-score: 0.755
ONLINE-W	F-score: 0.725
ONLINE-W	F-score: 0.667
ONLINE-W	F-score: 0.792
ONLINE-W	F-score: 0.595
ONLINE-W	F-score: 0.783
ONLINE-W	F-score: 0.774
ONLINE-W	F-score: 0.684
ONLINE-W	F-score: 0.660
ONLINE-W	F-score: 0.790
ONLINE-W	F-score: 0.777
ONLINE-W	F-score: 0.676
ONLINE-W	F-score: 0.797
ONLINE-W	F-score: 0.766
ONLINE-W	F-score: 0.811
ONLINE-W	F-score: 0.500
ONLINE-W	F-score: 1.000
ONLINE-W	F-score: 0.803
ONLINE-W	F-score: 0.773
ONLINE-W	F-score: 0.667
ONLINE-W	F-score: 0.637
ONLINE-W	F-score: 0.609
ONLINE-W	F-score: 0.842
ONLINE-W	F-score: 0.818
ONLINE-W	F-score: 0.562
ONLINE-W	F-score: 0.963
ONLINE-W	F-score: 1.000
ONLINE-W	F-score: 0.619
ONLINE-W	F-score: 0.594
ONLINE-W	F-score: 0.850
ONLINE-W	F-score: 1.000
ONLINE-W	F-score: 0.868
ONLINE-W	F-score: 0.628
ONLINE-W	F-score: 1.000
ONLINE-W	F-score: 0.707
ONLINE-W	F-score: 0.588
ONLINE-W	F-score: 0.500
ONLINE-W	F-score: 0.786
ONLINE-W	F-score: 1.000
ONLINE-W	F-score: 0.855
ONLINE-W	F-score: 0.700
ONLINE-W	F-score: 0.711
ONLINE-W	F-score: 0.667
ONLINE-W	F-score: 0.796
ONLINE-W	F-score: 0.895
ONLINE-W	F-score: 0.786
ONLINE-W	F-score: 0.708
ONLINE-W	F-score: 0.667
ONLINE-W	F-score: 0.619
ONLINE-W	F-score: 0.543
ONLINE-W	F-score: 0.522
ONLINE-W	F-score: 0.778
ONLINE-W	F-score: 0.705
ONLINE-W	F-score: 0.565
ONLINE-W	F-score: 0.630
ONLINE-W	F-score: 0.700
ONLINE-W	F-score: 0.567
ONLINE-W	F-score: 0.875
ONLINE-W	F-score: 0.780
ONLINE-W	F-score: 0.800
ONLINE-W	F-score: 0.640
ONLINE-W	F-score: 0.652
ONLINE-W	F-score: 0.469
ONLINE-W	F-score: 0.533
ONLINE-W	F-score: 0.667
ONLINE-W	F-score: 0.652
ONLINE-W	F-score: 0.792
ONLINE-W	F-score: 0.182
ONLINE-W	F-score: 0.346
ONLINE-W	F-score: 1.000
ONLINE-W	F-score: 0.296
ONLINE-W	F-score: 0.642
ONLINE-W	F-score: 0.529
ONLINE-W	F-score: 0.475
ONLINE-W	F-score: 1.000
ONLINE-W	F-score: 1.000
ONLINE-W	F-score: 0.351
ONLINE-W	F-score: 0.650
ONLINE-W	F-score: 0.477
ONLINE-W	F-score: 0.205
ONLINE-W	F-score: 0.581
ONLINE-W	F-score: 0.571
ONLINE-W	F-score: 0.364
ONLINE-W	F-score: 0.418
ONLINE-W	F-score: 0.567
ONLINE-W	F-score: 0.400
ONLINE-W	F-score: 0.367
ONLINE-W	F-score: 0.404
ONLINE-W	F-score: 0.545
ONLINE-W	F-score: 0.400
ONLINE-W	F-score: 0.452
ONLINE-W	F-score: 0.434
ONLINE-W	F-score: 0.698
ONLINE-W	F-score: 0.607
ONLINE-W	F-score: 1.000
ONLINE-W	F-score: 0.625
ONLINE-W	F-score: 0.429
ONLINE-W	F-score: 0.688
ONLINE-W	F-score: 0.625
ONLINE-W	F-score: 0.824
ONLINE-W	F-score: 0.479
ONLINE-W	F-score: 0.667
ONLINE-W	F-score: 0.476
ONLINE-W	F-score: 0.409
ONLINE-W	F-score: 0.875
ONLINE-W	F-score: 0.463
ONLINE-W	F-score: 0.769
ONLINE-W	F-score: 0.800
ONLINE-W	F-score: 0.429
ONLINE-W	F-score: 0.690
ONLINE-W	F-score: 1.000
ONLINE-W	F-score: 0.900
ONLINE-W	F-score: 0.520
ONLINE-W	F-score: 0.607
ONLINE-W	F-score: 0.235
ONLINE-W	F-score: 0.438
ONLINE-W	F-score: 0.667
ONLINE-W	F-score: 0.462
ONLINE-W	F-score: 0.407
ONLINE-W	F-score: 0.562
ONLINE-W	F-score: 0.727
ONLINE-W	F-score: 0.688
ONLINE-W	F-score: 0.473
ONLINE-W	F-score: 0.562
ONLINE-W	F-score: 0.520
ONLINE-W	F-score: 0.607
ONLINE-W	F-score: 0.512
ONLINE-W	F-score: 0.532
ONLINE-W	F-score: 0.368
ONLINE-W	F-score: 0.576
ONLINE-W	F-score: 0.818
ONLINE-W	F-score: 0.551
ONLINE-W	F-score: 0.473
ONLINE-W	F-score: 0.639
ONLINE-W	F-score: 0.278
ONLINE-W	F-score: 0.667
ONLINE-W	F-score: 0.435
ONLINE-W	F-score: 0.323
ONLINE-W	F-score: 0.714
ONLINE-W	F-score: 0.510
ONLINE-W	F-score: 0.581
ONLINE-W	F-score: 0.458
ONLINE-W	F-score: 0.412
ONLINE-W	F-score: 0.628
ONLINE-W	F-score: 0.727
ONLINE-W	F-score: 0.469
ONLINE-W	F-score: 0.646
ONLINE-W	F-score: 0.542
ONLINE-W	F-score: 0.545
ONLINE-W	F-score: 1.000
ONLINE-W	F-score: 0.554
ONLINE-W	F-score: 0.451
ONLINE-W	F-score: 0.600
ONLINE-W	F-score: 0.571
ONLINE-W	F-score: 0.649
ONLINE-W	F-score: 0.380
ONLINE-W	F-score: 0.660
ONLINE-W	F-score: 0.600
ONLINE-W	F-score: 0.250
ONLINE-W	F-score: 0.400
ONLINE-W	F-score: 0.424
ONLINE-W	F-score: 0.779
ONLINE-W	F-score: 0.316
ONLINE-W	F-score: 0.679
ONLINE-W	F-score: 0.250
ONLINE-W	F-score: 0.414
ONLINE-W	F-score: 0.714
ONLINE-W	F-score: 0.311
ONLINE-W	F-score: 0.750
ONLINE-W	F-score: 0.531
ONLINE-W	F-score: 0.494
ONLINE-W	F-score: 0.526
ONLINE-W	F-score: 0.588
ONLINE-W	F-score: 0.543
ONLINE-W	F-score: 0.557
ONLINE-W	F-score: 0.350
ONLINE-W	F-score: 0.667
ONLINE-W	F-score: 0.500
ONLINE-W	F-score: 0.561
ONLINE-W	F-score: 0.560
ONLINE-W	F-score: 0.593
ONLINE-W	F-score: 0.564
ONLINE-W	F-score: 0.507
ONLINE-W	F-score: 0.625
ONLINE-W	F-score: 0.645
ONLINE-W	F-score: 0.634
ONLINE-W	F-score: 0.750
ONLINE-W	F-score: 0.517
ONLINE-W	F-score: 0.392
ONLINE-W	F-score: 0.667
ONLINE-W	F-score: 0.667
ONLINE-W	F-score: 0.500
ONLINE-W	F-score: 0.636
ONLINE-W	F-score: 0.527
ONLINE-W	F-score: 0.571
ONLINE-W	F-score: 0.458
ONLINE-W	F-score: 0.308
ONLINE-W	F-score: 1.000
ONLINE-W	F-score: 0.800
ONLINE-W	F-score: 0.371
ONLINE-W	F-score: 0.250
ONLINE-W	F-score: 0.435
ONLINE-W	F-score: 0.479
ONLINE-W	F-score: 0.667
ONLINE-W	F-score: 0.152
ONLINE-W	F-score: 0.752
ONLINE-W	F-score: 0.440
ONLINE-W	F-score: 0.370
ONLINE-W	F-score: 0.323
ONLINE-W	F-score: 0.211
ONLINE-W	F-score: 0.486
ONLINE-W	F-score: 0.500
ONLINE-W	F-score: 0.419
ONLINE-W	F-score: 0.400
ONLINE-W	F-score: 0.556
ONLINE-W	F-score: 0.348
ONLINE-W	F-score: 0.385
ONLINE-W	F-score: 0.485
ONLINE-W	F-score: 0.267
ONLINE-W	F-score: 0.154
ONLINE-W	F-score: 0.697
ONLINE-W	F-score: 0.312
ONLINE-W	F-score: 0.533
ONLINE-W	F-score: 0.464
ONLINE-W	F-score: 0.541
ONLINE-W	F-score: 0.611
ONLINE-W	F-score: 0.143
ONLINE-W	F-score: 0.415
ONLINE-W	F-score: 0.588
ONLINE-W	F-score: 0.419
ONLINE-W	F-score: 0.563
ONLINE-W	F-score: 0.621
ONLINE-W	F-score: 0.429
ONLINE-W	F-score: 0.400
ONLINE-W	F-score: 0.348
ONLINE-W	F-score: 0.563
ONLINE-W	F-score: 0.474
ONLINE-W	F-score: 0.242
ONLINE-W	F-score: 0.696
ONLINE-W	F-score: 0.957
ONLINE-W	F-score: 0.923
ONLINE-W	F-score: 0.800
ONLINE-W	F-score: 0.500
ONLINE-W	F-score: 1.000
ONLINE-W	F-score: 0.582
ONLINE-W	F-score: 0.557
ONLINE-W	F-score: 0.750
ONLINE-W	F-score: 0.483
ONLINE-W	F-score: 0.360
ONLINE-W	F-score: 0.723
ONLINE-W	F-score: 0.551
ONLINE-W	F-score: 0.667
ONLINE-W	F-score: 0.500
ONLINE-W	F-score: 0.500
ONLINE-W	F-score: 0.557
ONLINE-W	F-score: 0.857
ONLINE-W	F-score: 0.593
ONLINE-W	F-score: 0.602
ONLINE-W	F-score: 0.625
ONLINE-W	F-score: 0.625
ONLINE-W	F-score: 0.702
ONLINE-W	F-score: 0.435
ONLINE-W	F-score: 0.722
ONLINE-W	F-score: 1.000
ONLINE-W	F-score: 0.918
ONLINE-W	F-score: 0.500
ONLINE-W	F-score: 0.571
ONLINE-W	F-score: 0.619
ONLINE-W	F-score: 0.565
ONLINE-W	F-score: 0.419
ONLINE-W	F-score: 0.519
ONLINE-W	F-score: 0.500
ONLINE-W	F-score: 0.705
ONLINE-W	F-score: 0.273
ONLINE-W	F-score: 0.656
ONLINE-W	F-score: 0.550
ONLINE-W	F-score: 0.387
ONLINE-W	F-score: 0.452
ONLINE-W	F-score: 0.750
ONLINE-W	F-score: 0.500
ONLINE-W	F-score: 0.507
ONLINE-W	F-score: 0.567
ONLINE-W	F-score: 0.455
ONLINE-W	F-score: 0.645
ONLINE-W	F-score: 0.652
ONLINE-W	F-score: 0.557
ONLINE-W	F-score: 0.400
ONLINE-W	F-score: 0.600
ONLINE-W	F-score: 0.475
ONLINE-W	F-score: 0.667
ONLINE-W	F-score: 0.745
ONLINE-W	F-score: 0.773
ONLINE-W	F-score: 0.588
ONLINE-W	F-score: 0.581
ONLINE-W	F-score: 0.574
ONLINE-W	F-score: 0.310
ONLINE-W	F-score: 0.516
ONLINE-W	F-score: 0.746
ONLINE-W	F-score: 0.711
ONLINE-W	F-score: 0.931
ONLINE-W	F-score: 0.723
ONLINE-W	F-score: 0.757
ONLINE-W	F-score: 0.642
ONLINE-W	F-score: 1.000
ONLINE-W	F-score: 0.538
ONLINE-W	F-score: 0.784
ONLINE-W	F-score: 0.417
ONLINE-W	F-score: 0.400
ONLINE-W	F-score: 0.400
ONLINE-W	F-score: 0.459
ONLINE-W	F-score: 0.400
ONLINE-W	F-score: 0.571
ONLINE-W	F-score: 0.730
ONLINE-W	F-score: 0.478
ONLINE-W	F-score: 0.538
ONLINE-W	F-score: 0.750
ONLINE-W	F-score: 0.340
ONLINE-W	F-score: 0.491
ONLINE-W	F-score: 0.585
ONLINE-W	F-score: 0.500
ONLINE-W	F-score: 0.500
ONLINE-W	F-score: 0.440
ONLINE-W	F-score: 0.487
ONLINE-W	F-score: 0.286
ONLINE-W	F-score: 0.475
ONLINE-W	F-score: 0.466
ONLINE-W	F-score: 0.381
ONLINE-W	F-score: 0.833
ONLINE-W	F-score: 0.450
ONLINE-W	F-score: 0.364
ONLINE-W	F-score: 0.512
ONLINE-W	F-score: 0.705
ONLINE-W	F-score: 1.000
ONLINE-W	F-score: 0.385
ONLINE-W	F-score: 0.488
ONLINE-W	F-score: 0.489
ONLINE-W	F-score: 0.750
ONLINE-W	F-score: 0.683
ONLINE-W	F-score: 0.644
ONLINE-W	F-score: 0.491
ONLINE-W	F-score: 0.756
ONLINE-W	F-score: 0.595
ONLINE-W	F-score: 0.556
ONLINE-W	F-score: 0.794
ONLINE-W	F-score: 0.528
ONLINE-W	F-score: 0.538
ONLINE-W	F-score: 0.547
ONLINE-W	F-score: 0.489
ONLINE-W	F-score: 0.480
ONLINE-W	F-score: 0.537
ONLINE-W	F-score: 0.491
ONLINE-W	F-score: 0.500
ONLINE-W	F-score: 0.407
ONLINE-W	F-score: 0.913
ONLINE-W	F-score: 0.300
ONLINE-W	F-score: 0.455
ONLINE-W	F-score: 0.828
ONLINE-W	F-score: 0.429
ONLINE-W	F-score: 0.574
ONLINE-W	F-score: 0.750
ONLINE-W	F-score: 0.431
ONLINE-W	F-score: 0.750
ONLINE-W	F-score: 0.400
ONLINE-W	F-score: 0.495
ONLINE-W	F-score: 0.635
ONLINE-W	F-score: 0.500
ONLINE-W	F-score: 0.522
ONLINE-W	F-score: 0.588
ONLINE-W	F-score: 0.379
ONLINE-W	F-score: 0.582
ONLINE-W	F-score: 0.326
ONLINE-W	F-score: 0.428
ONLINE-W	F-score: 0.462
ONLINE-W	F-score: 0.652
ONLINE-W	F-score: 0.204
ONLINE-W	F-score: 0.780
ONLINE-W	F-score: 0.655
ONLINE-W	F-score: 0.592
ONLINE-W	F-score: 0.640
ONLINE-W	F-score: 0.483
ONLINE-W	F-score: 0.471
ONLINE-W	F-score: 0.588
ONLINE-W	F-score: 0.321
ONLINE-W	F-score: 0.362
ONLINE-W	F-score: 0.800
ONLINE-W	F-score: 0.359
ONLINE-W	F-score: 0.429
ONLINE-W	F-score: 0.393
ONLINE-W	F-score: 0.909
ONLINE-W	F-score: 0.436
ONLINE-W	F-score: 0.450
ONLINE-W	F-score: 0.476
ONLINE-W	F-score: 0.471
ONLINE-W	F-score: 0.320
ONLINE-W	F-score: 0.372
ONLINE-W	F-score: 0.370
ONLINE-W	F-score: 0.493
ONLINE-W	F-score: 0.750
ONLINE-W	F-score: 0.642
ONLINE-W	F-score: 0.477
ONLINE-W	F-score: 0.923
ONLINE-W	F-score: 0.480
ONLINE-W	F-score: 0.467
ONLINE-W	F-score: 0.573
ONLINE-W	F-score: 0.300
ONLINE-W	F-score: 0.383
ONLINE-W	F-score: 0.680
ONLINE-W	F-score: 0.600
ONLINE-W	F-score: 0.544
ONLINE-W	F-score: 0.622
ONLINE-W	F-score: 0.727
ONLINE-W	F-score: 0.682
ONLINE-W	F-score: 0.594
ONLINE-W	F-score: 0.348
ONLINE-W	F-score: 0.371
ONLINE-W	F-score: 0.250
ONLINE-W	F-score: 0.581
ONLINE-W	F-score: 0.625
ONLINE-W	F-score: 0.750
ONLINE-W	F-score: 0.571
ONLINE-W	F-score: 0.545
ONLINE-W	F-score: 0.400
ONLINE-W	F-score: 0.750
ONLINE-W	F-score: 0.699
ONLINE-W	F-score: 0.597
ONLINE-W	F-score: 0.613
ONLINE-W	F-score: 0.684
ONLINE-W	F-score: 0.753
ONLINE-W	F-score: 0.805
ONLINE-W	F-score: 0.314
ONLINE-W	F-score: 0.957
ONLINE-W	F-score: 0.222
ONLINE-W	F-score: 0.322
ONLINE-W	F-score: 0.876
ONLINE-W	F-score: 0.490
ONLINE-W	F-score: 0.529
ONLINE-W	F-score: 0.727
ONLINE-W	F-score: 0.703
ONLINE-W	F-score: 0.700
ONLINE-W	F-score: 0.500
ONLINE-W	F-score: 0.760
ONLINE-W	F-score: 0.765
ONLINE-W	F-score: 0.727
ONLINE-W	F-score: 0.938
ONLINE-W	F-score: 0.444
ONLINE-W	F-score: 0.778
ONLINE-W	F-score: 0.482
ONLINE-W	F-score: 0.652
ONLINE-W	F-score: 0.308
ONLINE-W	F-score: 0.333
ONLINE-W	F-score: 0.417
ONLINE-W	F-score: 0.446
ONLINE-W	F-score: 0.833
ONLINE-W	F-score: 0.387
ONLINE-W	F-score: 0.597
ONLINE-W	F-score: 0.457
ONLINE-W	F-score: 0.505
ONLINE-W	F-score: 0.686
ONLINE-W	F-score: 0.658
ONLINE-W	F-score: 0.543
ONLINE-W	F-score: 0.467
ONLINE-W	F-score: 0.500
ONLINE-W	F-score: 0.432
ONLINE-W	F-score: 0.691
ONLINE-W	F-score: 0.609
ONLINE-W	F-score: 0.370
ONLINE-W	F-score: 0.818
ONLINE-W	F-score: 0.500
ONLINE-W	F-score: 0.368
ONLINE-W	F-score: 0.500
ONLINE-W	F-score: 0.488
ONLINE-W	F-score: 0.462
ONLINE-W	F-score: 0.552
ONLINE-W	F-score: 0.500
ONLINE-W	F-score: 0.515
ONLINE-W	F-score: 0.269
ONLINE-W	F-score: 0.500
ONLINE-W	F-score: 0.318
ONLINE-W	F-score: 0.567
ONLINE-W	F-score: 0.167
ONLINE-W	F-score: 0.605
ONLINE-W	F-score: 0.400
ONLINE-W	F-score: 0.556
ONLINE-W	F-score: 0.785
ONLINE-W	F-score: 0.750
ONLINE-W	F-score: 0.400
ONLINE-W	F-score: 0.621
ONLINE-W	F-score: 0.627
ONLINE-W	F-score: 0.571
ONLINE-W	F-score: 0.750
ONLINE-W	F-score: 0.529
ONLINE-W	F-score: 0.812
ONLINE-W	F-score: 0.408
ONLINE-W	F-score: 0.333
ONLINE-W	F-score: 0.733
ONLINE-W	F-score: 0.476
ONLINE-W	F-score: 0.483
ONLINE-W	F-score: 0.492
ONLINE-W	F-score: 0.855
ONLINE-W	F-score: 0.364
ONLINE-W	F-score: 0.235
ONLINE-W	F-score: 0.667
ONLINE-W	F-score: 0.609
ONLINE-W	F-score: 0.324
ONLINE-W	F-score: 0.586
ONLINE-W	F-score: 0.667
ONLINE-W	F-score: 0.565
ONLINE-W	F-score: 0.511
ONLINE-W	F-score: 0.750
ONLINE-W	F-score: 0.391
ONLINE-W	F-score: 0.875
ONLINE-W	F-score: 0.214
ONLINE-W	F-score: 0.526
ONLINE-W	F-score: 0.535
ONLINE-W	F-score: 0.463
ONLINE-W	F-score: 0.518
ONLINE-W	F-score: 0.455
ONLINE-W	F-score: 0.609
ONLINE-W	F-score: 0.400
ONLINE-W	F-score: 0.400
ONLINE-W	F-score: 0.536
ONLINE-W	F-score: 0.111
ONLINE-W	F-score: 0.667
ONLINE-W	F-score: 0.333
ONLINE-W	F-score: 0.523
ONLINE-W	F-score: 0.362
ONLINE-W	F-score: 0.512
ONLINE-W	F-score: 0.408
ONLINE-W	F-score: 0.522
ONLINE-W	F-score: 0.547
ONLINE-W	F-score: 0.200
ONLINE-W	F-score: 0.387
ONLINE-W	F-score: 0.250
ONLINE-W	F-score: 0.475
ONLINE-W	F-score: 0.553
ONLINE-W	F-score: 0.500
ONLINE-W	F-score: 0.606
ONLINE-W	F-score: 0.500
ONLINE-W	F-score: 0.424
ONLINE-W	F-score: 0.491
ONLINE-W	F-score: 0.337
ONLINE-W	F-score: 0.857
ONLINE-W	F-score: 0.750
ONLINE-W	F-score: 0.385
ONLINE-W	F-score: 0.471
ONLINE-W	F-score: 0.533
ONLINE-W	F-score: 0.333
ONLINE-W	F-score: 0.543
ONLINE-W	F-score: 0.250
ONLINE-W	F-score: 0.618
ONLINE-W	F-score: 0.521
ONLINE-W	F-score: 0.625
ONLINE-W	F-score: 0.403
ONLINE-W	F-score: 0.769
ONLINE-W	F-score: 0.737
ONLINE-W	F-score: 0.636
ONLINE-W	F-score: 0.686
ONLINE-W	F-score: 0.318
ONLINE-W	F-score: 0.494
ONLINE-W	F-score: 0.800
ONLINE-W	F-score: 0.520
ONLINE-W	F-score: 0.553
ONLINE-W	F-score: 0.745
ONLINE-W	F-score: 0.400
ONLINE-W	F-score: 0.531
ONLINE-W	F-score: 0.359
ONLINE-W	F-score: 0.500
ONLINE-W	F-score: 0.837
ONLINE-W	F-score: 0.691
ONLINE-W	F-score: 0.596
ONLINE-W	F-score: 0.723
ONLINE-W	F-score: 0.692
ONLINE-W	F-score: 0.391
ONLINE-W	F-score: 0.311
ONLINE-W	F-score: 0.667
ONLINE-W	F-score: 0.625
ONLINE-W	F-score: 0.651
ONLINE-W	F-score: 0.731
ONLINE-W	F-score: 0.903
ONLINE-W	F-score: 0.540
ONLINE-W	F-score: 0.800
ONLINE-W	F-score: 0.727
ONLINE-W	F-score: 0.095
ONLINE-W	F-score: 0.462
ONLINE-W	F-score: 0.444
ONLINE-W	F-score: 0.524
ONLINE-W	F-score: 0.800
ONLINE-W	F-score: 0.511
ONLINE-W	F-score: 0.350
ONLINE-W	F-score: 0.417
ONLINE-W	F-score: 0.536
ONLINE-W	F-score: 0.575
ONLINE-W	F-score: 0.658
ONLINE-W	F-score: 0.444
ONLINE-W	F-score: 0.523
ONLINE-W	F-score: 1.000
ONLINE-W	F-score: 0.716
ONLINE-W	F-score: 0.638
ONLINE-W	F-score: 1.000
ONLINE-W	F-score: 0.679
ONLINE-W	F-score: 0.333
ONLINE-W	F-score: 0.372
ONLINE-W	F-score: 0.366
ONLINE-W	F-score: 0.330
ONLINE-W	F-score: 0.500
ONLINE-W	F-score: 0.431
ONLINE-W	F-score: 0.658
ONLINE-W	F-score: 0.432
ONLINE-W	F-score: 0.600
ONLINE-W	F-score: 0.636
ONLINE-W	F-score: 0.167
ONLINE-W	F-score: 0.875
ONLINE-W	F-score: 0.500
ONLINE-W	F-score: 0.417
ONLINE-W	F-score: 0.513
ONLINE-W	F-score: 0.700
ONLINE-W	F-score: 0.333
ONLINE-W	F-score: 0.544
ONLINE-W	F-score: 0.528
ONLINE-W	F-score: 0.739
ONLINE-W	F-score: 0.833
ONLINE-W	F-score: 0.567
ONLINE-W	F-score: 0.750
ONLINE-W	F-score: 0.444
ONLINE-W	F-score: 0.667
ONLINE-W	F-score: 0.296
ONLINE-W	F-score: 1.000
ONLINE-W	F-score: 0.421
ONLINE-W	F-score: 0.544
ONLINE-W	F-score: 0.658
ONLINE-W	F-score: 0.638
ONLINE-W	F-score: 0.667
ONLINE-W	F-score: 0.218
ONLINE-W	F-score: 0.500
ONLINE-W	F-score: 0.563
ONLINE-W	F-score: 0.875
ONLINE-W	F-score: 0.468
ONLINE-W	F-score: 0.550
ONLINE-W	F-score: 0.533
ONLINE-W	F-score: 0.489
ONLINE-W	F-score: 0.464
ONLINE-W	F-score: 0.393
ONLINE-W	F-score: 0.389
ONLINE-W	F-score: 0.469
ONLINE-W	F-score: 0.200
ONLINE-W	F-score: 0.513
ONLINE-W	F-score: 0.399
ONLINE-W	F-score: 0.516
ONLINE-W	F-score: 0.548
ONLINE-W	F-score: 0.500
ONLINE-W	F-score: 0.522
ONLINE-W	F-score: 0.837
ONLINE-W	F-score: 0.222
ONLINE-W	F-score: 0.875
ONLINE-W	F-score: 0.485
ONLINE-W	F-score: 0.238
ONLINE-W	F-score: 0.611
ONLINE-W	F-score: 0.574
ONLINE-W	F-score: 0.692
ONLINE-W	F-score: 0.494
ONLINE-W	F-score: 0.571
ONLINE-W	F-score: 0.500
ONLINE-W	F-score: 0.406
ONLINE-W	F-score: 0.680
ONLINE-W	F-score: 0.610
ONLINE-W	F-score: 0.600
ONLINE-W	F-score: 0.600
ONLINE-W	F-score: 0.333
ONLINE-W	F-score: 0.923
ONLINE-W	F-score: 0.571
ONLINE-W	F-score: 0.571
ONLINE-W	F-score: 0.750
ONLINE-W	F-score: 0.286
ONLINE-W	F-score: 0.111
ONLINE-W	F-score: 0.593
ONLINE-W	F-score: 0.500
ONLINE-W	F-score: 0.381
ONLINE-W	F-score: 0.667
ONLINE-W	F-score: 0.353
ONLINE-W	F-score: 0.857
ONLINE-W	F-score: 0.550
ONLINE-W	F-score: 0.571
ONLINE-W	F-score: 0.588
ONLINE-W	F-score: 0.846
ONLINE-W	F-score: 0.500
ONLINE-W	F-score: 0.267
ONLINE-W	F-score: 0.627
ONLINE-W	F-score: 1.000
ONLINE-W	F-score: 0.431
ONLINE-W	F-score: 0.294
ONLINE-W	F-score: 0.361
ONLINE-W	F-score: 0.400
ONLINE-W	F-score: 0.494
ONLINE-W	F-score: 0.417
ONLINE-W	F-score: 0.875
ONLINE-W	F-score: 0.467
ONLINE-W	F-score: 0.061
ONLINE-W	F-score: 0.513
ONLINE-W	F-score: 0.500
ONLINE-W	F-score: 0.833
ONLINE-W	F-score: 0.450
ONLINE-W	F-score: 0.625
ONLINE-W	F-score: 0.635
ONLINE-W	F-score: 0.417
ONLINE-W	F-score: 0.750
ONLINE-W	F-score: 0.625
ONLINE-W	F-score: 0.672
ONLINE-W	F-score: 0.533
ONLINE-W	F-score: 0.750
ONLINE-W	F-score: 0.370
ONLINE-W	F-score: 0.360
ONLINE-W	F-score: 0.431
ONLINE-W	F-score: 0.429
ONLINE-W	F-score: 0.643
ONLINE-W	F-score: 0.727
ONLINE-W	F-score: 0.719
ONLINE-W	F-score: 0.400
ONLINE-W	F-score: 0.628
ONLINE-W	F-score: 0.320
ONLINE-W	F-score: 0.500
ONLINE-W	F-score: 0.222
ONLINE-W	F-score: 0.476
ONLINE-W	F-score: 0.615
ONLINE-W	F-score: 0.426
ONLINE-W	F-score: 0.423
ONLINE-W	F-score: 0.639
ONLINE-W	F-score: 0.320
ONLINE-W	F-score: 0.778
ONLINE-W	F-score: 1.000
ONLINE-W	F-score: 0.750
ONLINE-W	F-score: 0.519
ONLINE-W	F-score: 0.423
ONLINE-W	F-score: 0.625
ONLINE-W	F-score: 0.519
ONLINE-W	F-score: 0.636
ONLINE-W	F-score: 0.692
ONLINE-W	F-score: 0.633
ONLINE-W	F-score: 0.513
ONLINE-W	F-score: 1.000
ONLINE-W	F-score: 0.438
ONLINE-W	F-score: 0.471
ONLINE-W	F-score: 0.578
ONLINE-W	F-score: 0.875
ONLINE-W	F-score: 0.333
ONLINE-W	F-score: 0.382
ONLINE-W	F-score: 0.545
ONLINE-W	F-score: 0.692
ONLINE-W	F-score: 0.538
ONLINE-W	F-score: 0.407
ONLINE-W	F-score: 0.578
ONLINE-W	F-score: 0.641
ONLINE-W	F-score: 0.440
ONLINE-W	F-score: 0.594
ONLINE-W	F-score: 0.688
ONLINE-W	F-score: 0.636
ONLINE-W	F-score: 0.455
ONLINE-W	F-score: 0.627
ONLINE-W	F-score: 0.349
ONLINE-W	F-score: 0.455
ONLINE-W	F-score: 0.640
ONLINE-W	F-score: 0.762
ONLINE-W	F-score: 0.480
ONLINE-W	F-score: 1.000
ONLINE-W	F-score: 0.619
ONLINE-W	F-score: 0.447
ONLINE-W	F-score: 0.431
ONLINE-W	F-score: 0.612
ONLINE-W	F-score: 0.640
ONLINE-W	F-score: 0.639
ONLINE-W	F-score: 0.500
ONLINE-W	F-score: 0.548
ONLINE-W	F-score: 0.520
ONLINE-W	F-score: 0.447
ONLINE-W	F-score: 0.375
ONLINE-W	F-score: 0.483
ONLINE-W	F-score: 0.440
ONLINE-W	F-score: 0.684
ONLINE-W	F-score: 0.667
ONLINE-W	F-score: 0.588
ONLINE-W	F-score: 0.391
ONLINE-W	F-score: 0.483
ONLINE-W	F-score: 0.857
ONLINE-W	F-score: 0.713
ONLINE-W	F-score: 0.400
ONLINE-W	F-score: 0.500
ONLINE-Y	F-score: 0.608
ONLINE-Y	F-score: 0.454
ONLINE-Y	F-score: 0.733
ONLINE-Y	F-score: 0.556
ONLINE-Y	F-score: 0.480
ONLINE-Y	F-score: 0.414
ONLINE-Y	F-score: 0.429
ONLINE-Y	F-score: 0.328
ONLINE-Y	F-score: 0.582
ONLINE-Y	F-score: 0.900
ONLINE-Y	F-score: 0.857
ONLINE-Y	F-score: 0.649
ONLINE-Y	F-score: 0.333
ONLINE-Y	F-score: 0.733
ONLINE-Y	F-score: 0.909
ONLINE-Y	F-score: 0.472
ONLINE-Y	F-score: 0.306
ONLINE-Y	F-score: 0.167
ONLINE-Y	F-score: 0.643
ONLINE-Y	F-score: 0.512
ONLINE-Y	F-score: 0.433
ONLINE-Y	F-score: 0.400
ONLINE-Y	F-score: 0.278
ONLINE-Y	F-score: 0.750
ONLINE-Y	F-score: 0.647
ONLINE-Y	F-score: 0.800
ONLINE-Y	F-score: 0.486
ONLINE-Y	F-score: 0.625
ONLINE-Y	F-score: 0.235
ONLINE-Y	F-score: 0.615
ONLINE-Y	F-score: 0.789
ONLINE-Y	F-score: 1.000
ONLINE-Y	F-score: 0.579
ONLINE-Y	F-score: 1.000
ONLINE-Y	F-score: 0.571
ONLINE-Y	F-score: 0.333
ONLINE-Y	F-score: 0.667
ONLINE-Y	F-score: 0.167
ONLINE-Y	F-score: 0.419
ONLINE-Y	F-score: 0.423
ONLINE-Y	F-score: 0.857
ONLINE-Y	F-score: 0.521
ONLINE-Y	F-score: 0.357
ONLINE-Y	F-score: 0.600
ONLINE-Y	F-score: 0.439
ONLINE-Y	F-score: 0.538
ONLINE-Y	F-score: 0.375
ONLINE-Y	F-score: 0.333
ONLINE-Y	F-score: 0.324
ONLINE-Y	F-score: 0.200
ONLINE-Y	F-score: 1.000
ONLINE-Y	F-score: 0.308
ONLINE-Y	F-score: 0.545
ONLINE-Y	F-score: 0.349
ONLINE-Y	F-score: 0.531
ONLINE-Y	F-score: 0.291
ONLINE-Y	F-score: 0.385
ONLINE-Y	F-score: 0.578
ONLINE-Y	F-score: 0.250
ONLINE-Y	F-score: 0.467
ONLINE-Y	F-score: 0.230
ONLINE-Y	F-score: 0.316
ONLINE-Y	F-score: 0.419
ONLINE-Y	F-score: 0.444
ONLINE-Y	F-score: 0.327
ONLINE-Y	F-score: 0.430
ONLINE-Y	F-score: 0.389
ONLINE-Y	F-score: 0.500
ONLINE-Y	F-score: 0.615
ONLINE-Y	F-score: 0.320
ONLINE-Y	F-score: 0.615
ONLINE-Y	F-score: 0.571
ONLINE-Y	F-score: 0.371
ONLINE-Y	F-score: 0.514
ONLINE-Y	F-score: 0.500
ONLINE-Y	F-score: 0.083
ONLINE-Y	F-score: 0.360
ONLINE-Y	F-score: 0.372
ONLINE-Y	F-score: 0.625
ONLINE-Y	F-score: 0.231
ONLINE-Y	F-score: 0.714
ONLINE-Y	F-score: 0.400
ONLINE-Y	F-score: 0.818
ONLINE-Y	F-score: 0.615
ONLINE-Y	F-score: 0.581
ONLINE-Y	F-score: 0.500
ONLINE-Y	F-score: 0.600
ONLINE-Y	F-score: 0.571
ONLINE-Y	F-score: 0.348
ONLINE-Y	F-score: 0.520
ONLINE-Y	F-score: 0.625
ONLINE-Y	F-score: 0.842
ONLINE-Y	F-score: 0.295
ONLINE-Y	F-score: 0.250
ONLINE-Y	F-score: 1.000
ONLINE-Y	F-score: 0.841
ONLINE-Y	F-score: 1.000
ONLINE-Y	F-score: 0.404
ONLINE-Y	F-score: 0.864
ONLINE-Y	F-score: 0.568
ONLINE-Y	F-score: 0.400
ONLINE-Y	F-score: 0.400
ONLINE-Y	F-score: 0.339
ONLINE-Y	F-score: 0.693
ONLINE-Y	F-score: 0.524
ONLINE-Y	F-score: 0.333
ONLINE-Y	F-score: 0.308
ONLINE-Y	F-score: 0.600
ONLINE-Y	F-score: 0.545
ONLINE-Y	F-score: 0.481
ONLINE-Y	F-score: 0.351
ONLINE-Y	F-score: 0.333
ONLINE-Y	F-score: 0.333
ONLINE-Y	F-score: 0.500
ONLINE-Y	F-score: 0.521
ONLINE-Y	F-score: 0.727
ONLINE-Y	F-score: 0.333
ONLINE-Y	F-score: 0.250
ONLINE-Y	F-score: 0.167
ONLINE-Y	F-score: 0.370
ONLINE-Y	F-score: 0.143
ONLINE-Y	F-score: 0.200
ONLINE-Y	F-score: 0.261
ONLINE-Y	F-score: 0.667
ONLINE-Y	F-score: 0.409
ONLINE-Y	F-score: 0.282
ONLINE-Y	F-score: 0.667
ONLINE-Y	F-score: 1.000
ONLINE-Y	F-score: 0.333
ONLINE-Y	F-score: 0.621
ONLINE-Y	F-score: 0.500
ONLINE-Y	F-score: 0.267
ONLINE-Y	F-score: 0.333
ONLINE-Y	F-score: 0.500
ONLINE-Y	F-score: 0.357
ONLINE-Y	F-score: 0.207
ONLINE-Y	F-score: 0.348
ONLINE-Y	F-score: 1.000
ONLINE-Y	F-score: 0.333
ONLINE-Y	F-score: 0.571
ONLINE-Y	F-score: 0.462
ONLINE-Y	F-score: 0.430
ONLINE-Y	F-score: 0.545
ONLINE-Y	F-score: 0.154
ONLINE-Y	F-score: 0.636
ONLINE-Y	F-score: 0.286
ONLINE-Y	F-score: 0.538
ONLINE-Y	F-score: 0.526
ONLINE-Y	F-score: 0.377
ONLINE-Y	F-score: 0.343
ONLINE-Y	F-score: 0.462
ONLINE-Y	F-score: 0.464
ONLINE-Y	F-score: 0.506
ONLINE-Y	F-score: 0.292
ONLINE-Y	F-score: 0.377
ONLINE-Y	F-score: 0.554
ONLINE-Y	F-score: 0.390
ONLINE-Y	F-score: 0.424
ONLINE-Y	F-score: 0.483
ONLINE-Y	F-score: 0.500
ONLINE-Y	F-score: 0.364
ONLINE-Y	F-score: 0.789
ONLINE-Y	F-score: 0.694
ONLINE-Y	F-score: 0.944
ONLINE-Y	F-score: 0.612
ONLINE-Y	F-score: 0.617
ONLINE-Y	F-score: 0.500
ONLINE-Y	F-score: 0.653
ONLINE-Y	F-score: 0.588
ONLINE-Y	F-score: 0.746
ONLINE-Y	F-score: 0.605
ONLINE-Y	F-score: 0.400
ONLINE-Y	F-score: 0.235
ONLINE-Y	F-score: 0.323
ONLINE-Y	F-score: 0.529
ONLINE-Y	F-score: 0.188
ONLINE-Y	F-score: 0.485
ONLINE-Y	F-score: 0.424
ONLINE-Y	F-score: 0.095
ONLINE-Y	F-score: 0.273
ONLINE-Y	F-score: 0.297
ONLINE-Y	F-score: 0.267
ONLINE-Y	F-score: 0.167
ONLINE-Y	F-score: 0.400
ONLINE-Y	F-score: 0.313
ONLINE-Y	F-score: 0.378
ONLINE-Y	F-score: 0.411
ONLINE-Y	F-score: 0.231
ONLINE-Y	F-score: 0.444
ONLINE-Y	F-score: 0.100
ONLINE-Y	F-score: 1.000
ONLINE-Y	F-score: 0.375
ONLINE-Y	F-score: 0.536
ONLINE-Y	F-score: 0.400
ONLINE-Y	F-score: 0.472
ONLINE-Y	F-score: 0.600
ONLINE-Y	F-score: 0.462
ONLINE-Y	F-score: 0.550
ONLINE-Y	F-score: 0.653
ONLINE-Y	F-score: 0.353
ONLINE-Y	F-score: 0.512
ONLINE-Y	F-score: 0.370
ONLINE-Y	F-score: 0.427
ONLINE-Y	F-score: 0.419
ONLINE-Y	F-score: 0.522
ONLINE-Y	F-score: 0.533
ONLINE-Y	F-score: 0.417
ONLINE-Y	F-score: 0.579
ONLINE-Y	F-score: 0.333
ONLINE-Y	F-score: 0.533
ONLINE-Y	F-score: 0.298
ONLINE-Y	F-score: 0.435
ONLINE-Y	F-score: 0.290
ONLINE-Y	F-score: 0.448
ONLINE-Y	F-score: 0.448
ONLINE-Y	F-score: 0.600
ONLINE-Y	F-score: 0.367
ONLINE-Y	F-score: 0.250
ONLINE-Y	F-score: 0.273
ONLINE-Y	F-score: 0.492
ONLINE-Y	F-score: 0.383
ONLINE-Y	F-score: 0.323
ONLINE-Y	F-score: 0.435
ONLINE-Y	F-score: 0.200
ONLINE-Y	F-score: 0.270
ONLINE-Y	F-score: 0.316
ONLINE-Y	F-score: 0.483
ONLINE-Y	F-score: 0.542
ONLINE-Y	F-score: 0.377
ONLINE-Y	F-score: 0.565
ONLINE-Y	F-score: 0.377
ONLINE-Y	F-score: 0.471
ONLINE-Y	F-score: 0.240
ONLINE-Y	F-score: 0.373
ONLINE-Y	F-score: 0.263
ONLINE-Y	F-score: 1.000
ONLINE-Y	F-score: 0.818
ONLINE-Y	F-score: 0.733
ONLINE-Y	F-score: 0.703
ONLINE-Y	F-score: 0.659
ONLINE-Y	F-score: 0.735
ONLINE-Y	F-score: 0.927
ONLINE-Y	F-score: 0.925
ONLINE-Y	F-score: 0.821
ONLINE-Y	F-score: 0.712
ONLINE-Y	F-score: 0.553
ONLINE-Y	F-score: 0.429
ONLINE-Y	F-score: 0.506
ONLINE-Y	F-score: 0.667
ONLINE-Y	F-score: 0.369
ONLINE-Y	F-score: 0.344
ONLINE-Y	F-score: 0.267
ONLINE-Y	F-score: 0.435
ONLINE-Y	F-score: 0.348
ONLINE-Y	F-score: 0.395
ONLINE-Y	F-score: 0.323
ONLINE-Y	F-score: 0.833
ONLINE-Y	F-score: 0.500
ONLINE-Y	F-score: 0.294
ONLINE-Y	F-score: 0.458
ONLINE-Y	F-score: 0.430
ONLINE-Y	F-score: 0.508
ONLINE-Y	F-score: 0.359
ONLINE-Y	F-score: 0.571
ONLINE-Y	F-score: 0.507
ONLINE-Y	F-score: 0.611
ONLINE-Y	F-score: 0.328
ONLINE-Y	F-score: 0.385
ONLINE-Y	F-score: 0.438
ONLINE-Y	F-score: 0.596
ONLINE-Y	F-score: 0.625
ONLINE-Y	F-score: 0.383
ONLINE-Y	F-score: 0.500
ONLINE-Y	F-score: 0.305
ONLINE-Y	F-score: 0.593
ONLINE-Y	F-score: 0.405
ONLINE-Y	F-score: 0.395
ONLINE-Y	F-score: 0.218
ONLINE-Y	F-score: 0.339
ONLINE-Y	F-score: 0.750
ONLINE-Y	F-score: 1.000
ONLINE-Y	F-score: 0.480
ONLINE-Y	F-score: 0.688
ONLINE-Y	F-score: 0.741
ONLINE-Y	F-score: 0.312
ONLINE-Y	F-score: 0.667
ONLINE-Y	F-score: 0.466
ONLINE-Y	F-score: 0.569
ONLINE-Y	F-score: 0.565
ONLINE-Y	F-score: 0.595
ONLINE-Y	F-score: 0.455
ONLINE-Y	F-score: 0.158
ONLINE-Y	F-score: 0.447
ONLINE-Y	F-score: 0.239
ONLINE-Y	F-score: 0.407
ONLINE-Y	F-score: 0.412
ONLINE-Y	F-score: 0.424
ONLINE-Y	F-score: 0.509
ONLINE-Y	F-score: 0.429
ONLINE-Y	F-score: 0.609
ONLINE-Y	F-score: 0.667
ONLINE-Y	F-score: 0.456
ONLINE-Y	F-score: 0.333
ONLINE-Y	F-score: 0.514
ONLINE-Y	F-score: 0.430
ONLINE-Y	F-score: 0.833
ONLINE-Y	F-score: 0.656
ONLINE-Y	F-score: 0.500
ONLINE-Y	F-score: 0.553
ONLINE-Y	F-score: 0.396
ONLINE-Y	F-score: 0.345
ONLINE-Y	F-score: 0.615
ONLINE-Y	F-score: 0.473
ONLINE-Y	F-score: 0.571
ONLINE-Y	F-score: 0.778
ONLINE-Y	F-score: 0.578
ONLINE-Y	F-score: 0.746
ONLINE-Y	F-score: 0.843
ONLINE-Y	F-score: 0.552
ONLINE-Y	F-score: 0.769
ONLINE-Y	F-score: 0.824
ONLINE-Y	F-score: 0.676
ONLINE-Y	F-score: 0.774
ONLINE-Y	F-score: 0.778
ONLINE-Y	F-score: 0.515
ONLINE-Y	F-score: 0.356
ONLINE-Y	F-score: 0.207
ONLINE-Y	F-score: 0.296
ONLINE-Y	F-score: 0.279
ONLINE-Y	F-score: 0.291
ONLINE-Y	F-score: 0.576
ONLINE-Y	F-score: 0.484
ONLINE-Y	F-score: 0.550
ONLINE-Y	F-score: 0.316
ONLINE-Y	F-score: 0.267
ONLINE-Y	F-score: 0.357
ONLINE-Y	F-score: 0.268
ONLINE-Y	F-score: 0.364
ONLINE-Y	F-score: 0.325
ONLINE-Y	F-score: 0.430
ONLINE-Y	F-score: 0.533
ONLINE-Y	F-score: 0.433
ONLINE-Y	F-score: 0.593
ONLINE-Y	F-score: 0.429
ONLINE-Y	F-score: 0.356
ONLINE-Y	F-score: 0.364
ONLINE-Y	F-score: 0.231
ONLINE-Y	F-score: 0.393
ONLINE-Y	F-score: 0.403
ONLINE-Y	F-score: 0.500
ONLINE-Y	F-score: 0.653
ONLINE-Y	F-score: 0.720
ONLINE-Y	F-score: 0.750
ONLINE-Y	F-score: 0.591
ONLINE-Y	F-score: 0.603
ONLINE-Y	F-score: 0.690
ONLINE-Y	F-score: 0.575
ONLINE-Y	F-score: 0.794
ONLINE-Y	F-score: 0.750
ONLINE-Y	F-score: 0.829
ONLINE-Y	F-score: 0.480
ONLINE-Y	F-score: 0.688
ONLINE-Y	F-score: 0.541
ONLINE-Y	F-score: 0.383
ONLINE-Y	F-score: 0.754
ONLINE-Y	F-score: 0.578
ONLINE-Y	F-score: 0.605
ONLINE-Y	F-score: 0.429
ONLINE-Y	F-score: 0.591
ONLINE-Y	F-score: 0.781
ONLINE-Y	F-score: 0.600
ONLINE-Y	F-score: 0.618
ONLINE-Y	F-score: 0.389
ONLINE-Y	F-score: 0.833
ONLINE-Y	F-score: 0.623
ONLINE-Y	F-score: 0.656
ONLINE-Y	F-score: 0.505
ONLINE-Y	F-score: 0.698
ONLINE-Y	F-score: 0.696
ONLINE-Y	F-score: 0.667
ONLINE-Y	F-score: 0.400
ONLINE-Y	F-score: 0.200
ONLINE-Y	F-score: 0.750
ONLINE-Y	F-score: 0.388
ONLINE-Y	F-score: 1.000
ONLINE-Y	F-score: 0.381
ONLINE-Y	F-score: 0.720
ONLINE-Y	F-score: 0.368
ONLINE-Y	F-score: 0.424
ONLINE-Y	F-score: 0.681
ONLINE-Y	F-score: 0.377
ONLINE-Y	F-score: 0.430
ONLINE-Y	F-score: 0.714
ONLINE-Y	F-score: 0.286
ONLINE-Y	F-score: 0.713
ONLINE-Y	F-score: 0.848
ONLINE-Y	F-score: 0.609
ONLINE-Y	F-score: 1.000
ONLINE-Y	F-score: 0.485
ONLINE-Y	F-score: 0.659
ONLINE-Y	F-score: 0.571
ONLINE-Y	F-score: 0.455
ONLINE-Y	F-score: 0.471
ONLINE-Y	F-score: 0.513
ONLINE-Y	F-score: 0.500
ONLINE-Y	F-score: 0.413
ONLINE-Y	F-score: 0.431
ONLINE-Y	F-score: 0.385
ONLINE-Y	F-score: 1.000
ONLINE-Y	F-score: 0.531
ONLINE-Y	F-score: 0.611
ONLINE-Y	F-score: 0.333
ONLINE-Y	F-score: 0.408
ONLINE-Y	F-score: 0.514
ONLINE-Y	F-score: 0.750
ONLINE-Y	F-score: 0.400
ONLINE-Y	F-score: 0.403
ONLINE-Y	F-score: 0.214
ONLINE-Y	F-score: 0.583
ONLINE-Y	F-score: 0.909
ONLINE-Y	F-score: 0.333
ONLINE-Y	F-score: 0.531
ONLINE-Y	F-score: 0.571
ONLINE-Y	F-score: 0.476
ONLINE-Y	F-score: 0.320
ONLINE-Y	F-score: 1.000
ONLINE-Y	F-score: 0.591
ONLINE-Y	F-score: 0.424
ONLINE-Y	F-score: 0.552
ONLINE-Y	F-score: 0.507
ONLINE-Y	F-score: 0.947
ONLINE-Y	F-score: 0.495
ONLINE-Y	F-score: 1.000
ONLINE-Y	F-score: 0.412
ONLINE-Y	F-score: 0.714
ONLINE-Y	F-score: 0.833
ONLINE-Y	F-score: 0.435
ONLINE-Y	F-score: 0.538
ONLINE-Y	F-score: 0.467
ONLINE-Y	F-score: 0.455
ONLINE-Y	F-score: 0.211
ONLINE-Y	F-score: 0.390
ONLINE-Y	F-score: 0.900
ONLINE-Y	F-score: 0.449
ONLINE-Y	F-score: 0.457
ONLINE-Y	F-score: 0.600
ONLINE-Y	F-score: 1.000
ONLINE-Y	F-score: 1.000
ONLINE-Y	F-score: 0.395
ONLINE-Y	F-score: 0.436
ONLINE-Y	F-score: 0.625
ONLINE-Y	F-score: 0.394
ONLINE-Y	F-score: 0.591
ONLINE-Y	F-score: 0.667
ONLINE-Y	F-score: 0.500
ONLINE-Y	F-score: 1.000
ONLINE-Y	F-score: 0.873
ONLINE-Y	F-score: 0.455
ONLINE-Y	F-score: 0.738
ONLINE-Y	F-score: 1.000
ONLINE-Y	F-score: 0.167
ONLINE-Y	F-score: 0.688
ONLINE-Y	F-score: 0.154
ONLINE-Y	F-score: 0.700
ONLINE-Y	F-score: 0.316
ONLINE-Y	F-score: 0.625
ONLINE-Y	F-score: 0.341
ONLINE-Y	F-score: 0.400
ONLINE-Y	F-score: 0.624
ONLINE-Y	F-score: 0.600
ONLINE-Y	F-score: 0.458
ONLINE-Y	F-score: 0.474
ONLINE-Y	F-score: 0.581
ONLINE-Y	F-score: 0.531
ONLINE-Y	F-score: 0.462
ONLINE-Y	F-score: 0.875
ONLINE-Y	F-score: 0.722
ONLINE-Y	F-score: 0.571
ONLINE-Y	F-score: 0.571
ONLINE-Y	F-score: 0.419
ONLINE-Y	F-score: 0.522
ONLINE-Y	F-score: 0.571
ONLINE-Y	F-score: 0.250
ONLINE-Y	F-score: 0.447
ONLINE-Y	F-score: 0.400
ONLINE-Y	F-score: 0.558
ONLINE-Y	F-score: 0.492
ONLINE-Y	F-score: 0.711
ONLINE-Y	F-score: 0.613
ONLINE-Y	F-score: 0.752
ONLINE-Y	F-score: 0.637
ONLINE-Y	F-score: 0.705
ONLINE-Y	F-score: 0.642
ONLINE-Y	F-score: 0.706
ONLINE-Y	F-score: 0.882
ONLINE-Y	F-score: 0.689
ONLINE-Y	F-score: 0.488
ONLINE-Y	F-score: 0.564
ONLINE-Y	F-score: 0.571
ONLINE-Y	F-score: 0.634
ONLINE-Y	F-score: 0.690
ONLINE-Y	F-score: 0.531
ONLINE-Y	F-score: 0.806
ONLINE-Y	F-score: 0.559
ONLINE-Y	F-score: 0.531
ONLINE-Y	F-score: 0.492
ONLINE-Y	F-score: 0.696
ONLINE-Y	F-score: 0.911
ONLINE-Y	F-score: 0.641
ONLINE-Y	F-score: 0.795
ONLINE-Y	F-score: 0.444
ONLINE-Y	F-score: 0.584
ONLINE-Y	F-score: 0.489
ONLINE-Y	F-score: 0.655
ONLINE-Y	F-score: 0.542
ONLINE-Y	F-score: 0.351
ONLINE-Y	F-score: 0.343
ONLINE-Y	F-score: 0.532
ONLINE-Y	F-score: 0.582
ONLINE-Y	F-score: 0.615
ONLINE-Y	F-score: 0.506
ONLINE-Y	F-score: 1.095
ONLINE-Y	F-score: 0.478
ONLINE-Y	F-score: 0.786
ONLINE-Y	F-score: 0.692
ONLINE-Y	F-score: 0.575
ONLINE-Y	F-score: 0.718
ONLINE-Y	F-score: 0.619
ONLINE-Y	F-score: 0.636
ONLINE-Y	F-score: 0.375
ONLINE-Y	F-score: 0.400
ONLINE-Y	F-score: 0.307
ONLINE-Y	F-score: 0.329
ONLINE-Y	F-score: 0.326
ONLINE-Y	F-score: 0.236
ONLINE-Y	F-score: 0.402
ONLINE-Y	F-score: 0.269
ONLINE-Y	F-score: 0.237
ONLINE-Y	F-score: 0.345
ONLINE-Y	F-score: 0.288
ONLINE-Y	F-score: 0.424
ONLINE-Y	F-score: 0.367
ONLINE-Y	F-score: 0.273
ONLINE-Y	F-score: 0.426
ONLINE-Y	F-score: 0.334
ONLINE-Y	F-score: 0.600
ONLINE-Y	F-score: 0.444
ONLINE-Y	F-score: 0.667
ONLINE-Y	F-score: 0.517
ONLINE-Y	F-score: 0.673
ONLINE-Y	F-score: 0.723
ONLINE-Y	F-score: 0.492
ONLINE-Y	F-score: 0.522
ONLINE-Y	F-score: 0.535
ONLINE-Y	F-score: 0.709
ONLINE-Y	F-score: 0.577
ONLINE-Y	F-score: 0.500
ONLINE-Y	F-score: 0.465
ONLINE-Y	F-score: 0.426
ONLINE-Y	F-score: 0.423
ONLINE-Y	F-score: 0.372
ONLINE-Y	F-score: 0.581
ONLINE-Y	F-score: 0.352
ONLINE-Y	F-score: 0.500
ONLINE-Y	F-score: 0.564
ONLINE-Y	F-score: 0.527
ONLINE-Y	F-score: 0.429
ONLINE-Y	F-score: 0.442
ONLINE-Y	F-score: 0.774
ONLINE-Y	F-score: 0.727
ONLINE-Y	F-score: 0.628
ONLINE-Y	F-score: 0.549
ONLINE-Y	F-score: 0.588
ONLINE-Y	F-score: 0.426
ONLINE-Y	F-score: 0.667
ONLINE-Y	F-score: 0.526
ONLINE-Y	F-score: 0.640
ONLINE-Y	F-score: 0.698
ONLINE-Y	F-score: 0.300
ONLINE-Y	F-score: 0.529
ONLINE-Y	F-score: 0.688
ONLINE-Y	F-score: 0.578
ONLINE-Y	F-score: 0.533
ONLINE-Y	F-score: 0.571
ONLINE-Y	F-score: 0.563
ONLINE-Y	F-score: 0.516
ONLINE-Y	F-score: 0.434
ONLINE-Y	F-score: 0.314
ONLINE-Y	F-score: 0.375
ONLINE-Y	F-score: 0.290
ONLINE-Y	F-score: 0.439
ONLINE-Y	F-score: 0.261
ONLINE-Y	F-score: 0.439
ONLINE-Y	F-score: 0.278
ONLINE-Y	F-score: 0.436
ONLINE-Y	F-score: 0.364
ONLINE-Y	F-score: 0.654
ONLINE-Y	F-score: 0.528
ONLINE-Y	F-score: 0.600
ONLINE-Y	F-score: 0.655
ONLINE-Y	F-score: 0.513
ONLINE-Y	F-score: 0.679
ONLINE-Y	F-score: 0.540
ONLINE-Y	F-score: 0.659
ONLINE-Y	F-score: 0.772
ONLINE-Y	F-score: 0.339
ONLINE-Y	F-score: 0.354
ONLINE-Y	F-score: 0.370
ONLINE-Y	F-score: 0.447
ONLINE-Y	F-score: 0.335
ONLINE-Y	F-score: 0.547
ONLINE-Y	F-score: 0.419
ONLINE-Y	F-score: 0.457
ONLINE-Y	F-score: 0.376
ONLINE-Y	F-score: 0.390
ONLINE-Y	F-score: 0.317
ONLINE-Y	F-score: 0.406
ONLINE-Y	F-score: 0.527
ONLINE-Y	F-score: 0.609
ONLINE-Y	F-score: 0.636
ONLINE-Y	F-score: 0.926
ONLINE-Y	F-score: 0.751
ONLINE-Y	F-score: 0.759
ONLINE-Y	F-score: 0.653
ONLINE-Y	F-score: 0.523
ONLINE-Y	F-score: 0.842
ONLINE-Y	F-score: 0.944
ONLINE-Y	F-score: 0.709
ONLINE-Y	F-score: 0.350
ONLINE-Y	F-score: 0.505
ONLINE-Y	F-score: 0.294
ONLINE-Y	F-score: 0.372
ONLINE-Y	F-score: 0.293
ONLINE-Y	F-score: 0.481
ONLINE-Y	F-score: 0.492
ONLINE-Y	F-score: 0.400
ONLINE-Y	F-score: 0.483
ONLINE-Y	F-score: 0.600
ONLINE-Y	F-score: 0.578
ONLINE-Y	F-score: 0.806
ONLINE-Y	F-score: 0.911
ONLINE-Y	F-score: 0.925
ONLINE-Y	F-score: 0.528
ONLINE-Y	F-score: 0.491
ONLINE-Y	F-score: 0.441
ONLINE-Y	F-score: 0.632
ONLINE-Y	F-score: 0.463
ONLINE-Y	F-score: 0.407
ONLINE-Y	F-score: 0.413
ONLINE-Y	F-score: 0.333
ONLINE-Y	F-score: 0.389
ONLINE-Y	F-score: 0.381
ONLINE-Y	F-score: 0.345
ONLINE-Y	F-score: 0.456
ONLINE-Y	F-score: 0.625
ONLINE-Y	F-score: 0.500
ONLINE-Y	F-score: 0.308
ONLINE-Y	F-score: 0.444
ONLINE-Y	F-score: 0.598
ONLINE-Y	F-score: 0.677
ONLINE-Y	F-score: 0.672
ONLINE-Y	F-score: 0.554
ONLINE-Y	F-score: 0.688
ONLINE-Y	F-score: 0.637
ONLINE-Y	F-score: 0.663
ONLINE-Y	F-score: 0.535
ONLINE-Y	F-score: 0.400
ONLINE-Y	F-score: 0.679
ONLINE-Y	F-score: 0.534
ONLINE-Y	F-score: 0.909
ONLINE-Y	F-score: 0.632
ONLINE-Y	F-score: 0.727
ONLINE-Y	F-score: 0.705
ONLINE-Y	F-score: 0.584
ONLINE-Y	F-score: 0.529
ONLINE-Y	F-score: 0.635
ONLINE-Y	F-score: 0.314
ONLINE-Y	F-score: 0.417
ONLINE-Y	F-score: 0.308
ONLINE-Y	F-score: 0.341
ONLINE-Y	F-score: 0.313
ONLINE-Y	F-score: 0.343
ONLINE-Y	F-score: 0.295
ONLINE-Y	F-score: 0.303
ONLINE-Y	F-score: 0.391
ONLINE-Y	F-score: 0.235
ONLINE-Y	F-score: 0.464
ONLINE-Y	F-score: 0.667
ONLINE-Y	F-score: 0.456
ONLINE-Y	F-score: 0.625
ONLINE-Y	F-score: 0.529
ONLINE-Y	F-score: 0.688
ONLINE-Y	F-score: 0.564
ONLINE-Y	F-score: 0.615
ONLINE-Y	F-score: 0.763
ONLINE-Y	F-score: 1.000
ONLINE-Y	F-score: 0.504
ONLINE-Y	F-score: 0.550
ONLINE-Y	F-score: 0.646
ONLINE-Y	F-score: 0.411
ONLINE-Y	F-score: 0.530
ONLINE-Y	F-score: 0.529
ONLINE-Y	F-score: 1.000
ONLINE-Y	F-score: 0.537
ONLINE-Y	F-score: 0.490
ONLINE-Y	F-score: 0.332
ONLINE-Y	F-score: 0.635
ONLINE-Y	F-score: 0.356
ONLINE-Y	F-score: 0.460
ONLINE-Y	F-score: 0.533
ONLINE-Y	F-score: 0.587
ONLINE-Y	F-score: 0.563
ONLINE-Y	F-score: 0.383
ONLINE-Y	F-score: 0.500
ONLINE-Y	F-score: 0.526
ONLINE-Y	F-score: 0.692
ONLINE-Y	F-score: 0.643
ONLINE-Y	F-score: 0.643
ONLINE-Y	F-score: 0.611
ONLINE-Y	F-score: 0.627
ONLINE-Y	F-score: 0.565
ONLINE-Y	F-score: 0.511
ONLINE-Y	F-score: 0.624
ONLINE-Y	F-score: 0.525
ONLINE-Y	F-score: 0.575
ONLINE-Y	F-score: 0.866
ONLINE-Y	F-score: 0.871
ONLINE-Y	F-score: 0.611
ONLINE-Y	F-score: 0.600
ONLINE-Y	F-score: 0.740
ONLINE-Y	F-score: 0.514
ONLINE-Y	F-score: 0.757
ONLINE-Y	F-score: 0.930
ONLINE-Y	F-score: 0.693
ONLINE-Y	F-score: 0.806
ONLINE-Y	F-score: 0.778
ONLINE-Y	F-score: 0.651
ONLINE-Y	F-score: 0.786
ONLINE-Y	F-score: 0.744
ONLINE-Y	F-score: 0.602
ONLINE-Y	F-score: 0.636
ONLINE-Y	F-score: 0.600
ONLINE-Y	F-score: 0.646
ONLINE-Y	F-score: 0.488
ONLINE-Y	F-score: 0.766
ONLINE-Y	F-score: 0.847
ONLINE-Y	F-score: 0.636
ONLINE-Y	F-score: 0.592
ONLINE-Y	F-score: 0.659
ONLINE-Y	F-score: 0.578
ONLINE-Y	F-score: 0.565
ONLINE-Y	F-score: 0.576
ONLINE-Y	F-score: 0.857
ONLINE-Y	F-score: 0.441
ONLINE-Y	F-score: 0.595
ONLINE-Y	F-score: 0.688
ONLINE-Y	F-score: 0.613
ONLINE-Y	F-score: 0.750
ONLINE-Y	F-score: 0.486
ONLINE-Y	F-score: 0.542
ONLINE-Y	F-score: 0.319
ONLINE-Y	F-score: 0.624
ONLINE-Y	F-score: 0.630
ONLINE-Y	F-score: 0.613
ONLINE-Y	F-score: 0.738
ONLINE-Y	F-score: 0.591
ONLINE-Y	F-score: 0.207
ONLINE-Y	F-score: 0.563
ONLINE-Y	F-score: 0.778
ONLINE-Y	F-score: 0.687
ONLINE-Y	F-score: 0.833
ONLINE-Y	F-score: 0.625
ONLINE-Y	F-score: 0.627
ONLINE-Y	F-score: 0.870
ONLINE-Y	F-score: 0.871
ONLINE-Y	F-score: 0.794
ONLINE-Y	F-score: 0.803
ONLINE-Y	F-score: 0.816
ONLINE-Y	F-score: 0.744
ONLINE-Y	F-score: 0.619
ONLINE-Y	F-score: 0.662
ONLINE-Y	F-score: 1.000
ONLINE-Y	F-score: 0.963
ONLINE-Y	F-score: 0.681
ONLINE-Y	F-score: 0.286
ONLINE-Y	F-score: 0.819
ONLINE-Y	F-score: 0.563
ONLINE-Y	F-score: 0.642
ONLINE-Y	F-score: 0.707
ONLINE-Y	F-score: 0.733
ONLINE-Y	F-score: 0.727
ONLINE-Y	F-score: 0.667
ONLINE-Y	F-score: 0.333
ONLINE-Y	F-score: 0.848
ONLINE-Y	F-score: 0.750
ONLINE-Y	F-score: 0.579
ONLINE-Y	F-score: 0.659
ONLINE-Y	F-score: 0.778
ONLINE-Y	F-score: 0.667
ONLINE-Y	F-score: 0.680
ONLINE-Y	F-score: 0.538
ONLINE-Y	F-score: 0.661
ONLINE-Y	F-score: 0.765
ONLINE-Y	F-score: 0.648
ONLINE-Y	F-score: 0.615
ONLINE-Y	F-score: 0.747
ONLINE-Y	F-score: 0.800
ONLINE-Y	F-score: 0.897
ONLINE-Y	F-score: 0.625
ONLINE-Y	F-score: 0.564
ONLINE-Y	F-score: 0.594
ONLINE-Y	F-score: 0.558
ONLINE-Y	F-score: 0.808
ONLINE-Y	F-score: 0.800
ONLINE-Y	F-score: 0.476
ONLINE-Y	F-score: 0.812
ONLINE-Y	F-score: 0.600
ONLINE-Y	F-score: 0.642
ONLINE-Y	F-score: 0.526
ONLINE-Y	F-score: 0.900
ONLINE-Y	F-score: 0.882
ONLINE-Y	F-score: 0.812
ONLINE-Y	F-score: 0.400
ONLINE-Y	F-score: 0.760
ONLINE-Y	F-score: 0.800
ONLINE-Y	F-score: 0.476
ONLINE-Y	F-score: 0.895
ONLINE-Y	F-score: 0.710
ONLINE-Y	F-score: 0.517
ONLINE-Y	F-score: 0.694
ONLINE-Y	F-score: 0.550
ONLINE-Y	F-score: 0.506
ONLINE-Y	F-score: 0.727
ONLINE-Y	F-score: 0.800
ONLINE-Y	F-score: 0.783
ONLINE-Y	F-score: 0.549
ONLINE-Y	F-score: 0.792
ONLINE-Y	F-score: 0.456
ONLINE-Y	F-score: 0.752
ONLINE-Y	F-score: 0.545
ONLINE-Y	F-score: 0.800
ONLINE-Y	F-score: 1.000
ONLINE-Y	F-score: 0.680
ONLINE-Y	F-score: 0.533
ONLINE-Y	F-score: 0.432
ONLINE-Y	F-score: 0.805
ONLINE-Y	F-score: 0.672
ONLINE-Y	F-score: 0.682
ONLINE-Y	F-score: 0.698
ONLINE-Y	F-score: 0.800
ONLINE-Y	F-score: 1.000
ONLINE-Y	F-score: 0.627
ONLINE-Y	F-score: 0.717
ONLINE-Y	F-score: 0.537
ONLINE-Y	F-score: 0.650
ONLINE-Y	F-score: 0.750
ONLINE-Y	F-score: 0.588
ONLINE-Y	F-score: 0.800
ONLINE-Y	F-score: 0.889
ONLINE-Y	F-score: 0.700
ONLINE-Y	F-score: 0.838
ONLINE-Y	F-score: 0.679
ONLINE-Y	F-score: 0.880
ONLINE-Y	F-score: 0.533
ONLINE-Y	F-score: 0.600
ONLINE-Y	F-score: 0.721
ONLINE-Y	F-score: 0.837
ONLINE-Y	F-score: 0.683
ONLINE-Y	F-score: 0.850
ONLINE-Y	F-score: 0.716
ONLINE-Y	F-score: 0.604
ONLINE-Y	F-score: 0.744
ONLINE-Y	F-score: 0.553
ONLINE-Y	F-score: 0.886
ONLINE-Y	F-score: 0.721
ONLINE-Y	F-score: 0.609
ONLINE-Y	F-score: 0.819
ONLINE-Y	F-score: 0.444
ONLINE-Y	F-score: 0.773
ONLINE-Y	F-score: 0.483
ONLINE-Y	F-score: 0.655
ONLINE-Y	F-score: 0.700
ONLINE-Y	F-score: 0.484
ONLINE-Y	F-score: 0.333
ONLINE-Y	F-score: 0.652
ONLINE-Y	F-score: 0.805
ONLINE-Y	F-score: 0.778
ONLINE-Y	F-score: 0.759
ONLINE-Y	F-score: 0.538
ONLINE-Y	F-score: 0.642
ONLINE-Y	F-score: 0.588
ONLINE-Y	F-score: 0.489
ONLINE-Y	F-score: 0.481
ONLINE-Y	F-score: 0.800
ONLINE-Y	F-score: 0.349
ONLINE-Y	F-score: 0.786
ONLINE-Y	F-score: 0.630
ONLINE-Y	F-score: 0.629
ONLINE-Y	F-score: 0.671
ONLINE-Y	F-score: 1.000
ONLINE-Y	F-score: 0.773
ONLINE-Y	F-score: 0.517
ONLINE-Y	F-score: 0.623
ONLINE-Y	F-score: 0.696
ONLINE-Y	F-score: 0.735
ONLINE-Y	F-score: 0.750
ONLINE-Y	F-score: 0.626
ONLINE-Y	F-score: 0.732
ONLINE-Y	F-score: 0.667
ONLINE-Y	F-score: 0.571
ONLINE-Y	F-score: 0.658
ONLINE-Y	F-score: 0.769
ONLINE-Y	F-score: 0.561
ONLINE-Y	F-score: 0.603
ONLINE-Y	F-score: 0.464
ONLINE-Y	F-score: 0.585
ONLINE-Y	F-score: 0.571
ONLINE-Y	F-score: 0.649
ONLINE-Y	F-score: 0.483
ONLINE-Y	F-score: 0.413
ONLINE-Y	F-score: 0.697
ONLINE-Y	F-score: 0.443
ONLINE-Y	F-score: 0.541
ONLINE-Y	F-score: 0.418
ONLINE-Y	F-score: 0.583
ONLINE-Y	F-score: 0.718
ONLINE-Y	F-score: 0.608
ONLINE-Y	F-score: 0.667
ONLINE-Y	F-score: 0.427
ONLINE-Y	F-score: 0.605
ONLINE-Y	F-score: 0.626
ONLINE-Y	F-score: 0.636
ONLINE-Y	F-score: 0.651
ONLINE-Y	F-score: 0.679
ONLINE-Y	F-score: 0.699
ONLINE-Y	F-score: 0.567
ONLINE-Y	F-score: 0.678
ONLINE-Y	F-score: 0.810
ONLINE-Y	F-score: 0.647
ONLINE-Y	F-score: 0.557
ONLINE-Y	F-score: 0.766
ONLINE-Y	F-score: 0.762
ONLINE-Y	F-score: 0.656
ONLINE-Y	F-score: 0.727
ONLINE-Y	F-score: 0.764
ONLINE-Y	F-score: 0.718
ONLINE-Y	F-score: 0.673
ONLINE-Y	F-score: 0.741
ONLINE-Y	F-score: 0.769
ONLINE-Y	F-score: 0.698
ONLINE-Y	F-score: 0.878
ONLINE-Y	F-score: 0.534
ONLINE-Y	F-score: 0.721
ONLINE-Y	F-score: 0.895
ONLINE-Y	F-score: 0.514
ONLINE-Y	F-score: 0.538
ONLINE-Y	F-score: 0.571
ONLINE-Y	F-score: 0.962
ONLINE-Y	F-score: 0.581
ONLINE-Y	F-score: 0.667
ONLINE-Y	F-score: 0.595
ONLINE-Y	F-score: 0.739
ONLINE-Y	F-score: 0.833
ONLINE-Y	F-score: 0.565
ONLINE-Y	F-score: 0.585
ONLINE-Y	F-score: 0.750
ONLINE-Y	F-score: 0.568
ONLINE-Y	F-score: 0.611
ONLINE-Y	F-score: 0.559
ONLINE-Y	F-score: 0.636
ONLINE-Y	F-score: 0.591
ONLINE-Y	F-score: 0.673
ONLINE-Y	F-score: 0.735
ONLINE-Y	F-score: 0.762
ONLINE-Y	F-score: 0.507
ONLINE-Y	F-score: 0.566
ONLINE-Y	F-score: 0.860
ONLINE-Y	F-score: 0.438
ONLINE-Y	F-score: 0.694
ONLINE-Y	F-score: 0.434
ONLINE-Y	F-score: 0.508
ONLINE-Y	F-score: 0.616
ONLINE-Y	F-score: 0.814
ONLINE-Y	F-score: 0.684
ONLINE-Y	F-score: 0.778
ONLINE-Y	F-score: 0.678
ONLINE-Y	F-score: 0.595
ONLINE-Y	F-score: 0.614
ONLINE-Y	F-score: 0.667
ONLINE-Y	F-score: 0.635
ONLINE-Y	F-score: 0.667
ONLINE-Y	F-score: 0.500
ONLINE-Y	F-score: 0.729
ONLINE-Y	F-score: 0.593
ONLINE-Y	F-score: 0.676
ONLINE-Y	F-score: 0.750
ONLINE-Y	F-score: 0.733
ONLINE-Y	F-score: 0.671
ONLINE-Y	F-score: 0.846
ONLINE-Y	F-score: 0.756
ONLINE-Y	F-score: 0.590
ONLINE-Y	F-score: 0.619
ONLINE-Y	F-score: 0.415
ONLINE-Y	F-score: 0.535
ONLINE-Y	F-score: 0.570
ONLINE-Y	F-score: 0.563
ONLINE-Y	F-score: 0.568
ONLINE-Y	F-score: 0.612
ONLINE-Y	F-score: 0.743
ONLINE-Y	F-score: 0.672
ONLINE-Y	F-score: 0.729
ONLINE-Y	F-score: 0.636
ONLINE-Y	F-score: 0.769
ONLINE-Y	F-score: 0.667
ONLINE-Y	F-score: 0.810
ONLINE-Y	F-score: 0.495
ONLINE-Y	F-score: 0.694
ONLINE-Y	F-score: 0.500
ONLINE-Y	F-score: 0.333
ONLINE-Y	F-score: 0.541
ONLINE-Y	F-score: 0.645
ONLINE-Y	F-score: 0.571
ONLINE-Y	F-score: 0.590
ONLINE-Y	F-score: 0.683
ONLINE-Y	F-score: 0.566
ONLINE-Y	F-score: 0.778
ONLINE-Y	F-score: 0.421
ONLINE-Y	F-score: 0.713
ONLINE-Y	F-score: 0.563
ONLINE-Y	F-score: 0.636
ONLINE-Y	F-score: 0.800
ONLINE-Y	F-score: 0.561
ONLINE-Y	F-score: 0.733
ONLINE-Y	F-score: 0.773
ONLINE-Y	F-score: 0.500
ONLINE-Y	F-score: 0.642
ONLINE-Y	F-score: 0.623
ONLINE-Y	F-score: 0.548
ONLINE-Y	F-score: 0.556
ONLINE-Y	F-score: 0.533
ONLINE-Y	F-score: 0.571
ONLINE-Y	F-score: 0.649
ONLINE-Y	F-score: 0.786
ONLINE-Y	F-score: 0.643
ONLINE-Y	F-score: 0.817
ONLINE-Y	F-score: 0.824
ONLINE-Y	F-score: 0.845
ONLINE-Y	F-score: 0.620
ONLINE-Y	F-score: 0.488
ONLINE-Y	F-score: 0.764
ONLINE-Y	F-score: 0.773
ONLINE-Y	F-score: 0.815
ONLINE-Y	F-score: 0.783
ONLINE-Y	F-score: 0.646
ONLINE-Y	F-score: 0.690
ONLINE-Y	F-score: 0.654
ONLINE-Y	F-score: 0.750
ONLINE-Y	F-score: 0.929
ONLINE-Y	F-score: 0.514
ONLINE-Y	F-score: 0.740
ONLINE-Y	F-score: 0.568
ONLINE-Y	F-score: 0.865
ONLINE-Y	F-score: 0.526
ONLINE-Y	F-score: 0.804
ONLINE-Y	F-score: 0.455
ONLINE-Y	F-score: 0.648
ONLINE-Y	F-score: 0.633
ONLINE-Y	F-score: 0.627
ONLINE-Y	F-score: 0.741
ONLINE-Y	F-score: 0.815
ONLINE-Y	F-score: 0.708
ONLINE-Y	F-score: 0.604
ONLINE-Y	F-score: 0.650
ONLINE-Y	F-score: 0.590
ONLINE-Y	F-score: 0.566
ONLINE-Y	F-score: 0.676
ONLINE-Y	F-score: 0.818
ONLINE-Y	F-score: 0.491
ONLINE-Y	F-score: 0.700
ONLINE-Y	F-score: 0.609
ONLINE-Y	F-score: 0.286
ONLINE-Y	F-score: 0.689
ONLINE-Y	F-score: 0.745
ONLINE-Y	F-score: 0.491
ONLINE-Y	F-score: 0.681
ONLINE-Y	F-score: 0.600
ONLINE-Y	F-score: 0.548
ONLINE-Y	F-score: 0.647
ONLINE-Y	F-score: 0.828
ONLINE-Y	F-score: 0.526
ONLINE-Y	F-score: 0.746
ONLINE-Y	F-score: 0.514
ONLINE-Y	F-score: 0.548
ONLINE-Y	F-score: 0.764
ONLINE-Y	F-score: 0.613
ONLINE-Y	F-score: 0.833
ONLINE-Y	F-score: 0.761
ONLINE-Y	F-score: 0.846
ONLINE-Y	F-score: 0.500
ONLINE-Y	F-score: 0.748
ONLINE-Y	F-score: 0.857
ONLINE-Y	F-score: 0.831
ONLINE-Y	F-score: 0.889
ONLINE-Y	F-score: 0.923
ONLINE-Y	F-score: 0.706
ONLINE-Y	F-score: 0.723
ONLINE-Y	F-score: 0.545
ONLINE-Y	F-score: 0.900
ONLINE-Y	F-score: 0.750
ONLINE-Y	F-score: 0.656
ONLINE-Y	F-score: 0.889
ONLINE-Y	F-score: 0.222
ONLINE-Y	F-score: 0.828
ONLINE-Y	F-score: 0.842
ONLINE-Y	F-score: 0.644
ONLINE-Y	F-score: 0.716
ONLINE-Y	F-score: 0.824
ONLINE-Y	F-score: 0.845
ONLINE-Y	F-score: 0.774
ONLINE-Y	F-score: 0.804
ONLINE-Y	F-score: 0.782
ONLINE-Y	F-score: 0.688
ONLINE-Y	F-score: 0.943
ONLINE-Y	F-score: 0.720
ONLINE-Y	F-score: 0.533
ONLINE-Y	F-score: 0.841
ONLINE-Y	F-score: 0.796
ONLINE-Y	F-score: 0.904
ONLINE-Y	F-score: 0.567
ONLINE-Y	F-score: 0.750
ONLINE-Y	F-score: 0.909
ONLINE-Y	F-score: 0.673
ONLINE-Y	F-score: 0.590
ONLINE-Y	F-score: 0.375
ONLINE-Y	F-score: 0.870
ONLINE-Y	F-score: 0.585
ONLINE-Y	F-score: 0.821
ONLINE-Y	F-score: 0.629
ONLINE-Y	F-score: 0.557
ONLINE-Y	F-score: 0.857
ONLINE-Y	F-score: 0.778
ONLINE-Y	F-score: 0.952
ONLINE-Y	F-score: 0.650
ONLINE-Y	F-score: 0.909
ONLINE-Y	F-score: 0.829
ONLINE-Y	F-score: 0.875
ONLINE-Y	F-score: 0.809
ONLINE-Y	F-score: 0.500
ONLINE-Y	F-score: 0.667
ONLINE-Y	F-score: 1.000
ONLINE-Y	F-score: 0.810
ONLINE-Y	F-score: 0.870
ONLINE-Y	F-score: 0.836
ONLINE-Y	F-score: 0.588
ONLINE-Y	F-score: 0.654
ONLINE-Y	F-score: 0.892
ONLINE-Y	F-score: 0.821
ONLINE-Y	F-score: 0.678
ONLINE-Y	F-score: 0.810
ONLINE-Y	F-score: 0.874
ONLINE-Y	F-score: 0.809
ONLINE-Y	F-score: 0.679
ONLINE-Y	F-score: 0.578
ONLINE-Y	F-score: 0.797
ONLINE-Y	F-score: 0.485
ONLINE-Y	F-score: 0.879
ONLINE-Y	F-score: 0.786
ONLINE-Y	F-score: 0.538
ONLINE-Y	F-score: 0.683
ONLINE-Y	F-score: 0.783
ONLINE-Y	F-score: 0.852
ONLINE-Y	F-score: 0.782
ONLINE-Y	F-score: 0.472
ONLINE-Y	F-score: 0.650
ONLINE-Y	F-score: 0.667
ONLINE-Y	F-score: 0.585
ONLINE-Y	F-score: 0.815
ONLINE-Y	F-score: 0.687
ONLINE-Y	F-score: 0.622
ONLINE-Y	F-score: 0.840
ONLINE-Y	F-score: 0.617
ONLINE-Y	F-score: 0.805
ONLINE-Y	F-score: 0.685
ONLINE-Y	F-score: 0.333
ONLINE-Y	F-score: 0.800
ONLINE-Y	F-score: 0.885
ONLINE-Y	F-score: 0.566
ONLINE-Y	F-score: 0.484
ONLINE-Y	F-score: 0.500
ONLINE-Y	F-score: 0.875
ONLINE-Y	F-score: 0.829
ONLINE-Y	F-score: 0.772
ONLINE-Y	F-score: 0.723
ONLINE-Y	F-score: 0.628
ONLINE-Y	F-score: 0.738
ONLINE-Y	F-score: 0.615
ONLINE-Y	F-score: 0.743
ONLINE-Y	F-score: 0.725
ONLINE-Y	F-score: 0.776
ONLINE-Y	F-score: 0.729
ONLINE-Y	F-score: 0.795
ONLINE-Y	F-score: 0.796
ONLINE-Y	F-score: 0.701
ONLINE-Y	F-score: 0.767
ONLINE-Y	F-score: 0.774
ONLINE-Y	F-score: 0.831
ONLINE-Y	F-score: 1.000
ONLINE-Y	F-score: 0.462
ONLINE-Y	F-score: 0.750
ONLINE-Y	F-score: 0.810
ONLINE-Y	F-score: 0.779
ONLINE-Y	F-score: 0.762
ONLINE-Y	F-score: 0.563
ONLINE-Y	F-score: 0.830
ONLINE-Y	F-score: 1.000
ONLINE-Y	F-score: 0.549
ONLINE-Y	F-score: 0.615
ONLINE-Y	F-score: 1.000
ONLINE-Y	F-score: 0.595
ONLINE-Y	F-score: 0.585
ONLINE-Y	F-score: 0.846
ONLINE-Y	F-score: 1.000
ONLINE-Y	F-score: 0.849
ONLINE-Y	F-score: 0.706
ONLINE-Y	F-score: 0.895
ONLINE-Y	F-score: 0.636
ONLINE-Y	F-score: 0.700
ONLINE-Y	F-score: 1.000
ONLINE-Y	F-score: 0.786
ONLINE-Y	F-score: 0.714
ONLINE-Y	F-score: 0.883
ONLINE-Y	F-score: 0.650
ONLINE-Y	F-score: 0.766
ONLINE-Y	F-score: 0.804
ONLINE-Y	F-score: 0.771
ONLINE-Y	F-score: 0.857
ONLINE-Y	F-score: 0.607
ONLINE-Y	F-score: 0.632
ONLINE-Y	F-score: 0.698
ONLINE-Y	F-score: 0.529
ONLINE-Y	F-score: 0.602
ONLINE-Y	F-score: 0.472
ONLINE-Y	F-score: 0.764
ONLINE-Y	F-score: 0.617
ONLINE-Y	F-score: 0.537
ONLINE-Y	F-score: 0.555
ONLINE-Y	F-score: 0.644
ONLINE-Y	F-score: 0.679
ONLINE-Y	F-score: 0.875
ONLINE-Y	F-score: 0.783
ONLINE-Y	F-score: 0.649
ONLINE-Y	F-score: 0.618
ONLINE-Y	F-score: 0.667
ONLINE-Y	F-score: 0.752
ONLINE-Y	F-score: 0.581
ONLINE-Y	F-score: 0.667
ONLINE-Y	F-score: 0.736
ONLINE-Y	F-score: 0.809
ONLINE-Y	F-score: 1.000
ONLINE-Y	F-score: 0.422
ONLINE-Y	F-score: 0.828
ONLINE-Y	F-score: 0.357
ONLINE-Y	F-score: 0.641
ONLINE-Y	F-score: 0.750
ONLINE-Y	F-score: 0.647
ONLINE-Y	F-score: 1.000
ONLINE-Y	F-score: 0.667
ONLINE-Y	F-score: 0.462
ONLINE-Y	F-score: 0.650
ONLINE-Y	F-score: 0.644
ONLINE-Y	F-score: 0.703
ONLINE-Y	F-score: 0.370
ONLINE-Y	F-score: 0.750
ONLINE-Y	F-score: 0.440
ONLINE-Y	F-score: 0.447
ONLINE-Y	F-score: 0.747
ONLINE-Y	F-score: 0.650
ONLINE-Y	F-score: 0.533
ONLINE-Y	F-score: 0.475
ONLINE-Y	F-score: 0.620
ONLINE-Y	F-score: 0.556
ONLINE-Y	F-score: 0.507
ONLINE-Y	F-score: 0.537
ONLINE-Y	F-score: 0.795
ONLINE-Y	F-score: 0.643
ONLINE-Y	F-score: 0.667
ONLINE-Y	F-score: 0.625
ONLINE-Y	F-score: 0.625
ONLINE-Y	F-score: 0.938
ONLINE-Y	F-score: 0.625
ONLINE-Y	F-score: 0.706
ONLINE-Y	F-score: 0.479
ONLINE-Y	F-score: 0.588
ONLINE-Y	F-score: 0.533
ONLINE-Y	F-score: 0.647
ONLINE-Y	F-score: 1.000
ONLINE-Y	F-score: 0.389
ONLINE-Y	F-score: 0.878
ONLINE-Y	F-score: 0.800
ONLINE-Y	F-score: 0.500
ONLINE-Y	F-score: 0.429
ONLINE-Y	F-score: 0.778
ONLINE-Y	F-score: 0.900
ONLINE-Y	F-score: 0.593
ONLINE-Y	F-score: 0.517
ONLINE-Y	F-score: 0.211
ONLINE-Y	F-score: 0.674
ONLINE-Y	F-score: 0.548
ONLINE-Y	F-score: 0.435
ONLINE-Y	F-score: 0.563
ONLINE-Y	F-score: 0.571
ONLINE-Y	F-score: 0.909
ONLINE-Y	F-score: 0.824
ONLINE-Y	F-score: 0.533
ONLINE-Y	F-score: 0.692
ONLINE-Y	F-score: 0.543
ONLINE-Y	F-score: 0.500
ONLINE-Y	F-score: 0.564
ONLINE-Y	F-score: 0.551
ONLINE-Y	F-score: 0.437
ONLINE-Y	F-score: 0.469
ONLINE-Y	F-score: 0.818
ONLINE-Y	F-score: 0.695
ONLINE-Y	F-score: 0.604
ONLINE-Y	F-score: 0.658
ONLINE-Y	F-score: 0.625
ONLINE-Y	F-score: 0.769
ONLINE-Y	F-score: 0.741
ONLINE-Y	F-score: 0.424
ONLINE-Y	F-score: 0.833
ONLINE-Y	F-score: 0.414
ONLINE-Y	F-score: 0.590
ONLINE-Y	F-score: 0.292
ONLINE-Y	F-score: 0.448
ONLINE-Y	F-score: 0.578
ONLINE-Y	F-score: 0.700
ONLINE-Y	F-score: 0.608
ONLINE-Y	F-score: 0.750
ONLINE-Y	F-score: 0.618
ONLINE-Y	F-score: 0.523
ONLINE-Y	F-score: 0.750
ONLINE-Y	F-score: 0.588
ONLINE-Y	F-score: 0.600
ONLINE-Y	F-score: 0.250
ONLINE-Y	F-score: 0.629
ONLINE-Y	F-score: 0.667
ONLINE-Y	F-score: 0.530
ONLINE-Y	F-score: 0.653
ONLINE-Y	F-score: 0.250
ONLINE-Y	F-score: 0.250
ONLINE-Y	F-score: 0.167
ONLINE-Y	F-score: 0.548
ONLINE-Y	F-score: 0.395
ONLINE-Y	F-score: 0.381
ONLINE-Y	F-score: 0.741
ONLINE-Y	F-score: 0.750
ONLINE-Y	F-score: 0.429
ONLINE-Y	F-score: 1.000
ONLINE-Y	F-score: 0.452
ONLINE-Y	F-score: 0.667
ONLINE-Y	F-score: 0.610
ONLINE-Y	F-score: 0.595
ONLINE-Y	F-score: 0.493
ONLINE-Y	F-score: 0.565
ONLINE-Y	F-score: 0.638
ONLINE-Y	F-score: 0.667
ONLINE-Y	F-score: 0.482
ONLINE-Y	F-score: 0.578
ONLINE-Y	F-score: 0.727
ONLINE-Y	F-score: 0.780
ONLINE-Y	F-score: 0.500
ONLINE-Y	F-score: 0.531
ONLINE-Y	F-score: 0.571
ONLINE-Y	F-score: 0.533
ONLINE-Y	F-score: 0.667
ONLINE-Y	F-score: 0.593
ONLINE-Y	F-score: 0.675
ONLINE-Y	F-score: 0.750
ONLINE-Y	F-score: 0.552
ONLINE-Y	F-score: 0.358
ONLINE-Y	F-score: 0.667
ONLINE-Y	F-score: 0.578
ONLINE-Y	F-score: 0.435
ONLINE-Y	F-score: 0.818
ONLINE-Y	F-score: 0.500
ONLINE-Y	F-score: 0.632
ONLINE-Y	F-score: 0.682
ONLINE-Y	F-score: 0.261
ONLINE-Y	F-score: 0.368
ONLINE-Y	F-score: 0.800
ONLINE-Y	F-score: 0.464
ONLINE-Y	F-score: 0.750
ONLINE-Y	F-score: 0.562
ONLINE-Y	F-score: 0.492
ONLINE-Y	F-score: 0.732
ONLINE-Y	F-score: 0.187
ONLINE-Y	F-score: 0.453
ONLINE-Y	F-score: 0.591
ONLINE-Y	F-score: 0.370
ONLINE-Y	F-score: 0.424
ONLINE-Y	F-score: 0.476
ONLINE-Y	F-score: 0.410
ONLINE-Y	F-score: 0.444
ONLINE-Y	F-score: 0.393
ONLINE-Y	F-score: 0.462
ONLINE-Y	F-score: 0.649
ONLINE-Y	F-score: 0.507
ONLINE-Y	F-score: 0.419
ONLINE-Y	F-score: 0.215
ONLINE-Y	F-score: 0.304
ONLINE-Y	F-score: 0.154
ONLINE-Y	F-score: 0.710
ONLINE-Y	F-score: 0.784
ONLINE-Y	F-score: 0.843
ONLINE-Y	F-score: 0.630
ONLINE-Y	F-score: 0.683
ONLINE-Y	F-score: 0.617
ONLINE-Y	F-score: 0.375
ONLINE-Y	F-score: 0.566
ONLINE-Y	F-score: 0.580
ONLINE-Y	F-score: 0.427
ONLINE-Y	F-score: 0.522
ONLINE-Y	F-score: 0.571
ONLINE-Y	F-score: 0.462
ONLINE-Y	F-score: 0.447
ONLINE-Y	F-score: 0.583
ONLINE-Y	F-score: 0.563
ONLINE-Y	F-score: 0.609
ONLINE-Y	F-score: 0.350
ONLINE-Y	F-score: 0.923
ONLINE-Y	F-score: 0.957
ONLINE-Y	F-score: 0.643
ONLINE-Y	F-score: 0.800
ONLINE-Y	F-score: 1.000
ONLINE-Y	F-score: 1.000
ONLINE-Y	F-score: 0.667
ONLINE-Y	F-score: 0.603
ONLINE-Y	F-score: 0.750
ONLINE-Y	F-score: 0.483
ONLINE-Y	F-score: 0.424
ONLINE-Y	F-score: 0.533
ONLINE-Y	F-score: 0.571
ONLINE-Y	F-score: 0.833
ONLINE-Y	F-score: 0.485
ONLINE-Y	F-score: 0.500
ONLINE-Y	F-score: 0.612
ONLINE-Y	F-score: 0.708
ONLINE-Y	F-score: 0.726
ONLINE-Y	F-score: 0.558
ONLINE-Y	F-score: 0.521
ONLINE-Y	F-score: 0.500
ONLINE-Y	F-score: 0.505
ONLINE-Y	F-score: 0.560
ONLINE-Y	F-score: 0.680
ONLINE-Y	F-score: 0.533
ONLINE-Y	F-score: 0.646
ONLINE-Y	F-score: 0.480
ONLINE-Y	F-score: 0.539
ONLINE-Y	F-score: 0.545
ONLINE-Y	F-score: 0.864
ONLINE-Y	F-score: 0.382
ONLINE-Y	F-score: 0.519
ONLINE-Y	F-score: 0.475
ONLINE-Y	F-score: 0.634
ONLINE-Y	F-score: 0.583
ONLINE-Y	F-score: 0.623
ONLINE-Y	F-score: 0.507
ONLINE-Y	F-score: 0.267
ONLINE-Y	F-score: 0.703
ONLINE-Y	F-score: 0.632
ONLINE-Y	F-score: 0.500
ONLINE-Y	F-score: 0.592
ONLINE-Y	F-score: 0.567
ONLINE-Y	F-score: 0.435
ONLINE-Y	F-score: 0.412
ONLINE-Y	F-score: 0.651
ONLINE-Y	F-score: 0.735
ONLINE-Y	F-score: 0.545
ONLINE-Y	F-score: 0.656
ONLINE-Y	F-score: 0.614
ONLINE-Y	F-score: 0.681
ONLINE-Y	F-score: 0.579
ONLINE-Y	F-score: 0.429
ONLINE-Y	F-score: 0.688
ONLINE-Y	F-score: 0.675
ONLINE-Y	F-score: 0.587
ONLINE-Y	F-score: 0.380
ONLINE-Y	F-score: 0.556
ONLINE-Y	F-score: 0.739
ONLINE-Y	F-score: 0.773
ONLINE-Y	F-score: 0.767
ONLINE-Y	F-score: 0.857
ONLINE-Y	F-score: 0.505
ONLINE-Y	F-score: 0.471
ONLINE-Y	F-score: 0.500
ONLINE-Y	F-score: 0.513
ONLINE-Y	F-score: 0.846
ONLINE-Y	F-score: 0.357
ONLINE-Y	F-score: 0.500
ONLINE-Y	F-score: 0.600
ONLINE-Y	F-score: 0.704
ONLINE-Y	F-score: 0.400
ONLINE-Y	F-score: 0.547
ONLINE-Y	F-score: 0.621
ONLINE-Y	F-score: 0.455
ONLINE-Y	F-score: 0.542
ONLINE-Y	F-score: 0.750
ONLINE-Y	F-score: 0.490
ONLINE-Y	F-score: 0.426
ONLINE-Y	F-score: 0.833
ONLINE-Y	F-score: 0.200
ONLINE-Y	F-score: 0.857
ONLINE-Y	F-score: 0.460
ONLINE-Y	F-score: 0.488
ONLINE-Y	F-score: 0.235
ONLINE-Y	F-score: 0.324
ONLINE-Y	F-score: 0.593
ONLINE-Y	F-score: 0.531
ONLINE-Y	F-score: 0.833
ONLINE-Y	F-score: 0.467
ONLINE-Y	F-score: 0.750
ONLINE-Y	F-score: 0.588
ONLINE-Y	F-score: 0.673
ONLINE-Y	F-score: 0.667
ONLINE-Y	F-score: 0.434
ONLINE-Y	F-score: 0.610
ONLINE-Y	F-score: 0.553
ONLINE-Y	F-score: 0.833
ONLINE-Y	F-score: 0.650
ONLINE-Y	F-score: 0.623
ONLINE-Y	F-score: 0.769
ONLINE-Y	F-score: 0.786
ONLINE-Y	F-score: 0.462
ONLINE-Y	F-score: 0.456
ONLINE-Y	F-score: 0.857
ONLINE-Y	F-score: 0.531
ONLINE-Y	F-score: 0.580
ONLINE-Y	F-score: 0.429
ONLINE-Y	F-score: 0.518
ONLINE-Y	F-score: 0.510
ONLINE-Y	F-score: 0.588
ONLINE-Y	F-score: 0.531
ONLINE-Y	F-score: 0.786
ONLINE-Y	F-score: 0.362
ONLINE-Y	F-score: 0.410
ONLINE-Y	F-score: 0.300
ONLINE-Y	F-score: 0.541
ONLINE-Y	F-score: 0.320
ONLINE-Y	F-score: 0.556
ONLINE-Y	F-score: 0.582
ONLINE-Y	F-score: 0.750
ONLINE-Y	F-score: 0.561
ONLINE-Y	F-score: 0.750
ONLINE-Y	F-score: 0.600
ONLINE-Y	F-score: 0.617
ONLINE-Y	F-score: 0.721
ONLINE-Y	F-score: 0.500
ONLINE-Y	F-score: 0.571
ONLINE-Y	F-score: 0.519
ONLINE-Y	F-score: 0.437
ONLINE-Y	F-score: 0.550
ONLINE-Y	F-score: 0.420
ONLINE-Y	F-score: 0.471
ONLINE-Y	F-score: 0.424
ONLINE-Y	F-score: 0.217
ONLINE-Y	F-score: 0.348
ONLINE-Y	F-score: 0.762
ONLINE-Y	F-score: 0.706
ONLINE-Y	F-score: 0.725
ONLINE-Y	F-score: 0.526
ONLINE-Y	F-score: 0.643
ONLINE-Y	F-score: 0.700
ONLINE-Y	F-score: 0.857
ONLINE-Y	F-score: 0.409
ONLINE-Y	F-score: 0.434
ONLINE-Y	F-score: 0.800
ONLINE-Y	F-score: 0.635
ONLINE-Y	F-score: 0.439
ONLINE-Y	F-score: 0.532
ONLINE-Y	F-score: 1.000
ONLINE-Y	F-score: 0.893
ONLINE-Y	F-score: 0.642
ONLINE-Y	F-score: 0.578
ONLINE-Y	F-score: 0.529
ONLINE-Y	F-score: 0.568
ONLINE-Y	F-score: 0.512
ONLINE-Y	F-score: 0.286
ONLINE-Y	F-score: 0.597
ONLINE-Y	F-score: 1.000
ONLINE-Y	F-score: 0.755
ONLINE-Y	F-score: 0.550
ONLINE-Y	F-score: 0.583
ONLINE-Y	F-score: 0.444
ONLINE-Y	F-score: 0.294
ONLINE-Y	F-score: 0.591
ONLINE-Y	F-score: 0.400
ONLINE-Y	F-score: 0.481
ONLINE-Y	F-score: 0.750
ONLINE-Y	F-score: 0.600
ONLINE-Y	F-score: 0.576
ONLINE-Y	F-score: 0.651
ONLINE-Y	F-score: 0.667
ONLINE-Y	F-score: 0.588
ONLINE-Y	F-score: 0.655
ONLINE-Y	F-score: 0.400
ONLINE-Y	F-score: 0.464
ONLINE-Y	F-score: 0.250
ONLINE-Y	F-score: 0.543
ONLINE-Y	F-score: 0.500
ONLINE-Y	F-score: 0.600
ONLINE-Y	F-score: 0.558
ONLINE-Y	F-score: 0.667
ONLINE-Y	F-score: 0.400
ONLINE-Y	F-score: 0.333
ONLINE-Y	F-score: 0.729
ONLINE-Y	F-score: 0.694
ONLINE-Y	F-score: 0.679
ONLINE-Y	F-score: 0.457
ONLINE-Y	F-score: 0.574
ONLINE-Y	F-score: 0.684
ONLINE-Y	F-score: 0.377
ONLINE-Y	F-score: 0.870
ONLINE-Y	F-score: 1.000
ONLINE-Y	F-score: 0.380
ONLINE-Y	F-score: 0.606
ONLINE-Y	F-score: 0.604
ONLINE-Y	F-score: 0.848
ONLINE-Y	F-score: 0.727
ONLINE-Y	F-score: 0.882
ONLINE-Y	F-score: 0.600
ONLINE-Y	F-score: 0.824
ONLINE-Y	F-score: 0.653
ONLINE-Y	F-score: 0.587
ONLINE-Y	F-score: 0.600
ONLINE-Y	F-score: 0.812
ONLINE-Y	F-score: 0.552
ONLINE-Y	F-score: 0.704
ONLINE-Y	F-score: 0.453
ONLINE-Y	F-score: 0.583
ONLINE-Y	F-score: 0.958
ONLINE-Y	F-score: 0.400
ONLINE-Y	F-score: 0.694
ONLINE-Y	F-score: 0.492
ONLINE-Y	F-score: 0.833
ONLINE-Y	F-score: 0.500
ONLINE-Y	F-score: 0.588
ONLINE-Y	F-score: 0.576
ONLINE-Y	F-score: 0.494
ONLINE-Y	F-score: 0.716
ONLINE-Y	F-score: 0.675
ONLINE-Y	F-score: 0.591
ONLINE-Y	F-score: 0.467
ONLINE-Y	F-score: 0.625
ONLINE-Y	F-score: 0.639
ONLINE-Y	F-score: 0.800
ONLINE-Y	F-score: 0.609
ONLINE-Y	F-score: 0.308
ONLINE-Y	F-score: 0.818
ONLINE-Y	F-score: 0.667
ONLINE-Y	F-score: 0.750
ONLINE-Y	F-score: 0.507
ONLINE-Y	F-score: 0.432
ONLINE-Y	F-score: 0.476
ONLINE-Y	F-score: 0.583
ONLINE-Y	F-score: 0.571
ONLINE-Y	F-score: 0.400
ONLINE-Y	F-score: 0.259
ONLINE-Y	F-score: 0.600
ONLINE-Y	F-score: 0.250
ONLINE-Y	F-score: 0.548
ONLINE-Y	F-score: 0.500
ONLINE-Y	F-score: 0.559
ONLINE-Y	F-score: 0.361
ONLINE-Y	F-score: 0.444
ONLINE-Y	F-score: 0.420
ONLINE-Y	F-score: 0.500
ONLINE-Y	F-score: 0.333
ONLINE-Y	F-score: 0.786
ONLINE-Y	F-score: 0.618
ONLINE-Y	F-score: 0.500
ONLINE-Y	F-score: 0.600
ONLINE-Y	F-score: 0.545
ONLINE-Y	F-score: 0.812
ONLINE-Y	F-score: 0.406
ONLINE-Y	F-score: 0.500
ONLINE-Y	F-score: 0.667
ONLINE-Y	F-score: 0.786
ONLINE-Y	F-score: 1.000
ONLINE-Y	F-score: 0.526
ONLINE-Y	F-score: 0.453
ONLINE-Y	F-score: 0.324
ONLINE-Y	F-score: 0.625
ONLINE-Y	F-score: 0.692
ONLINE-Y	F-score: 0.542
ONLINE-Y	F-score: 0.400
ONLINE-Y	F-score: 0.692
ONLINE-Y	F-score: 0.643
ONLINE-Y	F-score: 0.444
ONLINE-Y	F-score: 0.353
ONLINE-Y	F-score: 0.750
ONLINE-Y	F-score: 0.579
ONLINE-Y	F-score: 0.625
ONLINE-Y	F-score: 0.333
ONLINE-Y	F-score: 0.444
ONLINE-Y	F-score: 0.712
ONLINE-Y	F-score: 0.582
ONLINE-Y	F-score: 0.392
ONLINE-Y	F-score: 0.641
ONLINE-Y	F-score: 0.435
ONLINE-Y	F-score: 0.692
ONLINE-Y	F-score: 0.308
ONLINE-Y	F-score: 0.593
ONLINE-Y	F-score: 0.286
ONLINE-Y	F-score: 0.459
ONLINE-Y	F-score: 0.786
ONLINE-Y	F-score: 0.566
ONLINE-Y	F-score: 0.804
ONLINE-Y	F-score: 0.465
ONLINE-Y	F-score: 0.511
ONLINE-Y	F-score: 0.636
ONLINE-Y	F-score: 0.750
ONLINE-Y	F-score: 0.419
ONLINE-Y	F-score: 0.495
ONLINE-Y	F-score: 0.333
ONLINE-Y	F-score: 0.538
ONLINE-Y	F-score: 0.687
ONLINE-Y	F-score: 0.455
ONLINE-Y	F-score: 0.520
ONLINE-Y	F-score: 0.615
ONLINE-Y	F-score: 0.333
ONLINE-Y	F-score: 0.419
ONLINE-Y	F-score: 0.619
ONLINE-Y	F-score: 0.400
ONLINE-Y	F-score: 1.000
ONLINE-Y	F-score: 0.552
ONLINE-Y	F-score: 0.551
ONLINE-Y	F-score: 0.571
ONLINE-Y	F-score: 0.486
ONLINE-Y	F-score: 0.658
ONLINE-Y	F-score: 1.000
ONLINE-Y	F-score: 0.627
ONLINE-Y	F-score: 0.495
ONLINE-Y	F-score: 0.667
ONLINE-Y	F-score: 0.471
ONLINE-Y	F-score: 0.769
ONLINE-Y	F-score: 0.594
ONLINE-Y	F-score: 0.750
ONLINE-Y	F-score: 0.592
ONLINE-Y	F-score: 0.382
ONLINE-Y	F-score: 0.453
ONLINE-Y	F-score: 0.629
ONLINE-Y	F-score: 0.609
ONLINE-Y	F-score: 0.568
ONLINE-Y	F-score: 0.889
ONLINE-Y	F-score: 0.400
ONLINE-Y	F-score: 0.426
ONLINE-Y	F-score: 0.256
ONLINE-Y	F-score: 0.545
ONLINE-Y	F-score: 0.762
ONLINE-Y	F-score: 0.618
ONLINE-Y	F-score: 0.651
ONLINE-Y	F-score: 0.744
ONLINE-Y	F-score: 0.667
ONLINE-Y	F-score: 0.505
ONLINE-Y	F-score: 0.465
ONLINE-Y	F-score: 0.474
ONLINE-Y	F-score: 0.471
ONLINE-Y	F-score: 0.642
ONLINE-Y	F-score: 0.731
ONLINE-Y	F-score: 0.586
ONLINE-Y	F-score: 0.609
ONLINE-Y	F-score: 0.800
ONLINE-Y	F-score: 0.619
ONLINE-Y	F-score: 0.348
ONLINE-Y	F-score: 0.375
ONLINE-Y	F-score: 0.328
ONLINE-Y	F-score: 0.463
ONLINE-Y	F-score: 0.364
ONLINE-Y	F-score: 0.524
ONLINE-Y	F-score: 0.452
ONLINE-Y	F-score: 0.571
ONLINE-Y	F-score: 0.564
ONLINE-Y	F-score: 0.670
ONLINE-Y	F-score: 0.675
ONLINE-Y	F-score: 0.222
ONLINE-Y	F-score: 0.451
ONLINE-Y	F-score: 1.000
ONLINE-Y	F-score: 0.643
ONLINE-Y	F-score: 0.538
ONLINE-Y	F-score: 1.000
ONLINE-Y	F-score: 0.561
ONLINE-Y	F-score: 0.333
ONLINE-Y	F-score: 0.366
ONLINE-Y	F-score: 0.535
ONLINE-Y	F-score: 0.595
ONLINE-Y	F-score: 0.235
ONLINE-Y	F-score: 0.478
ONLINE-Y	F-score: 0.529
ONLINE-Y	F-score: 0.400
ONLINE-Y	F-score: 0.562
ONLINE-Y	F-score: 0.417
ONLINE-Y	F-score: 0.800
ONLINE-Y	F-score: 1.000
ONLINE-Y	F-score: 0.800
ONLINE-Y	F-score: 0.333
ONLINE-Y	F-score: 0.462
ONLINE-Y	F-score: 0.556
ONLINE-Y	F-score: 0.333
ONLINE-Y	F-score: 0.579
ONLINE-Y	F-score: 0.593
ONLINE-Y	F-score: 0.426
ONLINE-Y	F-score: 0.833
ONLINE-Y	F-score: 0.567
ONLINE-Y	F-score: 0.750
ONLINE-Y	F-score: 0.556
ONLINE-Y	F-score: 0.429
ONLINE-Y	F-score: 0.261
ONLINE-Y	F-score: 0.750
ONLINE-Y	F-score: 0.552
ONLINE-Y	F-score: 0.533
ONLINE-Y	F-score: 0.494
ONLINE-Y	F-score: 0.682
ONLINE-Y	F-score: 0.844
ONLINE-Y	F-score: 0.462
ONLINE-Y	F-score: 0.444
ONLINE-Y	F-score: 0.794
ONLINE-Y	F-score: 0.957
ONLINE-Y	F-score: 0.524
ONLINE-Y	F-score: 0.617
ONLINE-Y	F-score: 0.824
ONLINE-Y	F-score: 0.527
ONLINE-Y	F-score: 0.441
ONLINE-Y	F-score: 0.467
ONLINE-Y	F-score: 0.524
ONLINE-Y	F-score: 0.667
ONLINE-Y	F-score: 0.286
ONLINE-Y	F-score: 0.500
ONLINE-Y	F-score: 0.426
ONLINE-Y	F-score: 0.432
ONLINE-Y	F-score: 0.714
ONLINE-Y	F-score: 0.833
ONLINE-Y	F-score: 0.585
ONLINE-Y	F-score: 0.913
ONLINE-Y	F-score: 0.364
ONLINE-Y	F-score: 0.875
ONLINE-Y	F-score: 0.889
ONLINE-Y	F-score: 0.207
ONLINE-Y	F-score: 0.667
ONLINE-Y	F-score: 0.631
ONLINE-Y	F-score: 0.667
ONLINE-Y	F-score: 0.522
ONLINE-Y	F-score: 0.880
ONLINE-Y	F-score: 0.514
ONLINE-Y	F-score: 0.345
ONLINE-Y	F-score: 0.500
ONLINE-Y	F-score: 0.536
ONLINE-Y	F-score: 0.500
ONLINE-Y	F-score: 0.250
ONLINE-Y	F-score: 0.250
ONLINE-Y	F-score: 0.846
ONLINE-Y	F-score: 0.500
ONLINE-Y	F-score: 0.333
ONLINE-Y	F-score: 0.750
ONLINE-Y	F-score: 0.353
ONLINE-Y	F-score: 0.400
ONLINE-Y	F-score: 0.571
ONLINE-Y	F-score: 0.483
ONLINE-Y	F-score: 0.400
ONLINE-Y	F-score: 0.600
ONLINE-Y	F-score: 0.593
ONLINE-Y	F-score: 0.857
ONLINE-Y	F-score: 0.909
ONLINE-Y	F-score: 0.583
ONLINE-Y	F-score: 0.588
ONLINE-Y	F-score: 0.615
ONLINE-Y	F-score: 0.778
ONLINE-Y	F-score: 0.333
ONLINE-Y	F-score: 0.694
ONLINE-Y	F-score: 1.000
ONLINE-Y	F-score: 0.593
ONLINE-Y	F-score: 0.176
ONLINE-Y	F-score: 0.406
ONLINE-Y	F-score: 0.600
ONLINE-Y	F-score: 0.607
ONLINE-Y	F-score: 0.582
ONLINE-Y	F-score: 0.714
ONLINE-Y	F-score: 0.741
ONLINE-Y	F-score: 0.054
ONLINE-Y	F-score: 0.444
ONLINE-Y	F-score: 0.560
ONLINE-Y	F-score: 0.833
ONLINE-Y	F-score: 0.769
ONLINE-Y	F-score: 0.353
ONLINE-Y	F-score: 0.646
ONLINE-Y	F-score: 0.478
ONLINE-Y	F-score: 0.750
ONLINE-Y	F-score: 0.333
ONLINE-Y	F-score: 0.672
ONLINE-Y	F-score: 0.533
ONLINE-Y	F-score: 0.429
ONLINE-Y	F-score: 0.444
ONLINE-Y	F-score: 0.492
ONLINE-Y	F-score: 0.529
ONLINE-Y	F-score: 0.429
ONLINE-Y	F-score: 0.458
ONLINE-Y	F-score: 0.529
ONLINE-Y	F-score: 0.552
ONLINE-Y	F-score: 0.348
ONLINE-Y	F-score: 0.659
ONLINE-Y	F-score: 0.414
ONLINE-Y	F-score: 0.500
ONLINE-Y	F-score: 0.450
ONLINE-Y	F-score: 0.500
ONLINE-Y	F-score: 0.476
ONLINE-Y	F-score: 0.353
ONLINE-Y	F-score: 0.486
ONLINE-Y	F-score: 0.610
ONLINE-Y	F-score: 0.490
ONLINE-Y	F-score: 0.889
ONLINE-Y	F-score: 0.435
ONLINE-Y	F-score: 0.500
ONLINE-Y	F-score: 0.667
ONLINE-Y	F-score: 0.760
ONLINE-Y	F-score: 0.558
ONLINE-Y	F-score: 0.483
ONLINE-Y	F-score: 0.750
ONLINE-Y	F-score: 0.768
ONLINE-Y	F-score: 0.710
ONLINE-Y	F-score: 0.400
ONLINE-Y	F-score: 0.571
ONLINE-Y	F-score: 0.521
ONLINE-Y	F-score: 0.645
ONLINE-Y	F-score: 0.429
ONLINE-Y	F-score: 0.875
ONLINE-Y	F-score: 0.347
ONLINE-Y	F-score: 0.338
ONLINE-Y	F-score: 0.545
ONLINE-Y	F-score: 0.692
ONLINE-Y	F-score: 0.500
ONLINE-Y	F-score: 0.450
ONLINE-Y	F-score: 0.600
ONLINE-Y	F-score: 0.541
ONLINE-Y	F-score: 0.613
ONLINE-Y	F-score: 0.582
ONLINE-Y	F-score: 0.688
ONLINE-Y	F-score: 0.562
ONLINE-Y	F-score: 0.582
ONLINE-Y	F-score: 0.612
ONLINE-Y	F-score: 0.310
ONLINE-Y	F-score: 0.400
ONLINE-Y	F-score: 0.783
ONLINE-Y	F-score: 0.650
ONLINE-Y	F-score: 0.356
ONLINE-Y	F-score: 0.857
ONLINE-Y	F-score: 0.758
ONLINE-Y	F-score: 0.491
ONLINE-Y	F-score: 0.487
ONLINE-Y	F-score: 0.444
ONLINE-Y	F-score: 0.462
ONLINE-Y	F-score: 0.647
ONLINE-Y	F-score: 0.575
ONLINE-Y	F-score: 0.541
ONLINE-Y	F-score: 0.621
ONLINE-Y	F-score: 0.471
ONLINE-Y	F-score: 0.211
ONLINE-Y	F-score: 0.452
ONLINE-Y	F-score: 0.544
ONLINE-Y	F-score: 0.683
ONLINE-Y	F-score: 0.714
ONLINE-Y	F-score: 0.677
ONLINE-Y	F-score: 0.494
ONLINE-Y	F-score: 0.613
ONLINE-Y	F-score: 0.667
ONLINE-Y	F-score: 0.537
ONLINE-Y	F-score: 0.467
ONLINE-Y	F-score: 0.875
Yishu	F-score: 0.488
Yishu	F-score: 0.602
Yishu	F-score: 0.737
Yishu	F-score: 0.803
Yishu	F-score: 0.929
Yishu	F-score: 0.348
Yishu	F-score: 1.000
Yishu	F-score: 1.000
Yishu	F-score: 0.605
Yishu	F-score: 1.000
Yishu	F-score: 1.000
Yishu	F-score: 0.667
Yishu	F-score: 1.000
Yishu	F-score: 1.000
Yishu	F-score: 0.909
Yishu	F-score: 0.775
Yishu	F-score: 0.314
Yishu	F-score: 1.000
Yishu	F-score: 0.712
Yishu	F-score: 0.756
Yishu	F-score: 0.677
Yishu	F-score: 0.567
Yishu	F-score: 0.267
Yishu	F-score: 1.000
Yishu	F-score: 0.647
Yishu	F-score: 0.800
Yishu	F-score: 0.650
Yishu	F-score: 0.429
Yishu	F-score: 0.261
Yishu	F-score: 0.545
Yishu	F-score: 0.778
Yishu	F-score: 0.600
Yishu	F-score: 0.537
Yishu	F-score: 1.000
Yishu	F-score: 0.571
Yishu	F-score: 1.000
Yishu	F-score: 0.667
Yishu	F-score: 0.167
Yishu	F-score: 0.870
Yishu	F-score: 0.548
Yishu	F-score: 1.000
Yishu	F-score: 0.667
Yishu	F-score: 0.500
Yishu	F-score: 0.594
Yishu	F-score: 0.723
Yishu	F-score: 0.604
Yishu	F-score: 0.605
Yishu	F-score: 1.000
Yishu	F-score: 0.303
Yishu	F-score: 0.312
Yishu	F-score: 1.000
Yishu	F-score: 0.438
Yishu	F-score: 0.571
Yishu	F-score: 0.410
Yishu	F-score: 0.434
Yishu	F-score: 0.522
Yishu	F-score: 0.547
Yishu	F-score: 0.542
Yishu	F-score: 0.500
Yishu	F-score: 0.438
Yishu	F-score: 0.429
Yishu	F-score: 0.286
Yishu	F-score: 0.510
Yishu	F-score: 0.545
Yishu	F-score: 0.336
Yishu	F-score: 0.492
Yishu	F-score: 0.556
Yishu	F-score: 0.857
Yishu	F-score: 0.933
Yishu	F-score: 0.545
Yishu	F-score: 0.645
Yishu	F-score: 0.522
Yishu	F-score: 0.535
Yishu	F-score: 0.857
Yishu	F-score: 1.000
Yishu	F-score: 0.370
Yishu	F-score: 0.627
Yishu	F-score: 0.615
Yishu	F-score: 0.500
Yishu	F-score: 0.667
Yishu	F-score: 0.875
Yishu	F-score: 0.833
Yishu	F-score: 0.810
Yishu	F-score: 0.516
Yishu	F-score: 0.683
Yishu	F-score: 0.786
Yishu	F-score: 1.000
Yishu	F-score: 0.688
Yishu	F-score: 0.276
Yishu	F-score: 0.596
Yishu	F-score: 1.000
Yishu	F-score: 0.783
Yishu	F-score: 0.455
Yishu	F-score: 0.667
Yishu	F-score: 1.000
Yishu	F-score: 0.833
Yishu	F-score: 0.400
Yishu	F-score: 0.522
Yishu	F-score: 0.818
Yishu	F-score: 0.517
Yishu	F-score: 0.800
Yishu	F-score: 0.500
Yishu	F-score: 0.615
Yishu	F-score: 0.667
Yishu	F-score: 0.429
Yishu	F-score: 0.371
Yishu	F-score: 0.800
Yishu	F-score: 0.800
Yishu	F-score: 0.676
Yishu	F-score: 0.423
Yishu	F-score: 0.447
Yishu	F-score: 0.333
Yishu	F-score: 0.500
Yishu	F-score: 0.500
Yishu	F-score: 0.729
Yishu	F-score: 0.833
Yishu	F-score: 0.429
Yishu	F-score: 0.462
Yishu	F-score: 0.615
Yishu	F-score: 0.385
Yishu	F-score: 0.167
Yishu	F-score: 0.400
Yishu	F-score: 0.342
Yishu	F-score: 0.750
Yishu	F-score: 0.565
Yishu	F-score: 0.247
Yishu	F-score: 0.667
Yishu	F-score: 1.000
Yishu	F-score: 0.500
Yishu	F-score: 0.846
Yishu	F-score: 0.500
Yishu	F-score: 0.333
Yishu	F-score: 0.333
Yishu	F-score: 0.625
Yishu	F-score: 0.545
Yishu	F-score: 0.541
Yishu	F-score: 0.348
Yishu	F-score: 0.750
Yishu	F-score: 0.333
Yishu	F-score: 0.714
Yishu	F-score: 0.571
Yishu	F-score: 0.505
Yishu	F-score: 0.833
Yishu	F-score: 0.400
Yishu	F-score: 0.636
Yishu	F-score: 0.513
Yishu	F-score: 0.516
Yishu	F-score: 0.600
Yishu	F-score: 0.508
Yishu	F-score: 0.842
Yishu	F-score: 0.583
Yishu	F-score: 0.467
Yishu	F-score: 0.630
Yishu	F-score: 0.333
Yishu	F-score: 0.379
Yishu	F-score: 0.537
Yishu	F-score: 0.526
Yishu	F-score: 0.317
Yishu	F-score: 0.800
Yishu	F-score: 0.308
Yishu	F-score: 0.389
Yishu	F-score: 0.761
Yishu	F-score: 0.600
Yishu	F-score: 0.718
Yishu	F-score: 0.703
Yishu	F-score: 0.771
Yishu	F-score: 0.547
Yishu	F-score: 0.894
Yishu	F-score: 0.576
Yishu	F-score: 0.794
Yishu	F-score: 0.898
Yishu	F-score: 0.258
Yishu	F-score: 0.303
Yishu	F-score: 0.303
Yishu	F-score: 0.500
Yishu	F-score: 0.537
Yishu	F-score: 0.541
Yishu	F-score: 0.410
Yishu	F-score: 0.105
Yishu	F-score: 0.444
Yishu	F-score: 0.314
Yishu	F-score: 0.267
Yishu	F-score: 0.133
Yishu	F-score: 0.400
Yishu	F-score: 0.520
Yishu	F-score: 0.500
Yishu	F-score: 0.438
Yishu	F-score: 0.462
Yishu	F-score: 0.410
Yishu	F-score: 1.000
Yishu	F-score: 1.000
Yishu	F-score: 0.913
Yishu	F-score: 0.968
Yishu	F-score: 0.548
Yishu	F-score: 0.500
Yishu	F-score: 1.000
Yishu	F-score: 0.733
Yishu	F-score: 0.631
Yishu	F-score: 0.641
Yishu	F-score: 0.440
Yishu	F-score: 0.455
Yishu	F-score: 0.415
Yishu	F-score: 0.438
Yishu	F-score: 0.704
Yishu	F-score: 0.621
Yishu	F-score: 0.458
Yishu	F-score: 0.449
Yishu	F-score: 0.833
Yishu	F-score: 0.333
Yishu	F-score: 0.600
Yishu	F-score: 0.426
Yishu	F-score: 0.571
Yishu	F-score: 0.242
Yishu	F-score: 0.466
Yishu	F-score: 0.548
Yishu	F-score: 0.595
Yishu	F-score: 0.375
Yishu	F-score: 0.304
Yishu	F-score: 0.450
Yishu	F-score: 0.567
Yishu	F-score: 0.578
Yishu	F-score: 0.281
Yishu	F-score: 0.600
Yishu	F-score: 0.244
Yishu	F-score: 0.316
Yishu	F-score: 0.645
Yishu	F-score: 0.621
Yishu	F-score: 0.576
Yishu	F-score: 0.597
Yishu	F-score: 0.714
Yishu	F-score: 0.435
Yishu	F-score: 0.657
Yishu	F-score: 0.295
Yishu	F-score: 0.571
Yishu	F-score: 0.400
Yishu	F-score: 1.000
Yishu	F-score: 1.000
Yishu	F-score: 0.733
Yishu	F-score: 1.000
Yishu	F-score: 1.000
Yishu	F-score: 0.889
Yishu	F-score: 1.000
Yishu	F-score: 0.984
Yishu	F-score: 0.900
Yishu	F-score: 0.750
Yishu	F-score: 0.500
Yishu	F-score: 0.562
Yishu	F-score: 0.565
Yishu	F-score: 0.580
Yishu	F-score: 0.500
Yishu	F-score: 0.328
Yishu	F-score: 0.338
Yishu	F-score: 0.545
Yishu	F-score: 0.366
Yishu	F-score: 0.434
Yishu	F-score: 0.508
Yishu	F-score: 0.833
Yishu	F-score: 0.500
Yishu	F-score: 0.400
Yishu	F-score: 0.360
Yishu	F-score: 0.649
Yishu	F-score: 0.543
Yishu	F-score: 0.430
Yishu	F-score: 0.571
Yishu	F-score: 0.696
Yishu	F-score: 0.611
Yishu	F-score: 0.419
Yishu	F-score: 0.478
Yishu	F-score: 0.554
Yishu	F-score: 0.648
Yishu	F-score: 0.783
Yishu	F-score: 0.491
Yishu	F-score: 0.529
Yishu	F-score: 0.267
Yishu	F-score: 0.630
Yishu	F-score: 0.405
Yishu	F-score: 0.512
Yishu	F-score: 0.333
Yishu	F-score: 0.454
Yishu	F-score: 0.750
Yishu	F-score: 1.000
Yishu	F-score: 0.560
Yishu	F-score: 0.828
Yishu	F-score: 0.885
Yishu	F-score: 0.412
Yishu	F-score: 0.684
Yishu	F-score: 1.000
Yishu	F-score: 0.449
Yishu	F-score: 0.923
Yishu	F-score: 0.588
Yishu	F-score: 0.545
Yishu	F-score: 0.378
Yishu	F-score: 0.421
Yishu	F-score: 0.500
Yishu	F-score: 0.495
Yishu	F-score: 0.392
Yishu	F-score: 0.485
Yishu	F-score: 0.446
Yishu	F-score: 0.429
Yishu	F-score: 0.565
Yishu	F-score: 0.667
Yishu	F-score: 0.425
Yishu	F-score: 0.250
Yishu	F-score: 0.600
Yishu	F-score: 0.495
Yishu	F-score: 0.778
Yishu	F-score: 0.719
Yishu	F-score: 0.478
Yishu	F-score: 0.613
Yishu	F-score: 0.404
Yishu	F-score: 0.647
Yishu	F-score: 0.769
Yishu	F-score: 0.545
Yishu	F-score: 0.613
Yishu	F-score: 1.000
Yishu	F-score: 0.955
Yishu	F-score: 0.882
Yishu	F-score: 0.894
Yishu	F-score: 0.632
Yishu	F-score: 0.914
Yishu	F-score: 0.944
Yishu	F-score: 0.853
Yishu	F-score: 1.000
Yishu	F-score: 0.595
Yishu	F-score: 0.594
Yishu	F-score: 0.400
Yishu	F-score: 0.393
Yishu	F-score: 0.269
Yishu	F-score: 0.409
Yishu	F-score: 0.487
Yishu	F-score: 0.750
Yishu	F-score: 0.700
Yishu	F-score: 0.600
Yishu	F-score: 0.571
Yishu	F-score: 0.437
Yishu	F-score: 0.512
Yishu	F-score: 0.403
Yishu	F-score: 0.437
Yishu	F-score: 0.390
Yishu	F-score: 0.534
Yishu	F-score: 0.613
Yishu	F-score: 0.494
Yishu	F-score: 0.545
Yishu	F-score: 0.200
Yishu	F-score: 0.356
Yishu	F-score: 0.436
Yishu	F-score: 0.231
Yishu	F-score: 0.567
Yishu	F-score: 0.479
Yishu	F-score: 0.500
Yishu	F-score: 0.638
Yishu	F-score: 0.607
Yishu	F-score: 1.000
Yishu	F-score: 0.857
Yishu	F-score: 0.823
Yishu	F-score: 0.645
Yishu	F-score: 1.000
Yishu	F-score: 0.677
Yishu	F-score: 1.000
Yishu	F-score: 0.872
Yishu	F-score: 0.538
Yishu	F-score: 0.769
Yishu	F-score: 0.579
Yishu	F-score: 0.682
Yishu	F-score: 0.812
Yishu	F-score: 0.684
Yishu	F-score: 0.629
Yishu	F-score: 0.667
Yishu	F-score: 0.681
Yishu	F-score: 0.800
Yishu	F-score: 0.741
Yishu	F-score: 0.680
Yishu	F-score: 0.746
Yishu	F-score: 0.545
Yishu	F-score: 0.541
Yishu	F-score: 0.759
Yishu	F-score: 0.500
Yishu	F-score: 0.734
Yishu	F-score: 0.720
Yishu	F-score: 0.643
Yishu	F-score: 0.667
Yishu	F-score: 0.400
Yishu	F-score: 0.754
Yishu	F-score: 0.493
Yishu	F-score: 0.444
Yishu	F-score: 0.438
Yishu	F-score: 0.706
Yishu	F-score: 0.571
Yishu	F-score: 0.606
Yishu	F-score: 0.698
Yishu	F-score: 0.765
Yishu	F-score: 0.526
Yishu	F-score: 1.000
Yishu	F-score: 0.381
Yishu	F-score: 0.680
Yishu	F-score: 0.848
Yishu	F-score: 0.609
Yishu	F-score: 1.000
Yishu	F-score: 0.485
Yishu	F-score: 0.831
Yishu	F-score: 0.600
Yishu	F-score: 0.545
Yishu	F-score: 0.471
Yishu	F-score: 0.611
Yishu	F-score: 0.619
Yishu	F-score: 0.781
Yishu	F-score: 0.500
Yishu	F-score: 0.246
Yishu	F-score: 0.500
Yishu	F-score: 0.769
Yishu	F-score: 0.541
Yishu	F-score: 0.167
Yishu	F-score: 0.588
Yishu	F-score: 0.739
Yishu	F-score: 0.750
Yishu	F-score: 0.513
Yishu	F-score: 0.414
Yishu	F-score: 0.330
Yishu	F-score: 1.000
Yishu	F-score: 0.909
Yishu	F-score: 0.818
Yishu	F-score: 0.577
Yishu	F-score: 0.429
Yishu	F-score: 0.542
Yishu	F-score: 0.400
Yishu	F-score: 0.333
Yishu	F-score: 0.617
Yishu	F-score: 0.500
Yishu	F-score: 0.914
Yishu	F-score: 0.778
Yishu	F-score: 1.000
Yishu	F-score: 0.523
Yishu	F-score: 1.000
Yishu	F-score: 0.545
Yishu	F-score: 1.000
Yishu	F-score: 0.533
Yishu	F-score: 0.562
Yishu	F-score: 1.000
Yishu	F-score: 0.846
Yishu	F-score: 0.714
Yishu	F-score: 1.000
Yishu	F-score: 0.850
Yishu	F-score: 0.700
Yishu	F-score: 1.000
Yishu	F-score: 0.682
Yishu	F-score: 0.545
Yishu	F-score: 1.000
Yishu	F-score: 1.000
Yishu	F-score: 0.608
Yishu	F-score: 0.436
Yishu	F-score: 0.873
Yishu	F-score: 0.629
Yishu	F-score: 0.698
Yishu	F-score: 0.667
Yishu	F-score: 0.500
Yishu	F-score: 1.000
Yishu	F-score: 0.800
Yishu	F-score: 0.394
Yishu	F-score: 0.866
Yishu	F-score: 1.000
Yishu	F-score: 1.000
Yishu	F-score: 1.000
Yishu	F-score: 0.500
Yishu	F-score: 1.000
Yishu	F-score: 0.667
Yishu	F-score: 0.556
Yishu	F-score: 0.341
Yishu	F-score: 0.558
Yishu	F-score: 0.747
Yishu	F-score: 0.667
Yishu	F-score: 0.433
Yishu	F-score: 0.683
Yishu	F-score: 1.000
Yishu	F-score: 0.609
Yishu	F-score: 0.667
Yishu	F-score: 0.600
Yishu	F-score: 0.842
Yishu	F-score: 1.000
Yishu	F-score: 1.000
Yishu	F-score: 0.589
Yishu	F-score: 0.609
Yishu	F-score: 0.571
Yishu	F-score: 0.321
Yishu	F-score: 0.625
Yishu	F-score: 0.400
Yishu	F-score: 0.513
Yishu	F-score: 0.635
Yishu	F-score: 0.556
Yishu	F-score: 0.719
Yishu	F-score: 0.868
Yishu	F-score: 0.701
Yishu	F-score: 0.929
Yishu	F-score: 0.680
Yishu	F-score: 0.936
Yishu	F-score: 0.810
Yishu	F-score: 0.493
Yishu	F-score: 0.575
Yishu	F-score: 0.700
Yishu	F-score: 0.659
Yishu	F-score: 0.561
Yishu	F-score: 0.938
Yishu	F-score: 0.738
Yishu	F-score: 0.680
Yishu	F-score: 0.564
Yishu	F-score: 0.561
Yishu	F-score: 0.563
Yishu	F-score: 0.855
Yishu	F-score: 0.739
Yishu	F-score: 0.862
Yishu	F-score: 0.883
Yishu	F-score: 0.746
Yishu	F-score: 0.695
Yishu	F-score: 0.688
Yishu	F-score: 0.768
Yishu	F-score: 0.730
Yishu	F-score: 0.453
Yishu	F-score: 0.516
Yishu	F-score: 0.565
Yishu	F-score: 0.803
Yishu	F-score: 0.500
Yishu	F-score: 0.513
Yishu	F-score: 1.095
Yishu	F-score: 0.500
Yishu	F-score: 1.000
Yishu	F-score: 0.780
Yishu	F-score: 0.933
Yishu	F-score: 1.000
Yishu	F-score: 0.783
Yishu	F-score: 0.648
Yishu	F-score: 0.545
Yishu	F-score: 0.548
Yishu	F-score: 0.307
Yishu	F-score: 0.333
Yishu	F-score: 0.311
Yishu	F-score: 0.407
Yishu	F-score: 0.547
Yishu	F-score: 0.348
Yishu	F-score: 0.233
Yishu	F-score: 0.381
Yishu	F-score: 0.389
Yishu	F-score: 0.447
Yishu	F-score: 0.299
Yishu	F-score: 0.414
Yishu	F-score: 0.413
Yishu	F-score: 0.386
Yishu	F-score: 0.650
Yishu	F-score: 0.683
Yishu	F-score: 0.700
Yishu	F-score: 0.724
Yishu	F-score: 0.597
Yishu	F-score: 1.000
Yishu	F-score: 0.571
Yishu	F-score: 1.000
Yishu	F-score: 0.732
Yishu	F-score: 0.596
Yishu	F-score: 0.840
Yishu	F-score: 0.750
Yishu	F-score: 0.744
Yishu	F-score: 0.485
Yishu	F-score: 0.465
Yishu	F-score: 0.419
Yishu	F-score: 0.520
Yishu	F-score: 0.333
Yishu	F-score: 0.549
Yishu	F-score: 0.568
Yishu	F-score: 0.759
Yishu	F-score: 0.533
Yishu	F-score: 0.524
Yishu	F-score: 0.788
Yishu	F-score: 0.686
Yishu	F-score: 0.814
Yishu	F-score: 0.769
Yishu	F-score: 0.457
Yishu	F-score: 0.429
Yishu	F-score: 0.667
Yishu	F-score: 0.400
Yishu	F-score: 0.720
Yishu	F-score: 0.733
Yishu	F-score: 0.750
Yishu	F-score: 0.804
Yishu	F-score: 0.690
Yishu	F-score: 0.573
Yishu	F-score: 0.636
Yishu	F-score: 0.752
Yishu	F-score: 1.000
Yishu	F-score: 0.516
Yishu	F-score: 0.661
Yishu	F-score: 0.372
Yishu	F-score: 0.462
Yishu	F-score: 0.462
Yishu	F-score: 0.548
Yishu	F-score: 0.435
Yishu	F-score: 0.482
Yishu	F-score: 0.364
Yishu	F-score: 0.571
Yishu	F-score: 0.630
Yishu	F-score: 0.817
Yishu	F-score: 0.635
Yishu	F-score: 0.846
Yishu	F-score: 0.755
Yishu	F-score: 0.523
Yishu	F-score: 0.862
Yishu	F-score: 0.704
Yishu	F-score: 0.698
Yishu	F-score: 0.864
Yishu	F-score: 0.481
Yishu	F-score: 0.433
Yishu	F-score: 0.408
Yishu	F-score: 0.442
Yishu	F-score: 0.418
Yishu	F-score: 0.766
Yishu	F-score: 0.622
Yishu	F-score: 0.537
Yishu	F-score: 0.489
Yishu	F-score: 0.550
Yishu	F-score: 0.488
Yishu	F-score: 0.581
Yishu	F-score: 0.584
Yishu	F-score: 0.600
Yishu	F-score: 0.840
Yishu	F-score: 1.000
Yishu	F-score: 0.828
Yishu	F-score: 0.903
Yishu	F-score: 0.812
Yishu	F-score: 0.634
Yishu	F-score: 1.000
Yishu	F-score: 1.000
Yishu	F-score: 0.893
Yishu	F-score: 0.550
Yishu	F-score: 0.481
Yishu	F-score: 0.435
Yishu	F-score: 0.522
Yishu	F-score: 0.591
Yishu	F-score: 0.537
Yishu	F-score: 0.443
Yishu	F-score: 0.560
Yishu	F-score: 0.600
Yishu	F-score: 0.700
Yishu	F-score: 0.560
Yishu	F-score: 0.778
Yishu	F-score: 0.792
Yishu	F-score: 0.832
Yishu	F-score: 0.753
Yishu	F-score: 0.752
Yishu	F-score: 0.716
Yishu	F-score: 1.000
Yishu	F-score: 0.622
Yishu	F-score: 0.469
Yishu	F-score: 0.539
Yishu	F-score: 0.548
Yishu	F-score: 0.485
Yishu	F-score: 0.465
Yishu	F-score: 0.568
Yishu	F-score: 0.449
Yishu	F-score: 0.703
Yishu	F-score: 1.000
Yishu	F-score: 0.500
Yishu	F-score: 0.698
Yishu	F-score: 0.733
Yishu	F-score: 0.857
Yishu	F-score: 0.860
Yishu	F-score: 0.725
Yishu	F-score: 0.882
Yishu	F-score: 0.777
Yishu	F-score: 0.882
Yishu	F-score: 0.676
Yishu	F-score: 1.000
Yishu	F-score: 1.000
Yishu	F-score: 1.000
Yishu	F-score: 1.000
Yishu	F-score: 0.800
Yishu	F-score: 0.839
Yishu	F-score: 0.725
Yishu	F-score: 0.902
Yishu	F-score: 0.632
Yishu	F-score: 0.722
Yishu	F-score: 0.390
Yishu	F-score: 0.440
Yishu	F-score: 0.479
Yishu	F-score: 0.381
Yishu	F-score: 0.418
Yishu	F-score: 0.478
Yishu	F-score: 0.396
Yishu	F-score: 0.311
Yishu	F-score: 0.396
Yishu	F-score: 0.273
Yishu	F-score: 0.567
Yishu	F-score: 1.000
Yishu	F-score: 0.561
Yishu	F-score: 0.651
Yishu	F-score: 1.000
Yishu	F-score: 0.863
Yishu	F-score: 0.667
Yishu	F-score: 0.748
Yishu	F-score: 0.660
Yishu	F-score: 0.500
Yishu	F-score: 0.727
Yishu	F-score: 0.644
Yishu	F-score: 0.646
Yishu	F-score: 0.494
Yishu	F-score: 0.608
Yishu	F-score: 0.474
Yishu	F-score: 1.000
Yishu	F-score: 0.535
Yishu	F-score: 0.582
Yishu	F-score: 0.400
Yishu	F-score: 0.692
Yishu	F-score: 0.750
Yishu	F-score: 0.556
Yishu	F-score: 0.773
Yishu	F-score: 0.748
Yishu	F-score: 0.737
Yishu	F-score: 0.440
Yishu	F-score: 1.000
Yishu	F-score: 0.630
Yishu	F-score: 0.784
Yishu	F-score: 0.800
Yishu	F-score: 0.593
Yishu	F-score: 0.759
Yishu	F-score: 0.795
Yishu	F-score: 0.574
Yishu	F-score: 0.748
Yishu	F-score: 0.676
Yishu	F-score: 0.942
Yishu	F-score: 0.519
Yishu	F-score: 0.929
Yishu	F-score: 0.883
Yishu	F-score: 0.789
Yishu	F-score: 0.706
Yishu	F-score: 0.909
Yishu	F-score: 0.579
Yishu	F-score: 0.700
Yishu	F-score: 0.877
Yishu	F-score: 0.733
Yishu	F-score: 0.935
Yishu	F-score: 0.838
Yishu	F-score: 0.674
Yishu	F-score: 0.818
Yishu	F-score: 0.693
Yishu	F-score: 0.753
Yishu	F-score: 0.726
Yishu	F-score: 0.400
Yishu	F-score: 0.647
Yishu	F-score: 0.627
Yishu	F-score: 1.000
Yishu	F-score: 0.916
Yishu	F-score: 0.750
Yishu	F-score: 0.784
Yishu	F-score: 0.637
Yishu	F-score: 0.639
Yishu	F-score: 0.650
Yishu	F-score: 0.605
Yishu	F-score: 0.857
Yishu	F-score: 0.667
Yishu	F-score: 0.594
Yishu	F-score: 0.625
Yishu	F-score: 0.641
Yishu	F-score: 0.933
Yishu	F-score: 0.624
Yishu	F-score: 0.539
Yishu	F-score: 0.442
Yishu	F-score: 0.667
Yishu	F-score: 0.625
Yishu	F-score: 0.756
Yishu	F-score: 0.752
Yishu	F-score: 0.714
Yishu	F-score: 0.258
Yishu	F-score: 0.624
Yishu	F-score: 1.000
Yishu	F-score: 0.894
Yishu	F-score: 0.778
Yishu	F-score: 0.695
Yishu	F-score: 0.732
Yishu	F-score: 1.000
Yishu	F-score: 0.851
Yishu	F-score: 0.803
Yishu	F-score: 0.857
Yishu	F-score: 0.795
Yishu	F-score: 1.000
Yishu	F-score: 0.718
Yishu	F-score: 0.463
Yishu	F-score: 0.500
Yishu	F-score: 0.864
Yishu	F-score: 0.909
Yishu	F-score: 0.571
Yishu	F-score: 0.795
Yishu	F-score: 0.850
Yishu	F-score: 0.970
Yishu	F-score: 1.000
Yishu	F-score: 1.000
Yishu	F-score: 1.000
Yishu	F-score: 0.952
Yishu	F-score: 1.000
Yishu	F-score: 0.938
Yishu	F-score: 0.812
Yishu	F-score: 0.769
Yishu	F-score: 0.713
Yishu	F-score: 0.822
Yishu	F-score: 0.679
Yishu	F-score: 0.711
Yishu	F-score: 0.764
Yishu	F-score: 0.692
Yishu	F-score: 1.000
Yishu	F-score: 0.673
Yishu	F-score: 0.759
Yishu	F-score: 0.897
Yishu	F-score: 1.000
Yishu	F-score: 0.833
Yishu	F-score: 0.706
Yishu	F-score: 0.714
Yishu	F-score: 0.646
Yishu	F-score: 1.000
Yishu	F-score: 0.480
Yishu	F-score: 1.000
Yishu	F-score: 0.600
Yishu	F-score: 0.765
Yishu	F-score: 0.900
Yishu	F-score: 0.679
Yishu	F-score: 0.513
Yishu	F-score: 0.850
Yishu	F-score: 0.833
Yishu	F-score: 1.000
Yishu	F-score: 1.000
Yishu	F-score: 0.654
Yishu	F-score: 1.000
Yishu	F-score: 0.737
Yishu	F-score: 1.000
Yishu	F-score: 0.710
Yishu	F-score: 0.610
Yishu	F-score: 0.846
Yishu	F-score: 0.703
Yishu	F-score: 0.667
Yishu	F-score: 0.700
Yishu	F-score: 1.000
Yishu	F-score: 1.000
Yishu	F-score: 0.879
Yishu	F-score: 0.750
Yishu	F-score: 0.881
Yishu	F-score: 0.760
Yishu	F-score: 0.947
Yishu	F-score: 1.000
Yishu	F-score: 1.000
Yishu	F-score: 0.769
Yishu	F-score: 0.800
Yishu	F-score: 0.557
Yishu	F-score: 0.847
Yishu	F-score: 1.000
Yishu	F-score: 0.771
Yishu	F-score: 0.800
Yishu	F-score: 1.000
Yishu	F-score: 1.000
Yishu	F-score: 0.769
Yishu	F-score: 0.839
Yishu	F-score: 0.585
Yishu	F-score: 1.000
Yishu	F-score: 0.958
Yishu	F-score: 0.580
Yishu	F-score: 1.000
Yishu	F-score: 1.000
Yishu	F-score: 1.000
Yishu	F-score: 0.838
Yishu	F-score: 0.708
Yishu	F-score: 0.830
Yishu	F-score: 1.000
Yishu	F-score: 0.653
Yishu	F-score: 0.771
Yishu	F-score: 0.864
Yishu	F-score: 0.800
Yishu	F-score: 0.952
Yishu	F-score: 0.633
Yishu	F-score: 0.586
Yishu	F-score: 0.977
Yishu	F-score: 1.000
Yishu	F-score: 0.785
Yishu	F-score: 0.933
Yishu	F-score: 0.929
Yishu	F-score: 0.795
Yishu	F-score: 0.636
Yishu	F-score: 0.658
Yishu	F-score: 1.000
Yishu	F-score: 0.598
Yishu	F-score: 0.727
Yishu	F-score: 0.990
Yishu	F-score: 1.000
Yishu	F-score: 1.000
Yishu	F-score: 0.825
Yishu	F-score: 1.000
Yishu	F-score: 0.885
Yishu	F-score: 0.552
Yishu	F-score: 0.585
Yishu	F-score: 0.723
Yishu	F-score: 0.750
Yishu	F-score: 0.654
Yishu	F-score: 1.000
Yishu	F-score: 0.503
Yishu	F-score: 0.808
Yishu	F-score: 0.778
Yishu	F-score: 0.767
Yishu	F-score: 0.648
Yishu	F-score: 0.676
Yishu	F-score: 0.768
Yishu	F-score: 0.817
Yishu	F-score: 0.602
Yishu	F-score: 1.000
Yishu	F-score: 0.796
Yishu	F-score: 0.769
Yishu	F-score: 0.612
Yishu	F-score: 0.718
Yishu	F-score: 0.769
Yishu	F-score: 0.706
Yishu	F-score: 0.623
Yishu	F-score: 0.923
Yishu	F-score: 0.549
Yishu	F-score: 0.571
Yishu	F-score: 0.638
Yishu	F-score: 0.726
Yishu	F-score: 0.715
Yishu	F-score: 0.700
Yishu	F-score: 0.746
Yishu	F-score: 0.537
Yishu	F-score: 0.744
Yishu	F-score: 0.553
Yishu	F-score: 0.789
Yishu	F-score: 0.438
Yishu	F-score: 0.748
Yishu	F-score: 0.909
Yishu	F-score: 0.810
Yishu	F-score: 0.143
Yishu	F-score: 0.650
Yishu	F-score: 0.571
Yishu	F-score: 0.792
Yishu	F-score: 0.872
Yishu	F-score: 0.615
Yishu	F-score: 0.677
Yishu	F-score: 0.784
Yishu	F-score: 0.517
Yishu	F-score: 0.649
Yishu	F-score: 1.000
Yishu	F-score: 0.605
Yishu	F-score: 0.683
Yishu	F-score: 0.894
Yishu	F-score: 0.857
Yishu	F-score: 0.727
Yishu	F-score: 1.000
Yishu	F-score: 1.000
Yishu	F-score: 0.818
Yishu	F-score: 0.716
Yishu	F-score: 0.915
Yishu	F-score: 0.734
Yishu	F-score: 0.833
Yishu	F-score: 0.927
Yishu	F-score: 0.990
Yishu	F-score: 0.831
Yishu	F-score: 1.000
Yishu	F-score: 0.653
Yishu	F-score: 0.699
Yishu	F-score: 0.667
Yishu	F-score: 1.000
Yishu	F-score: 0.740
Yishu	F-score: 0.886
Yishu	F-score: 0.744
Yishu	F-score: 1.000
Yishu	F-score: 0.915
Yishu	F-score: 0.646
Yishu	F-score: 0.667
Yishu	F-score: 0.839
Yishu	F-score: 0.712
Yishu	F-score: 0.842
Yishu	F-score: 0.633
Yishu	F-score: 0.727
Yishu	F-score: 0.810
Yishu	F-score: 0.697
Yishu	F-score: 0.839
Yishu	F-score: 0.755
Yishu	F-score: 0.703
Yishu	F-score: 0.576
Yishu	F-score: 0.667
Yishu	F-score: 0.493
Yishu	F-score: 0.654
Yishu	F-score: 0.464
Yishu	F-score: 0.636
Yishu	F-score: 0.973
Yishu	F-score: 0.712
Yishu	F-score: 0.797
Yishu	F-score: 1.000
Yishu	F-score: 0.576
Yishu	F-score: 0.684
Yishu	F-score: 0.682
Yishu	F-score: 0.608
Yishu	F-score: 0.614
Yishu	F-score: 0.769
Yishu	F-score: 0.560
Yishu	F-score: 0.594
Yishu	F-score: 0.781
Yishu	F-score: 0.702
Yishu	F-score: 1.000
Yishu	F-score: 0.634
Yishu	F-score: 0.776
Yishu	F-score: 0.923
Yishu	F-score: 1.000
Yishu	F-score: 0.732
Yishu	F-score: 0.633
Yishu	F-score: 0.405
Yishu	F-score: 0.509
Yishu	F-score: 0.639
Yishu	F-score: 0.763
Yishu	F-score: 0.537
Yishu	F-score: 0.685
Yishu	F-score: 0.826
Yishu	F-score: 0.769
Yishu	F-score: 0.792
Yishu	F-score: 0.590
Yishu	F-score: 0.762
Yishu	F-score: 0.695
Yishu	F-score: 0.800
Yishu	F-score: 0.689
Yishu	F-score: 0.763
Yishu	F-score: 0.900
Yishu	F-score: 0.296
Yishu	F-score: 0.505
Yishu	F-score: 1.000
Yishu	F-score: 0.694
Yishu	F-score: 0.625
Yishu	F-score: 0.756
Yishu	F-score: 0.479
Yishu	F-score: 1.000
Yishu	F-score: 0.719
Yishu	F-score: 0.643
Yishu	F-score: 0.605
Yishu	F-score: 0.628
Yishu	F-score: 0.588
Yishu	F-score: 0.641
Yishu	F-score: 0.680
Yishu	F-score: 1.000
Yishu	F-score: 1.000
Yishu	F-score: 0.745
Yishu	F-score: 0.881
Yishu	F-score: 0.703
Yishu	F-score: 0.703
Yishu	F-score: 0.719
Yishu	F-score: 1.000
Yishu	F-score: 0.951
Yishu	F-score: 1.000
Yishu	F-score: 0.877
Yishu	F-score: 0.929
Yishu	F-score: 0.913
Yishu	F-score: 0.894
Yishu	F-score: 0.704
Yishu	F-score: 0.943
Yishu	F-score: 0.891
Yishu	F-score: 0.720
Yishu	F-score: 1.000
Yishu	F-score: 0.887
Yishu	F-score: 0.720
Yishu	F-score: 0.825
Yishu	F-score: 0.728
Yishu	F-score: 0.545
Yishu	F-score: 1.000
Yishu	F-score: 0.735
Yishu	F-score: 1.000
Yishu	F-score: 0.732
Yishu	F-score: 0.800
Yishu	F-score: 0.564
Yishu	F-score: 1.000
Yishu	F-score: 0.537
Yishu	F-score: 0.647
Yishu	F-score: 0.720
Yishu	F-score: 1.000
Yishu	F-score: 1.000
Yishu	F-score: 1.000
Yishu	F-score: 0.731
Yishu	F-score: 0.742
Yishu	F-score: 0.722
Yishu	F-score: 0.483
Yishu	F-score: 0.659
Yishu	F-score: 0.737
Yishu	F-score: 0.727
Yishu	F-score: 0.400
Yishu	F-score: 0.842
Yishu	F-score: 0.720
Yishu	F-score: 0.667
Yishu	F-score: 0.591
Yishu	F-score: 0.705
Yishu	F-score: 0.600
Yishu	F-score: 0.766
Yishu	F-score: 0.582
Yishu	F-score: 0.633
Yishu	F-score: 0.808
Yishu	F-score: 0.862
Yishu	F-score: 0.626
Yishu	F-score: 1.000
Yishu	F-score: 0.576
Yishu	F-score: 0.805
Yishu	F-score: 0.775
Yishu	F-score: 0.567
Yishu	F-score: 1.000
Yishu	F-score: 0.740
Yishu	F-score: 0.828
Yishu	F-score: 1.000
Yishu	F-score: 0.760
Yishu	F-score: 1.000
Yishu	F-score: 0.831
Yishu	F-score: 0.889
Yishu	F-score: 0.727
Yishu	F-score: 0.853
Yishu	F-score: 0.766
Yishu	F-score: 0.820
Yishu	F-score: 0.600
Yishu	F-score: 0.830
Yishu	F-score: 0.508
Yishu	F-score: 0.867
Yishu	F-score: 0.259
Yishu	F-score: 0.830
Yishu	F-score: 0.850
Yishu	F-score: 0.667
Yishu	F-score: 0.760
Yishu	F-score: 0.824
Yishu	F-score: 0.889
Yishu	F-score: 0.844
Yishu	F-score: 0.893
Yishu	F-score: 0.825
Yishu	F-score: 0.750
Yishu	F-score: 0.754
Yishu	F-score: 0.819
Yishu	F-score: 0.615
Yishu	F-score: 0.855
Yishu	F-score: 0.918
Yishu	F-score: 1.000
Yishu	F-score: 1.000
Yishu	F-score: 1.000
Yishu	F-score: 0.909
Yishu	F-score: 0.743
Yishu	F-score: 0.747
Yishu	F-score: 1.000
Yishu	F-score: 1.000
Yishu	F-score: 0.800
Yishu	F-score: 0.857
Yishu	F-score: 0.857
Yishu	F-score: 0.818
Yishu	F-score: 0.857
Yishu	F-score: 0.924
Yishu	F-score: 1.000
Yishu	F-score: 0.727
Yishu	F-score: 1.000
Yishu	F-score: 0.720
Yishu	F-score: 0.812
Yishu	F-score: 0.800
Yishu	F-score: 1.000
Yishu	F-score: 0.839
Yishu	F-score: 1.000
Yishu	F-score: 0.929
Yishu	F-score: 0.812
Yishu	F-score: 0.943
Yishu	F-score: 1.000
Yishu	F-score: 0.727
Yishu	F-score: 0.936
Yishu	F-score: 0.884
Yishu	F-score: 0.696
Yishu	F-score: 0.752
Yishu	F-score: 0.899
Yishu	F-score: 0.702
Yishu	F-score: 0.727
Yishu	F-score: 0.735
Yishu	F-score: 0.694
Yishu	F-score: 0.597
Yishu	F-score: 0.727
Yishu	F-score: 0.714
Yishu	F-score: 0.571
Yishu	F-score: 0.900
Yishu	F-score: 0.696
Yishu	F-score: 0.885
Yishu	F-score: 0.863
Yishu	F-score: 0.636
Yishu	F-score: 0.627
Yishu	F-score: 0.733
Yishu	F-score: 0.615
Yishu	F-score: 0.909
Yishu	F-score: 0.706
Yishu	F-score: 0.676
Yishu	F-score: 0.813
Yishu	F-score: 0.588
Yishu	F-score: 0.840
Yishu	F-score: 1.000
Yishu	F-score: 0.494
Yishu	F-score: 0.955
Yishu	F-score: 0.852
Yishu	F-score: 0.857
Yishu	F-score: 0.581
Yishu	F-score: 1.000
Yishu	F-score: 0.836
Yishu	F-score: 0.889
Yishu	F-score: 0.857
Yishu	F-score: 0.769
Yishu	F-score: 0.800
Yishu	F-score: 0.845
Yishu	F-score: 0.611
Yishu	F-score: 0.760
Yishu	F-score: 0.869
Yishu	F-score: 0.783
Yishu	F-score: 0.702
Yishu	F-score: 0.725
Yishu	F-score: 0.796
Yishu	F-score: 0.819
Yishu	F-score: 0.754
Yishu	F-score: 0.752
Yishu	F-score: 0.898
Yishu	F-score: 0.500
Yishu	F-score: 0.500
Yishu	F-score: 0.808
Yishu	F-score: 0.892
Yishu	F-score: 0.761
Yishu	F-score: 0.704
Yishu	F-score: 0.615
Yishu	F-score: 0.909
Yishu	F-score: 0.818
Yishu	F-score: 0.641
Yishu	F-score: 0.500
Yishu	F-score: 1.000
Yishu	F-score: 0.679
Yishu	F-score: 0.741
Yishu	F-score: 0.911
Yishu	F-score: 1.000
Yishu	F-score: 0.808
Yishu	F-score: 0.701
Yishu	F-score: 0.895
Yishu	F-score: 0.711
Yishu	F-score: 0.596
Yishu	F-score: 0.500
Yishu	F-score: 0.933
Yishu	F-score: 0.571
Yishu	F-score: 0.965
Yishu	F-score: 0.842
Yishu	F-score: 0.756
Yishu	F-score: 0.835
Yishu	F-score: 0.842
Yishu	F-score: 0.950
Yishu	F-score: 0.748
Yishu	F-score: 0.818
Yishu	F-score: 0.812
Yishu	F-score: 0.764
Yishu	F-score: 0.694
Yishu	F-score: 0.559
Yishu	F-score: 0.836
Yishu	F-score: 0.724
Yishu	F-score: 0.852
Yishu	F-score: 0.817
Yishu	F-score: 0.603
Yishu	F-score: 0.714
Yishu	F-score: 0.824
Yishu	F-score: 0.923
Yishu	F-score: 0.878
Yishu	F-score: 0.808
Yishu	F-score: 0.583
Yishu	F-score: 0.780
Yishu	F-score: 0.623
Yishu	F-score: 0.857
Yishu	F-score: 0.828
Yishu	F-score: 0.870
Yishu	F-score: 0.800
Yishu	F-score: 0.400
Yishu	F-score: 0.923
Yishu	F-score: 0.385
Yishu	F-score: 0.561
Yishu	F-score: 0.835
Yishu	F-score: 0.675
Yishu	F-score: 1.000
Yishu	F-score: 0.667
Yishu	F-score: 0.658
Yishu	F-score: 0.634
Yishu	F-score: 0.532
Yishu	F-score: 0.541
Yishu	F-score: 0.500
Yishu	F-score: 0.769
Yishu	F-score: 0.682
Yishu	F-score: 0.532
Yishu	F-score: 0.839
Yishu	F-score: 0.778
Yishu	F-score: 0.656
Yishu	F-score: 0.903
Yishu	F-score: 0.659
Yishu	F-score: 0.500
Yishu	F-score: 0.724
Yishu	F-score: 0.656
Yishu	F-score: 0.889
Yishu	F-score: 0.737
Yishu	F-score: 1.000
Yishu	F-score: 0.625
Yishu	F-score: 0.556
Yishu	F-score: 0.556
Yishu	F-score: 0.750
Yishu	F-score: 0.889
Yishu	F-score: 0.538
Yishu	F-score: 1.000
Yishu	F-score: 0.630
Yishu	F-score: 1.000
Yishu	F-score: 0.750
Yishu	F-score: 0.569
Yishu	F-score: 0.821
Yishu	F-score: 0.800
Yishu	F-score: 0.710
Yishu	F-score: 0.645
Yishu	F-score: 1.000
Yishu	F-score: 0.800
Yishu	F-score: 0.655
Yishu	F-score: 1.000
Yishu	F-score: 0.302
Yishu	F-score: 0.648
Yishu	F-score: 0.689
Yishu	F-score: 1.000
Yishu	F-score: 0.659
Yishu	F-score: 0.700
Yishu	F-score: 0.955
Yishu	F-score: 0.944
Yishu	F-score: 1.000
Yishu	F-score: 1.000
Yishu	F-score: 0.651
Yishu	F-score: 0.476
Yishu	F-score: 0.578
Yishu	F-score: 0.680
Yishu	F-score: 0.437
Yishu	F-score: 0.696
Yishu	F-score: 0.818
Yishu	F-score: 1.000
Yishu	F-score: 0.795
Yishu	F-score: 0.754
Yishu	F-score: 0.625
Yishu	F-score: 0.476
Yishu	F-score: 1.000
Yishu	F-score: 0.881
Yishu	F-score: 1.000
Yishu	F-score: 0.596
Yishu	F-score: 0.730
Yishu	F-score: 0.356
Yishu	F-score: 0.548
Yishu	F-score: 1.000
Yishu	F-score: 0.500
Yishu	F-score: 0.674
Yishu	F-score: 0.814
Yishu	F-score: 0.735
Yishu	F-score: 0.588
Yishu	F-score: 0.875
Yishu	F-score: 0.756
Yishu	F-score: 0.667
Yishu	F-score: 0.235
Yishu	F-score: 0.541
Yishu	F-score: 0.740
Yishu	F-score: 0.538
Yishu	F-score: 0.768
Yishu	F-score: 0.600
Yishu	F-score: 0.600
Yishu	F-score: 0.200
Yishu	F-score: 0.631
Yishu	F-score: 0.444
Yishu	F-score: 0.421
Yishu	F-score: 0.698
Yishu	F-score: 1.000
Yishu	F-score: 0.568
Yishu	F-score: 0.714
Yishu	F-score: 0.512
Yishu	F-score: 0.846
Yishu	F-score: 0.757
Yishu	F-score: 0.767
Yishu	F-score: 0.603
Yishu	F-score: 1.000
Yishu	F-score: 1.000
Yishu	F-score: 0.857
Yishu	F-score: 0.484
Yishu	F-score: 0.533
Yishu	F-score: 0.509
Yishu	F-score: 0.678
Yishu	F-score: 0.522
Yishu	F-score: 0.554
Yishu	F-score: 0.651
Yishu	F-score: 0.563
Yishu	F-score: 0.625
Yishu	F-score: 1.000
Yishu	F-score: 0.519
Yishu	F-score: 0.750
Yishu	F-score: 0.571
Yishu	F-score: 0.519
Yishu	F-score: 0.741
Yishu	F-score: 0.533
Yishu	F-score: 0.435
Yishu	F-score: 0.727
Yishu	F-score: 0.529
Yishu	F-score: 1.000
Yishu	F-score: 0.886
Yishu	F-score: 0.308
Yishu	F-score: 0.432
Yishu	F-score: 1.000
Yishu	F-score: 0.520
Yishu	F-score: 0.875
Yishu	F-score: 0.564
Yishu	F-score: 0.478
Yishu	F-score: 0.829
Yishu	F-score: 0.144
Yishu	F-score: 0.479
Yishu	F-score: 0.609
Yishu	F-score: 0.483
Yishu	F-score: 0.364
Yishu	F-score: 0.650
Yishu	F-score: 0.439
Yishu	F-score: 0.667
Yishu	F-score: 0.494
Yishu	F-score: 0.640
Yishu	F-score: 0.629
Yishu	F-score: 0.658
Yishu	F-score: 0.552
Yishu	F-score: 0.588
Yishu	F-score: 0.314
Yishu	F-score: 0.154
Yishu	F-score: 0.871
Yishu	F-score: 0.735
Yishu	F-score: 0.744
Yishu	F-score: 0.880
Yishu	F-score: 1.000
Yishu	F-score: 1.000
Yishu	F-score: 0.125
Yishu	F-score: 0.716
Yishu	F-score: 0.791
Yishu	F-score: 0.463
Yishu	F-score: 0.475
Yishu	F-score: 0.630
Yishu	F-score: 0.742
Yishu	F-score: 0.541
Yishu	F-score: 0.444
Yishu	F-score: 0.693
Yishu	F-score: 0.609
Yishu	F-score: 0.486
Yishu	F-score: 0.800
Yishu	F-score: 0.957
Yishu	F-score: 1.000
Yishu	F-score: 0.800
Yishu	F-score: 1.000
Yishu	F-score: 1.000
Yishu	F-score: 0.842
Yishu	F-score: 0.829
Yishu	F-score: 0.750
Yishu	F-score: 0.590
Yishu	F-score: 0.434
Yishu	F-score: 0.750
Yishu	F-score: 0.647
Yishu	F-score: 0.714
Yishu	F-score: 0.581
Yishu	F-score: 0.625
Yishu	F-score: 0.621
Yishu	F-score: 0.708
Yishu	F-score: 0.985
Yishu	F-score: 0.713
Yishu	F-score: 0.720
Yishu	F-score: 0.625
Yishu	F-score: 0.639
Yishu	F-score: 0.532
Yishu	F-score: 1.000
Yishu	F-score: 0.714
Yishu	F-score: 0.698
Yishu	F-score: 0.622
Yishu	F-score: 0.638
Yishu	F-score: 0.682
Yishu	F-score: 1.000
Yishu	F-score: 0.494
Yishu	F-score: 0.627
Yishu	F-score: 0.577
Yishu	F-score: 0.781
Yishu	F-score: 0.455
Yishu	F-score: 0.955
Yishu	F-score: 0.590
Yishu	F-score: 0.452
Yishu	F-score: 0.923
Yishu	F-score: 1.000
Yishu	F-score: 0.364
Yishu	F-score: 0.676
Yishu	F-score: 1.000
Yishu	F-score: 0.381
Yishu	F-score: 0.533
Yishu	F-score: 0.750
Yishu	F-score: 0.597
Yishu	F-score: 0.545
Yishu	F-score: 0.734
Yishu	F-score: 0.642
Yishu	F-score: 0.857
Yishu	F-score: 0.823
Yishu	F-score: 0.667
Yishu	F-score: 0.839
Yishu	F-score: 0.860
Yishu	F-score: 0.725
Yishu	F-score: 0.514
Yishu	F-score: 0.784
Yishu	F-score: 0.791
Yishu	F-score: 0.790
Yishu	F-score: 0.774
Yishu	F-score: 1.000
Yishu	F-score: 1.000
Yishu	F-score: 0.642
Yishu	F-score: 0.615
Yishu	F-score: 1.000
Yishu	F-score: 1.000
Yishu	F-score: 0.240
Yishu	F-score: 0.500
Yishu	F-score: 0.750
Yishu	F-score: 0.720
Yishu	F-score: 0.400
Yishu	F-score: 0.588
Yishu	F-score: 0.735
Yishu	F-score: 0.578
Yishu	F-score: 0.611
Yishu	F-score: 0.750
Yishu	F-score: 0.579
Yishu	F-score: 1.000
Yishu	F-score: 1.000
Yishu	F-score: 0.200
Yishu	F-score: 1.000
Yishu	F-score: 1.000
Yishu	F-score: 0.549
Yishu	F-score: 0.211
Yishu	F-score: 0.633
Yishu	F-score: 0.614
Yishu	F-score: 1.000
Yishu	F-score: 0.833
Yishu	F-score: 0.691
Yishu	F-score: 0.750
Yishu	F-score: 0.983
Yishu	F-score: 1.000
Yishu	F-score: 0.500
Yishu	F-score: 0.493
Yishu	F-score: 0.482
Yishu	F-score: 0.800
Yishu	F-score: 0.917
Yishu	F-score: 0.435
Yishu	F-score: 0.774
Yishu	F-score: 0.778
Yishu	F-score: 0.976
Yishu	F-score: 0.558
Yishu	F-score: 1.000
Yishu	F-score: 1.000
Yishu	F-score: 0.734
Yishu	F-score: 0.681
Yishu	F-score: 0.589
Yishu	F-score: 0.510
Yishu	F-score: 0.931
Yishu	F-score: 0.679
Yishu	F-score: 0.762
Yishu	F-score: 1.000
Yishu	F-score: 0.389
Yishu	F-score: 0.654
Yishu	F-score: 0.750
Yishu	F-score: 0.658
Yishu	F-score: 0.533
Yishu	F-score: 1.000
Yishu	F-score: 0.661
Yishu	F-score: 0.750
Yishu	F-score: 0.643
Yishu	F-score: 1.000
Yishu	F-score: 0.667
Yishu	F-score: 0.949
Yishu	F-score: 0.758
Yishu	F-score: 0.500
Yishu	F-score: 0.727
Yishu	F-score: 1.000
Yishu	F-score: 0.516
Yishu	F-score: 0.588
Yishu	F-score: 0.553
Yishu	F-score: 0.497
Yishu	F-score: 0.533
Yishu	F-score: 0.622
Yishu	F-score: 1.000
Yishu	F-score: 1.000
Yishu	F-score: 1.000
Yishu	F-score: 0.925
Yishu	F-score: 1.000
Yishu	F-score: 1.000
Yishu	F-score: 0.333
Yishu	F-score: 0.857
Yishu	F-score: 0.377
Yishu	F-score: 0.574
Yishu	F-score: 0.800
Yishu	F-score: 0.876
Yishu	F-score: 0.480
Yishu	F-score: 0.579
Yishu	F-score: 0.818
Yishu	F-score: 0.754
Yishu	F-score: 1.000
Yishu	F-score: 0.593
Yishu	F-score: 0.800
Yishu	F-score: 0.630
Yishu	F-score: 0.635
Yishu	F-score: 0.533
Yishu	F-score: 0.871
Yishu	F-score: 0.500
Yishu	F-score: 0.686
Yishu	F-score: 0.598
Yishu	F-score: 0.583
Yishu	F-score: 0.608
Yishu	F-score: 0.444
Yishu	F-score: 0.760
Yishu	F-score: 1.000
Yishu	F-score: 0.604
Yishu	F-score: 0.784
Yishu	F-score: 0.600
Yishu	F-score: 0.723
Yishu	F-score: 0.524
Yishu	F-score: 0.727
Yishu	F-score: 0.690
Yishu	F-score: 0.679
Yishu	F-score: 0.333
Yishu	F-score: 1.000
Yishu	F-score: 0.750
Yishu	F-score: 0.596
Yishu	F-score: 0.625
Yishu	F-score: 0.750
Yishu	F-score: 1.000
Yishu	F-score: 1.000
Yishu	F-score: 0.500
Yishu	F-score: 0.333
Yishu	F-score: 0.767
Yishu	F-score: 0.779
Yishu	F-score: 1.000
Yishu	F-score: 0.550
Yishu	F-score: 0.588
Yishu	F-score: 0.904
Yishu	F-score: 0.395
Yishu	F-score: 0.500
Yishu	F-score: 0.286
Yishu	F-score: 0.430
Yishu	F-score: 0.642
Yishu	F-score: 0.560
Yishu	F-score: 0.857
Yishu	F-score: 0.667
Yishu	F-score: 0.944
Yishu	F-score: 1.000
Yishu	F-score: 0.421
Yishu	F-score: 0.588
Yishu	F-score: 0.827
Yishu	F-score: 1.000
Yishu	F-score: 0.533
Yishu	F-score: 0.867
Yishu	F-score: 0.642
Yishu	F-score: 0.498
Yishu	F-score: 0.609
Yishu	F-score: 0.622
Yishu	F-score: 0.500
Yishu	F-score: 0.653
Yishu	F-score: 0.461
Yishu	F-score: 1.000
Yishu	F-score: 0.396
Yishu	F-score: 0.721
Yishu	F-score: 0.620
Yishu	F-score: 0.535
Yishu	F-score: 1.000
Yishu	F-score: 1.000
Yishu	F-score: 0.725
Yishu	F-score: 1.000
Yishu	F-score: 0.750
Yishu	F-score: 1.000
Yishu	F-score: 0.800
Yishu	F-score: 0.421
Yishu	F-score: 0.403
Yishu	F-score: 0.818
Yishu	F-score: 0.200
Yishu	F-score: 0.649
Yishu	F-score: 0.877
Yishu	F-score: 0.750
Yishu	F-score: 0.551
Yishu	F-score: 0.919
Yishu	F-score: 0.604
Yishu	F-score: 0.627
Yishu	F-score: 0.255
Yishu	F-score: 0.778
Yishu	F-score: 0.311
Yishu	F-score: 0.737
Yishu	F-score: 0.714
Yishu	F-score: 0.816
Yishu	F-score: 0.673
Yishu	F-score: 0.600
Yishu	F-score: 0.550
Yishu	F-score: 0.444
Yishu	F-score: 0.400
Yishu	F-score: 0.786
Yishu	F-score: 0.778
Yishu	F-score: 0.686
Yishu	F-score: 0.778
Yishu	F-score: 0.667
Yishu	F-score: 0.812
Yishu	F-score: 0.407
Yishu	F-score: 0.455
Yishu	F-score: 0.852
Yishu	F-score: 0.571
Yishu	F-score: 0.500
Yishu	F-score: 0.696
Yishu	F-score: 0.571
Yishu	F-score: 0.303
Yishu	F-score: 0.625
Yishu	F-score: 0.615
Yishu	F-score: 0.566
Yishu	F-score: 0.493
Yishu	F-score: 0.628
Yishu	F-score: 0.786
Yishu	F-score: 1.000
Yishu	F-score: 0.533
Yishu	F-score: 0.200
Yishu	F-score: 0.579
Yishu	F-score: 0.714
Yishu	F-score: 0.429
Yishu	F-score: 0.444
Yishu	F-score: 0.773
Yishu	F-score: 0.639
Yishu	F-score: 0.589
Yishu	F-score: 0.712
Yishu	F-score: 0.800
Yishu	F-score: 0.636
Yishu	F-score: 0.308
Yishu	F-score: 0.500
Yishu	F-score: 1.000
Yishu	F-score: 0.788
Yishu	F-score: 1.000
Yishu	F-score: 0.840
Yishu	F-score: 0.743
Yishu	F-score: 0.465
Yishu	F-score: 0.596
Yishu	F-score: 0.646
Yishu	F-score: 0.623
Yishu	F-score: 0.476
Yishu	F-score: 0.722
Yishu	F-score: 0.222
Yishu	F-score: 0.716
Yishu	F-score: 0.794
Yishu	F-score: 0.800
Yishu	F-score: 0.714
Yishu	F-score: 0.725
Yishu	F-score: 0.412
Yishu	F-score: 0.655
Yishu	F-score: 0.614
Yishu	F-score: 0.600
Yishu	F-score: 0.500
Yishu	F-score: 0.562
Yishu	F-score: 0.642
Yishu	F-score: 0.571
Yishu	F-score: 0.432
Yishu	F-score: 0.615
Yishu	F-score: 1.000
Yishu	F-score: 0.507
Yishu	F-score: 0.788
Yishu	F-score: 0.562
Yishu	F-score: 0.534
Yishu	F-score: 0.769
Yishu	F-score: 0.831
Yishu	F-score: 0.765
Yishu	F-score: 0.667
Yishu	F-score: 0.241
Yishu	F-score: 0.425
Yishu	F-score: 0.789
Yishu	F-score: 0.683
Yishu	F-score: 0.652
Yishu	F-score: 0.926
Yishu	F-score: 0.593
Yishu	F-score: 0.569
Yishu	F-score: 0.757
Yishu	F-score: 0.710
Yishu	F-score: 0.829
Yishu	F-score: 0.800
Yishu	F-score: 0.909
Yishu	F-score: 0.826
Yishu	F-score: 0.471
Yishu	F-score: 0.602
Yishu	F-score: 0.476
Yishu	F-score: 0.667
Yishu	F-score: 0.556
Yishu	F-score: 0.644
Yishu	F-score: 0.691
Yishu	F-score: 1.000
Yishu	F-score: 0.657
Yishu	F-score: 0.800
Yishu	F-score: 0.864
Yishu	F-score: 0.211
Yishu	F-score: 0.483
Yishu	F-score: 0.774
Yishu	F-score: 0.396
Yishu	F-score: 1.000
Yishu	F-score: 0.602
Yishu	F-score: 0.510
Yishu	F-score: 0.615
Yishu	F-score: 0.555
Yishu	F-score: 0.639
Yishu	F-score: 0.667
Yishu	F-score: 0.500
Yishu	F-score: 0.600
Yishu	F-score: 1.000
Yishu	F-score: 0.786
Yishu	F-score: 0.565
Yishu	F-score: 1.000
Yishu	F-score: 0.596
Yishu	F-score: 0.333
Yishu	F-score: 0.460
Yishu	F-score: 0.639
Yishu	F-score: 0.874
Yishu	F-score: 0.222
Yishu	F-score: 0.595
Yishu	F-score: 0.630
Yishu	F-score: 0.486
Yishu	F-score: 0.629
Yishu	F-score: 1.000
Yishu	F-score: 1.000
Yishu	F-score: 0.889
Yishu	F-score: 1.000
Yishu	F-score: 0.296
Yishu	F-score: 0.700
Yishu	F-score: 0.556
Yishu	F-score: 0.333
Yishu	F-score: 1.000
Yishu	F-score: 0.536
Yishu	F-score: 0.731
Yishu	F-score: 0.600
Yishu	F-score: 0.423
Yishu	F-score: 0.444
Yishu	F-score: 0.667
Yishu	F-score: 0.667
Yishu	F-score: 1.000
Yishu	F-score: 1.000
Yishu	F-score: 0.754
Yishu	F-score: 0.744
Yishu	F-score: 1.000
Yishu	F-score: 0.653
Yishu	F-score: 0.791
Yishu	F-score: 0.472
Yishu	F-score: 0.500
Yishu	F-score: 0.817
Yishu	F-score: 1.000
Yishu	F-score: 1.000
Yishu	F-score: 0.793
Yishu	F-score: 0.824
Yishu	F-score: 0.584
Yishu	F-score: 1.000
Yishu	F-score: 0.655
Yishu	F-score: 0.541
Yishu	F-score: 0.586
Yishu	F-score: 0.545
Yishu	F-score: 0.513
Yishu	F-score: 0.503
Yishu	F-score: 0.606
Yishu	F-score: 0.882
Yishu	F-score: 0.500
Yishu	F-score: 0.683
Yishu	F-score: 0.917
Yishu	F-score: 0.545
Yishu	F-score: 1.000
Yishu	F-score: 1.000
Yishu	F-score: 0.387
Yishu	F-score: 1.000
Yishu	F-score: 0.962
Yishu	F-score: 0.642
Yishu	F-score: 0.575
Yishu	F-score: 0.846
Yishu	F-score: 0.778
Yishu	F-score: 0.500
Yishu	F-score: 0.792
Yishu	F-score: 0.737
Yishu	F-score: 1.000
Yishu	F-score: 0.500
Yishu	F-score: 0.667
Yishu	F-score: 0.923
Yishu	F-score: 0.500
Yishu	F-score: 0.667
Yishu	F-score: 0.750
Yishu	F-score: 0.444
Yishu	F-score: 0.471
Yishu	F-score: 0.667
Yishu	F-score: 0.424
Yishu	F-score: 0.364
Yishu	F-score: 0.667
Yishu	F-score: 0.556
Yishu	F-score: 0.857
Yishu	F-score: 0.864
Yishu	F-score: 0.560
Yishu	F-score: 0.789
Yishu	F-score: 0.769
Yishu	F-score: 1.000
Yishu	F-score: 0.400
Yishu	F-score: 0.706
Yishu	F-score: 1.000
Yishu	F-score: 1.000
Yishu	F-score: 0.556
Yishu	F-score: 0.566
Yishu	F-score: 0.600
Yishu	F-score: 0.780
Yishu	F-score: 0.642
Yishu	F-score: 1.000
Yishu	F-score: 1.000
Yishu	F-score: 0.054
Yishu	F-score: 0.689
Yishu	F-score: 0.617
Yishu	F-score: 0.833
Yishu	F-score: 0.727
Yishu	F-score: 0.471
Yishu	F-score: 0.704
Yishu	F-score: 0.453
Yishu	F-score: 0.750
Yishu	F-score: 1.000
Yishu	F-score: 0.650
Yishu	F-score: 0.769
Yishu	F-score: 0.476
Yishu	F-score: 0.389
Yishu	F-score: 0.615
Yishu	F-score: 0.635
Yishu	F-score: 1.000
Yishu	F-score: 0.762
Yishu	F-score: 0.711
Yishu	F-score: 0.689
Yishu	F-score: 0.833
Yishu	F-score: 0.804
Yishu	F-score: 0.600
Yishu	F-score: 0.429
Yishu	F-score: 0.400
Yishu	F-score: 0.465
Yishu	F-score: 0.778
Yishu	F-score: 0.541
Yishu	F-score: 0.491
Yishu	F-score: 0.791
Yishu	F-score: 0.520
Yishu	F-score: 0.889
Yishu	F-score: 0.560
Yishu	F-score: 0.625
Yishu	F-score: 0.690
Yishu	F-score: 0.717
Yishu	F-score: 0.809
Yishu	F-score: 0.857
Yishu	F-score: 0.333
Yishu	F-score: 1.000
Yishu	F-score: 0.716
Yishu	F-score: 0.750
Yishu	F-score: 0.714
Yishu	F-score: 0.846
Yishu	F-score: 0.529
Yishu	F-score: 0.762
Yishu	F-score: 0.429
Yishu	F-score: 0.599
Yishu	F-score: 0.487
Yishu	F-score: 0.727
Yishu	F-score: 0.692
Yishu	F-score: 0.625
Yishu	F-score: 0.720
Yishu	F-score: 0.654
Yishu	F-score: 1.000
Yishu	F-score: 0.709
Yishu	F-score: 1.000
Yishu	F-score: 0.800
Yishu	F-score: 0.727
Yishu	F-score: 0.577
Yishu	F-score: 0.642
Yishu	F-score: 0.469
Yishu	F-score: 0.520
Yishu	F-score: 0.923
Yishu	F-score: 0.810
Yishu	F-score: 0.417
Yishu	F-score: 0.545
Yishu	F-score: 0.940
Yishu	F-score: 0.581
Yishu	F-score: 0.556
Yishu	F-score: 1.000
Yishu	F-score: 0.808
Yishu	F-score: 0.734
Yishu	F-score: 0.756
Yishu	F-score: 0.630
Yishu	F-score: 0.709
Yishu	F-score: 0.693
Yishu	F-score: 0.250
Yishu	F-score: 0.519
Yishu	F-score: 0.536
Yishu	F-score: 0.811
Yishu	F-score: 0.846
Yishu	F-score: 0.548
Yishu	F-score: 0.792
Yishu	F-score: 0.722
Yishu	F-score: 0.556
Yishu	F-score: 0.485
Yishu	F-score: 0.500
Yishu	F-score: 0.880
ZengHuiMT	F-score: 0.410
ZengHuiMT	F-score: 0.519
ZengHuiMT	F-score: 0.615
ZengHuiMT	F-score: 0.606
ZengHuiMT	F-score: 0.711
ZengHuiMT	F-score: 0.348
ZengHuiMT	F-score: 0.571
ZengHuiMT	F-score: 0.597
ZengHuiMT	F-score: 0.483
ZengHuiMT	F-score: 0.847
ZengHuiMT	F-score: 0.789
ZengHuiMT	F-score: 0.698
ZengHuiMT	F-score: 0.286
ZengHuiMT	F-score: 0.714
ZengHuiMT	F-score: 0.844
ZengHuiMT	F-score: 0.486
ZengHuiMT	F-score: 0.289
ZengHuiMT	F-score: 1.000
ZengHuiMT	F-score: 0.644
ZengHuiMT	F-score: 0.491
ZengHuiMT	F-score: 0.508
ZengHuiMT	F-score: 0.308
ZengHuiMT	F-score: 0.176
ZengHuiMT	F-score: 1.000
ZengHuiMT	F-score: 0.611
ZengHuiMT	F-score: 0.545
ZengHuiMT	F-score: 0.486
ZengHuiMT	F-score: 0.533
ZengHuiMT	F-score: 0.316
ZengHuiMT	F-score: 0.480
ZengHuiMT	F-score: 0.703
ZengHuiMT	F-score: 0.727
ZengHuiMT	F-score: 0.256
ZengHuiMT	F-score: 0.462
ZengHuiMT	F-score: 0.571
ZengHuiMT	F-score: 0.286
ZengHuiMT	F-score: 0.286
ZengHuiMT	F-score: 0.154
ZengHuiMT	F-score: 0.471
ZengHuiMT	F-score: 0.510
ZengHuiMT	F-score: 0.308
ZengHuiMT	F-score: 0.552
ZengHuiMT	F-score: 0.387
ZengHuiMT	F-score: 0.581
ZengHuiMT	F-score: 0.624
ZengHuiMT	F-score: 0.495
ZengHuiMT	F-score: 0.549
ZengHuiMT	F-score: 0.267
ZengHuiMT	F-score: 0.326
ZengHuiMT	F-score: 0.267
ZengHuiMT	F-score: 0.800
ZengHuiMT	F-score: 0.295
ZengHuiMT	F-score: 0.524
ZengHuiMT	F-score: 0.282
ZengHuiMT	F-score: 0.339
ZengHuiMT	F-score: 0.361
ZengHuiMT	F-score: 0.376
ZengHuiMT	F-score: 0.370
ZengHuiMT	F-score: 0.286
ZengHuiMT	F-score: 0.389
ZengHuiMT	F-score: 0.375
ZengHuiMT	F-score: 0.300
ZengHuiMT	F-score: 0.419
ZengHuiMT	F-score: 0.286
ZengHuiMT	F-score: 0.337
ZengHuiMT	F-score: 0.427
ZengHuiMT	F-score: 0.562
ZengHuiMT	F-score: 0.857
ZengHuiMT	F-score: 0.714
ZengHuiMT	F-score: 0.408
ZengHuiMT	F-score: 0.414
ZengHuiMT	F-score: 0.261
ZengHuiMT	F-score: 0.290
ZengHuiMT	F-score: 0.585
ZengHuiMT	F-score: 1.000
ZengHuiMT	F-score: 0.250
ZengHuiMT	F-score: 0.431
ZengHuiMT	F-score: 0.381
ZengHuiMT	F-score: 0.400
ZengHuiMT	F-score: 0.429
ZengHuiMT	F-score: 0.750
ZengHuiMT	F-score: 0.727
ZengHuiMT	F-score: 0.905
ZengHuiMT	F-score: 0.345
ZengHuiMT	F-score: 0.356
ZengHuiMT	F-score: 0.538
ZengHuiMT	F-score: 1.000
ZengHuiMT	F-score: 0.562
ZengHuiMT	F-score: 0.214
ZengHuiMT	F-score: 0.612
ZengHuiMT	F-score: 0.780
ZengHuiMT	F-score: 0.727
ZengHuiMT	F-score: 0.417
ZengHuiMT	F-score: 0.444
ZengHuiMT	F-score: 1.000
ZengHuiMT	F-score: 0.833
ZengHuiMT	F-score: 0.364
ZengHuiMT	F-score: 0.410
ZengHuiMT	F-score: 0.792
ZengHuiMT	F-score: 0.512
ZengHuiMT	F-score: 0.545
ZengHuiMT	F-score: 0.400
ZengHuiMT	F-score: 0.508
ZengHuiMT	F-score: 0.543
ZengHuiMT	F-score: 0.400
ZengHuiMT	F-score: 0.446
ZengHuiMT	F-score: 0.545
ZengHuiMT	F-score: 0.500
ZengHuiMT	F-score: 0.720
ZengHuiMT	F-score: 0.370
ZengHuiMT	F-score: 0.392
ZengHuiMT	F-score: 0.333
ZengHuiMT	F-score: 0.333
ZengHuiMT	F-score: 0.429
ZengHuiMT	F-score: 0.597
ZengHuiMT	F-score: 0.600
ZengHuiMT	F-score: 0.333
ZengHuiMT	F-score: 0.138
ZengHuiMT	F-score: 0.154
ZengHuiMT	F-score: 0.385
ZengHuiMT	F-score: 0.167
ZengHuiMT	F-score: 1.000
ZengHuiMT	F-score: 0.250
ZengHuiMT	F-score: 0.636
ZengHuiMT	F-score: 0.476
ZengHuiMT	F-score: 0.329
ZengHuiMT	F-score: 0.625
ZengHuiMT	F-score: 0.786
ZengHuiMT	F-score: 0.375
ZengHuiMT	F-score: 0.500
ZengHuiMT	F-score: 0.500
ZengHuiMT	F-score: 0.267
ZengHuiMT	F-score: 0.333
ZengHuiMT	F-score: 0.500
ZengHuiMT	F-score: 0.485
ZengHuiMT	F-score: 0.541
ZengHuiMT	F-score: 0.348
ZengHuiMT	F-score: 0.400
ZengHuiMT	F-score: 0.333
ZengHuiMT	F-score: 0.571
ZengHuiMT	F-score: 0.462
ZengHuiMT	F-score: 0.472
ZengHuiMT	F-score: 0.545
ZengHuiMT	F-score: 0.200
ZengHuiMT	F-score: 0.583
ZengHuiMT	F-score: 0.222
ZengHuiMT	F-score: 0.459
ZengHuiMT	F-score: 0.364
ZengHuiMT	F-score: 0.421
ZengHuiMT	F-score: 0.632
ZengHuiMT	F-score: 0.583
ZengHuiMT	F-score: 0.623
ZengHuiMT	F-score: 0.559
ZengHuiMT	F-score: 0.327
ZengHuiMT	F-score: 0.549
ZengHuiMT	F-score: 0.526
ZengHuiMT	F-score: 0.386
ZengHuiMT	F-score: 0.355
ZengHuiMT	F-score: 0.400
ZengHuiMT	F-score: 0.381
ZengHuiMT	F-score: 0.378
ZengHuiMT	F-score: 0.685
ZengHuiMT	F-score: 0.776
ZengHuiMT	F-score: 0.667
ZengHuiMT	F-score: 0.679
ZengHuiMT	F-score: 0.612
ZengHuiMT	F-score: 0.482
ZengHuiMT	F-score: 0.654
ZengHuiMT	F-score: 0.691
ZengHuiMT	F-score: 0.842
ZengHuiMT	F-score: 0.809
ZengHuiMT	F-score: 0.500
ZengHuiMT	F-score: 0.400
ZengHuiMT	F-score: 0.286
ZengHuiMT	F-score: 0.353
ZengHuiMT	F-score: 0.387
ZengHuiMT	F-score: 0.378
ZengHuiMT	F-score: 0.553
ZengHuiMT	F-score: 0.182
ZengHuiMT	F-score: 0.273
ZengHuiMT	F-score: 0.300
ZengHuiMT	F-score: 0.118
ZengHuiMT	F-score: 0.154
ZengHuiMT	F-score: 0.377
ZengHuiMT	F-score: 0.350
ZengHuiMT	F-score: 0.343
ZengHuiMT	F-score: 0.353
ZengHuiMT	F-score: 0.308
ZengHuiMT	F-score: 0.389
ZengHuiMT	F-score: 0.182
ZengHuiMT	F-score: 0.750
ZengHuiMT	F-score: 0.652
ZengHuiMT	F-score: 0.746
ZengHuiMT	F-score: 0.507
ZengHuiMT	F-score: 0.430
ZengHuiMT	F-score: 0.600
ZengHuiMT	F-score: 0.710
ZengHuiMT	F-score: 0.507
ZengHuiMT	F-score: 0.602
ZengHuiMT	F-score: 0.366
ZengHuiMT	F-score: 0.350
ZengHuiMT	F-score: 0.421
ZengHuiMT	F-score: 0.308
ZengHuiMT	F-score: 0.441
ZengHuiMT	F-score: 0.583
ZengHuiMT	F-score: 0.444
ZengHuiMT	F-score: 0.327
ZengHuiMT	F-score: 0.778
ZengHuiMT	F-score: 0.350
ZengHuiMT	F-score: 0.473
ZengHuiMT	F-score: 0.293
ZengHuiMT	F-score: 0.468
ZengHuiMT	F-score: 0.333
ZengHuiMT	F-score: 0.387
ZengHuiMT	F-score: 0.353
ZengHuiMT	F-score: 0.700
ZengHuiMT	F-score: 0.320
ZengHuiMT	F-score: 0.274
ZengHuiMT	F-score: 0.273
ZengHuiMT	F-score: 0.379
ZengHuiMT	F-score: 0.348
ZengHuiMT	F-score: 0.281
ZengHuiMT	F-score: 0.562
ZengHuiMT	F-score: 0.244
ZengHuiMT	F-score: 0.286
ZengHuiMT	F-score: 0.435
ZengHuiMT	F-score: 0.361
ZengHuiMT	F-score: 0.393
ZengHuiMT	F-score: 0.417
ZengHuiMT	F-score: 0.500
ZengHuiMT	F-score: 0.338
ZengHuiMT	F-score: 0.725
ZengHuiMT	F-score: 0.267
ZengHuiMT	F-score: 0.291
ZengHuiMT	F-score: 0.375
ZengHuiMT	F-score: 0.500
ZengHuiMT	F-score: 0.636
ZengHuiMT	F-score: 0.667
ZengHuiMT	F-score: 0.769
ZengHuiMT	F-score: 0.846
ZengHuiMT	F-score: 0.720
ZengHuiMT	F-score: 0.976
ZengHuiMT	F-score: 0.984
ZengHuiMT	F-score: 0.786
ZengHuiMT	F-score: 0.807
ZengHuiMT	F-score: 0.522
ZengHuiMT	F-score: 0.429
ZengHuiMT	F-score: 0.552
ZengHuiMT	F-score: 0.646
ZengHuiMT	F-score: 0.361
ZengHuiMT	F-score: 0.264
ZengHuiMT	F-score: 0.355
ZengHuiMT	F-score: 0.524
ZengHuiMT	F-score: 0.348
ZengHuiMT	F-score: 0.425
ZengHuiMT	F-score: 0.438
ZengHuiMT	F-score: 0.667
ZengHuiMT	F-score: 0.500
ZengHuiMT	F-score: 0.333
ZengHuiMT	F-score: 0.435
ZengHuiMT	F-score: 0.457
ZengHuiMT	F-score: 0.500
ZengHuiMT	F-score: 0.439
ZengHuiMT	F-score: 0.571
ZengHuiMT	F-score: 0.507
ZengHuiMT	F-score: 0.611
ZengHuiMT	F-score: 0.426
ZengHuiMT	F-score: 0.388
ZengHuiMT	F-score: 0.548
ZengHuiMT	F-score: 0.495
ZengHuiMT	F-score: 0.739
ZengHuiMT	F-score: 0.490
ZengHuiMT	F-score: 0.545
ZengHuiMT	F-score: 0.281
ZengHuiMT	F-score: 0.630
ZengHuiMT	F-score: 0.320
ZengHuiMT	F-score: 0.487
ZengHuiMT	F-score: 0.179
ZengHuiMT	F-score: 0.383
ZengHuiMT	F-score: 0.769
ZengHuiMT	F-score: 0.500
ZengHuiMT	F-score: 0.500
ZengHuiMT	F-score: 0.733
ZengHuiMT	F-score: 0.923
ZengHuiMT	F-score: 0.515
ZengHuiMT	F-score: 0.800
ZengHuiMT	F-score: 0.603
ZengHuiMT	F-score: 0.532
ZengHuiMT	F-score: 0.816
ZengHuiMT	F-score: 0.685
ZengHuiMT	F-score: 0.410
ZengHuiMT	F-score: 0.211
ZengHuiMT	F-score: 0.421
ZengHuiMT	F-score: 0.358
ZengHuiMT	F-score: 0.486
ZengHuiMT	F-score: 0.333
ZengHuiMT	F-score: 0.455
ZengHuiMT	F-score: 0.411
ZengHuiMT	F-score: 0.429
ZengHuiMT	F-score: 0.609
ZengHuiMT	F-score: 0.667
ZengHuiMT	F-score: 0.475
ZengHuiMT	F-score: 0.333
ZengHuiMT	F-score: 0.543
ZengHuiMT	F-score: 0.368
ZengHuiMT	F-score: 0.700
ZengHuiMT	F-score: 0.623
ZengHuiMT	F-score: 0.400
ZengHuiMT	F-score: 0.541
ZengHuiMT	F-score: 0.427
ZengHuiMT	F-score: 0.438
ZengHuiMT	F-score: 0.769
ZengHuiMT	F-score: 0.500
ZengHuiMT	F-score: 0.545
ZengHuiMT	F-score: 0.875
ZengHuiMT	F-score: 0.732
ZengHuiMT	F-score: 0.776
ZengHuiMT	F-score: 0.692
ZengHuiMT	F-score: 0.539
ZengHuiMT	F-score: 0.866
ZengHuiMT	F-score: 0.882
ZengHuiMT	F-score: 0.735
ZengHuiMT	F-score: 0.806
ZengHuiMT	F-score: 0.765
ZengHuiMT	F-score: 0.542
ZengHuiMT	F-score: 0.341
ZengHuiMT	F-score: 0.214
ZengHuiMT	F-score: 0.296
ZengHuiMT	F-score: 0.326
ZengHuiMT	F-score: 0.397
ZengHuiMT	F-score: 0.576
ZengHuiMT	F-score: 0.484
ZengHuiMT	F-score: 0.550
ZengHuiMT	F-score: 0.354
ZengHuiMT	F-score: 0.219
ZengHuiMT	F-score: 0.400
ZengHuiMT	F-score: 0.297
ZengHuiMT	F-score: 0.346
ZengHuiMT	F-score: 0.281
ZengHuiMT	F-score: 0.465
ZengHuiMT	F-score: 0.600
ZengHuiMT	F-score: 0.440
ZengHuiMT	F-score: 0.630
ZengHuiMT	F-score: 0.250
ZengHuiMT	F-score: 0.326
ZengHuiMT	F-score: 0.434
ZengHuiMT	F-score: 0.231
ZengHuiMT	F-score: 0.400
ZengHuiMT	F-score: 0.354
ZengHuiMT	F-score: 0.500
ZengHuiMT	F-score: 0.531
ZengHuiMT	F-score: 0.491
ZengHuiMT	F-score: 0.692
ZengHuiMT	F-score: 0.634
ZengHuiMT	F-score: 0.667
ZengHuiMT	F-score: 0.621
ZengHuiMT	F-score: 0.658
ZengHuiMT	F-score: 0.754
ZengHuiMT	F-score: 0.586
ZengHuiMT	F-score: 0.769
ZengHuiMT	F-score: 0.500
ZengHuiMT	F-score: 0.645
ZengHuiMT	F-score: 0.629
ZengHuiMT	F-score: 0.651
ZengHuiMT	F-score: 0.781
ZengHuiMT	F-score: 0.641
ZengHuiMT	F-score: 0.602
ZengHuiMT	F-score: 0.833
ZengHuiMT	F-score: 0.571
ZengHuiMT	F-score: 0.710
ZengHuiMT	F-score: 0.593
ZengHuiMT	F-score: 0.708
ZengHuiMT	F-score: 0.547
ZengHuiMT	F-score: 0.833
ZengHuiMT	F-score: 0.488
ZengHuiMT	F-score: 0.655
ZengHuiMT	F-score: 0.522
ZengHuiMT	F-score: 0.673
ZengHuiMT	F-score: 0.642
ZengHuiMT	F-score: 0.583
ZengHuiMT	F-score: 0.400
ZengHuiMT	F-score: 0.200
ZengHuiMT	F-score: 0.818
ZengHuiMT	F-score: 0.333
ZengHuiMT	F-score: 0.769
ZengHuiMT	F-score: 0.369
ZengHuiMT	F-score: 0.640
ZengHuiMT	F-score: 0.571
ZengHuiMT	F-score: 0.564
ZengHuiMT	F-score: 0.698
ZengHuiMT	F-score: 0.676
ZengHuiMT	F-score: 0.523
ZengHuiMT	F-score: 0.857
ZengHuiMT	F-score: 0.279
ZengHuiMT	F-score: 0.686
ZengHuiMT	F-score: 0.812
ZengHuiMT	F-score: 0.522
ZengHuiMT	F-score: 1.000
ZengHuiMT	F-score: 0.424
ZengHuiMT	F-score: 0.674
ZengHuiMT	F-score: 0.385
ZengHuiMT	F-score: 0.500
ZengHuiMT	F-score: 0.750
ZengHuiMT	F-score: 0.526
ZengHuiMT	F-score: 0.619
ZengHuiMT	F-score: 0.516
ZengHuiMT	F-score: 0.348
ZengHuiMT	F-score: 0.255
ZengHuiMT	F-score: 1.000
ZengHuiMT	F-score: 0.560
ZengHuiMT	F-score: 0.526
ZengHuiMT	F-score: 0.286
ZengHuiMT	F-score: 0.340
ZengHuiMT	F-score: 0.500
ZengHuiMT	F-score: 0.750
ZengHuiMT	F-score: 0.615
ZengHuiMT	F-score: 0.336
ZengHuiMT	F-score: 0.322
ZengHuiMT	F-score: 0.667
ZengHuiMT	F-score: 0.909
ZengHuiMT	F-score: 0.421
ZengHuiMT	F-score: 0.468
ZengHuiMT	F-score: 0.250
ZengHuiMT	F-score: 0.476
ZengHuiMT	F-score: 0.074
ZengHuiMT	F-score: 0.500
ZengHuiMT	F-score: 0.577
ZengHuiMT	F-score: 0.300
ZengHuiMT	F-score: 0.222
ZengHuiMT	F-score: 0.667
ZengHuiMT	F-score: 0.947
ZengHuiMT	F-score: 0.481
ZengHuiMT	F-score: 1.000
ZengHuiMT	F-score: 0.240
ZengHuiMT	F-score: 0.571
ZengHuiMT	F-score: 0.667
ZengHuiMT	F-score: 0.375
ZengHuiMT	F-score: 0.643
ZengHuiMT	F-score: 0.467
ZengHuiMT	F-score: 0.400
ZengHuiMT	F-score: 0.211
ZengHuiMT	F-score: 0.632
ZengHuiMT	F-score: 0.857
ZengHuiMT	F-score: 0.333
ZengHuiMT	F-score: 0.500
ZengHuiMT	F-score: 0.600
ZengHuiMT	F-score: 1.000
ZengHuiMT	F-score: 1.000
ZengHuiMT	F-score: 0.548
ZengHuiMT	F-score: 0.436
ZengHuiMT	F-score: 0.640
ZengHuiMT	F-score: 0.486
ZengHuiMT	F-score: 0.636
ZengHuiMT	F-score: 0.667
ZengHuiMT	F-score: 0.500
ZengHuiMT	F-score: 1.000
ZengHuiMT	F-score: 0.792
ZengHuiMT	F-score: 0.394
ZengHuiMT	F-score: 0.657
ZengHuiMT	F-score: 0.875
ZengHuiMT	F-score: 0.167
ZengHuiMT	F-score: 0.333
ZengHuiMT	F-score: 0.200
ZengHuiMT	F-score: 0.700
ZengHuiMT	F-score: 0.286
ZengHuiMT	F-score: 0.500
ZengHuiMT	F-score: 0.256
ZengHuiMT	F-score: 0.205
ZengHuiMT	F-score: 0.474
ZengHuiMT	F-score: 0.444
ZengHuiMT	F-score: 0.455
ZengHuiMT	F-score: 0.500
ZengHuiMT	F-score: 0.644
ZengHuiMT	F-score: 0.533
ZengHuiMT	F-score: 0.500
ZengHuiMT	F-score: 0.381
ZengHuiMT	F-score: 0.615
ZengHuiMT	F-score: 0.714
ZengHuiMT	F-score: 1.000
ZengHuiMT	F-score: 0.368
ZengHuiMT	F-score: 0.640
ZengHuiMT	F-score: 0.375
ZengHuiMT	F-score: 0.314
ZengHuiMT	F-score: 0.471
ZengHuiMT	F-score: 0.353
ZengHuiMT	F-score: 0.619
ZengHuiMT	F-score: 0.533
ZengHuiMT	F-score: 0.703
ZengHuiMT	F-score: 0.806
ZengHuiMT	F-score: 0.759
ZengHuiMT	F-score: 0.792
ZengHuiMT	F-score: 0.689
ZengHuiMT	F-score: 0.615
ZengHuiMT	F-score: 0.936
ZengHuiMT	F-score: 0.836
ZengHuiMT	F-score: 0.718
ZengHuiMT	F-score: 0.535
ZengHuiMT	F-score: 0.600
ZengHuiMT	F-score: 0.609
ZengHuiMT	F-score: 0.650
ZengHuiMT	F-score: 0.533
ZengHuiMT	F-score: 0.721
ZengHuiMT	F-score: 0.673
ZengHuiMT	F-score: 0.530
ZengHuiMT	F-score: 0.599
ZengHuiMT	F-score: 0.448
ZengHuiMT	F-score: 0.657
ZengHuiMT	F-score: 0.833
ZengHuiMT	F-score: 0.746
ZengHuiMT	F-score: 0.765
ZengHuiMT	F-score: 0.549
ZengHuiMT	F-score: 0.659
ZengHuiMT	F-score: 0.523
ZengHuiMT	F-score: 0.677
ZengHuiMT	F-score: 0.516
ZengHuiMT	F-score: 0.357
ZengHuiMT	F-score: 0.468
ZengHuiMT	F-score: 0.600
ZengHuiMT	F-score: 0.667
ZengHuiMT	F-score: 0.500
ZengHuiMT	F-score: 0.421
ZengHuiMT	F-score: 1.095
ZengHuiMT	F-score: 0.465
ZengHuiMT	F-score: 0.800
ZengHuiMT	F-score: 0.696
ZengHuiMT	F-score: 0.700
ZengHuiMT	F-score: 0.773
ZengHuiMT	F-score: 0.559
ZengHuiMT	F-score: 0.509
ZengHuiMT	F-score: 0.316
ZengHuiMT	F-score: 0.368
ZengHuiMT	F-score: 0.314
ZengHuiMT	F-score: 0.299
ZengHuiMT	F-score: 0.289
ZengHuiMT	F-score: 0.352
ZengHuiMT	F-score: 0.448
ZengHuiMT	F-score: 0.290
ZengHuiMT	F-score: 0.228
ZengHuiMT	F-score: 0.355
ZengHuiMT	F-score: 0.333
ZengHuiMT	F-score: 0.372
ZengHuiMT	F-score: 0.293
ZengHuiMT	F-score: 0.324
ZengHuiMT	F-score: 0.426
ZengHuiMT	F-score: 0.310
ZengHuiMT	F-score: 0.350
ZengHuiMT	F-score: 0.500
ZengHuiMT	F-score: 0.556
ZengHuiMT	F-score: 0.468
ZengHuiMT	F-score: 0.587
ZengHuiMT	F-score: 0.740
ZengHuiMT	F-score: 0.537
ZengHuiMT	F-score: 0.696
ZengHuiMT	F-score: 0.595
ZengHuiMT	F-score: 0.539
ZengHuiMT	F-score: 0.760
ZengHuiMT	F-score: 0.591
ZengHuiMT	F-score: 0.684
ZengHuiMT	F-score: 0.455
ZengHuiMT	F-score: 0.444
ZengHuiMT	F-score: 0.296
ZengHuiMT	F-score: 0.542
ZengHuiMT	F-score: 0.345
ZengHuiMT	F-score: 0.535
ZengHuiMT	F-score: 0.564
ZengHuiMT	F-score: 0.636
ZengHuiMT	F-score: 0.552
ZengHuiMT	F-score: 0.300
ZengHuiMT	F-score: 0.741
ZengHuiMT	F-score: 0.629
ZengHuiMT	F-score: 0.698
ZengHuiMT	F-score: 0.511
ZengHuiMT	F-score: 0.485
ZengHuiMT	F-score: 0.408
ZengHuiMT	F-score: 0.667
ZengHuiMT	F-score: 0.512
ZengHuiMT	F-score: 0.593
ZengHuiMT	F-score: 0.685
ZengHuiMT	F-score: 0.364
ZengHuiMT	F-score: 0.689
ZengHuiMT	F-score: 0.605
ZengHuiMT	F-score: 0.629
ZengHuiMT	F-score: 0.677
ZengHuiMT	F-score: 0.658
ZengHuiMT	F-score: 0.500
ZengHuiMT	F-score: 0.414
ZengHuiMT	F-score: 0.412
ZengHuiMT	F-score: 0.395
ZengHuiMT	F-score: 0.510
ZengHuiMT	F-score: 0.362
ZengHuiMT	F-score: 0.320
ZengHuiMT	F-score: 0.200
ZengHuiMT	F-score: 0.442
ZengHuiMT	F-score: 0.370
ZengHuiMT	F-score: 0.500
ZengHuiMT	F-score: 0.571
ZengHuiMT	F-score: 0.625
ZengHuiMT	F-score: 0.621
ZengHuiMT	F-score: 0.645
ZengHuiMT	F-score: 0.643
ZengHuiMT	F-score: 0.382
ZengHuiMT	F-score: 0.678
ZengHuiMT	F-score: 0.609
ZengHuiMT	F-score: 0.729
ZengHuiMT	F-score: 0.679
ZengHuiMT	F-score: 0.359
ZengHuiMT	F-score: 0.311
ZengHuiMT	F-score: 0.360
ZengHuiMT	F-score: 0.460
ZengHuiMT	F-score: 0.364
ZengHuiMT	F-score: 0.496
ZengHuiMT	F-score: 0.241
ZengHuiMT	F-score: 0.492
ZengHuiMT	F-score: 0.360
ZengHuiMT	F-score: 0.492
ZengHuiMT	F-score: 0.321
ZengHuiMT	F-score: 0.476
ZengHuiMT	F-score: 0.432
ZengHuiMT	F-score: 0.667
ZengHuiMT	F-score: 0.513
ZengHuiMT	F-score: 0.963
ZengHuiMT	F-score: 0.807
ZengHuiMT	F-score: 0.745
ZengHuiMT	F-score: 0.641
ZengHuiMT	F-score: 0.601
ZengHuiMT	F-score: 0.816
ZengHuiMT	F-score: 0.857
ZengHuiMT	F-score: 0.720
ZengHuiMT	F-score: 0.400
ZengHuiMT	F-score: 0.450
ZengHuiMT	F-score: 0.326
ZengHuiMT	F-score: 0.419
ZengHuiMT	F-score: 0.439
ZengHuiMT	F-score: 0.481
ZengHuiMT	F-score: 0.450
ZengHuiMT	F-score: 0.400
ZengHuiMT	F-score: 0.533
ZengHuiMT	F-score: 0.700
ZengHuiMT	F-score: 0.571
ZengHuiMT	F-score: 0.615
ZengHuiMT	F-score: 0.755
ZengHuiMT	F-score: 0.680
ZengHuiMT	F-score: 0.583
ZengHuiMT	F-score: 0.491
ZengHuiMT	F-score: 0.512
ZengHuiMT	F-score: 0.681
ZengHuiMT	F-score: 0.515
ZengHuiMT	F-score: 0.438
ZengHuiMT	F-score: 0.438
ZengHuiMT	F-score: 0.275
ZengHuiMT	F-score: 0.519
ZengHuiMT	F-score: 0.281
ZengHuiMT	F-score: 0.380
ZengHuiMT	F-score: 0.300
ZengHuiMT	F-score: 0.491
ZengHuiMT	F-score: 0.500
ZengHuiMT	F-score: 0.333
ZengHuiMT	F-score: 0.733
ZengHuiMT	F-score: 0.607
ZengHuiMT	F-score: 0.708
ZengHuiMT	F-score: 0.709
ZengHuiMT	F-score: 0.537
ZengHuiMT	F-score: 0.706
ZengHuiMT	F-score: 0.571
ZengHuiMT	F-score: 0.790
ZengHuiMT	F-score: 0.580
ZengHuiMT	F-score: 0.542
ZengHuiMT	F-score: 0.661
ZengHuiMT	F-score: 0.480
ZengHuiMT	F-score: 0.839
ZengHuiMT	F-score: 0.753
ZengHuiMT	F-score: 0.621
ZengHuiMT	F-score: 0.659
ZengHuiMT	F-score: 0.664
ZengHuiMT	F-score: 0.471
ZengHuiMT	F-score: 0.679
ZengHuiMT	F-score: 0.329
ZengHuiMT	F-score: 0.353
ZengHuiMT	F-score: 0.346
ZengHuiMT	F-score: 0.316
ZengHuiMT	F-score: 0.277
ZengHuiMT	F-score: 0.288
ZengHuiMT	F-score: 0.362
ZengHuiMT	F-score: 0.242
ZengHuiMT	F-score: 0.370
ZengHuiMT	F-score: 0.211
ZengHuiMT	F-score: 0.414
ZengHuiMT	F-score: 0.200
ZengHuiMT	F-score: 0.453
ZengHuiMT	F-score: 0.500
ZengHuiMT	F-score: 0.866
ZengHuiMT	F-score: 0.750
ZengHuiMT	F-score: 0.471
ZengHuiMT	F-score: 0.613
ZengHuiMT	F-score: 0.693
ZengHuiMT	F-score: 1.000
ZengHuiMT	F-score: 0.478
ZengHuiMT	F-score: 0.452
ZengHuiMT	F-score: 0.596
ZengHuiMT	F-score: 0.400
ZengHuiMT	F-score: 0.571
ZengHuiMT	F-score: 0.556
ZengHuiMT	F-score: 1.000
ZengHuiMT	F-score: 0.414
ZengHuiMT	F-score: 0.495
ZengHuiMT	F-score: 0.333
ZengHuiMT	F-score: 0.667
ZengHuiMT	F-score: 0.545
ZengHuiMT	F-score: 0.504
ZengHuiMT	F-score: 0.578
ZengHuiMT	F-score: 0.667
ZengHuiMT	F-score: 0.514
ZengHuiMT	F-score: 0.388
ZengHuiMT	F-score: 0.500
ZengHuiMT	F-score: 0.694
ZengHuiMT	F-score: 0.835
ZengHuiMT	F-score: 0.710
ZengHuiMT	F-score: 0.661
ZengHuiMT	F-score: 0.780
ZengHuiMT	F-score: 0.875
ZengHuiMT	F-score: 0.578
ZengHuiMT	F-score: 0.505
ZengHuiMT	F-score: 0.567
ZengHuiMT	F-score: 0.602
ZengHuiMT	F-score: 0.436
ZengHuiMT	F-score: 0.747
ZengHuiMT	F-score: 0.789
ZengHuiMT	F-score: 0.637
ZengHuiMT	F-score: 0.640
ZengHuiMT	F-score: 0.767
ZengHuiMT	F-score: 0.425
ZengHuiMT	F-score: 0.775
ZengHuiMT	F-score: 0.865
ZengHuiMT	F-score: 0.695
ZengHuiMT	F-score: 0.839
ZengHuiMT	F-score: 0.676
ZengHuiMT	F-score: 0.719
ZengHuiMT	F-score: 0.852
ZengHuiMT	F-score: 0.667
ZengHuiMT	F-score: 0.565
ZengHuiMT	F-score: 0.632
ZengHuiMT	F-score: 0.471
ZengHuiMT	F-score: 0.602
ZengHuiMT	F-score: 0.553
ZengHuiMT	F-score: 0.802
ZengHuiMT	F-score: 0.738
ZengHuiMT	F-score: 0.846
ZengHuiMT	F-score: 0.595
ZengHuiMT	F-score: 0.610
ZengHuiMT	F-score: 0.457
ZengHuiMT	F-score: 0.497
ZengHuiMT	F-score: 0.581
ZengHuiMT	F-score: 0.538
ZengHuiMT	F-score: 0.512
ZengHuiMT	F-score: 0.533
ZengHuiMT	F-score: 0.625
ZengHuiMT	F-score: 0.617
ZengHuiMT	F-score: 0.867
ZengHuiMT	F-score: 0.529
ZengHuiMT	F-score: 0.603
ZengHuiMT	F-score: 0.400
ZengHuiMT	F-score: 0.647
ZengHuiMT	F-score: 0.687
ZengHuiMT	F-score: 0.714
ZengHuiMT	F-score: 0.789
ZengHuiMT	F-score: 0.593
ZengHuiMT	F-score: 0.258
ZengHuiMT	F-score: 0.628
ZengHuiMT	F-score: 0.864
ZengHuiMT	F-score: 0.759
ZengHuiMT	F-score: 0.600
ZengHuiMT	F-score: 0.637
ZengHuiMT	F-score: 0.615
ZengHuiMT	F-score: 0.883
ZengHuiMT	F-score: 0.881
ZengHuiMT	F-score: 0.848
ZengHuiMT	F-score: 0.750
ZengHuiMT	F-score: 0.874
ZengHuiMT	F-score: 0.974
ZengHuiMT	F-score: 0.634
ZengHuiMT	F-score: 0.626
ZengHuiMT	F-score: 1.000
ZengHuiMT	F-score: 0.886
ZengHuiMT	F-score: 0.864
ZengHuiMT	F-score: 0.667
ZengHuiMT	F-score: 0.771
ZengHuiMT	F-score: 0.625
ZengHuiMT	F-score: 0.510
ZengHuiMT	F-score: 0.869
ZengHuiMT	F-score: 0.841
ZengHuiMT	F-score: 0.545
ZengHuiMT	F-score: 0.730
ZengHuiMT	F-score: 0.333
ZengHuiMT	F-score: 0.875
ZengHuiMT	F-score: 0.688
ZengHuiMT	F-score: 0.685
ZengHuiMT	F-score: 0.713
ZengHuiMT	F-score: 0.756
ZengHuiMT	F-score: 0.627
ZengHuiMT	F-score: 0.792
ZengHuiMT	F-score: 0.615
ZengHuiMT	F-score: 0.579
ZengHuiMT	F-score: 0.882
ZengHuiMT	F-score: 0.637
ZengHuiMT	F-score: 0.767
ZengHuiMT	F-score: 0.757
ZengHuiMT	F-score: 0.842
ZengHuiMT	F-score: 0.750
ZengHuiMT	F-score: 0.538
ZengHuiMT	F-score: 0.780
ZengHuiMT	F-score: 0.571
ZengHuiMT	F-score: 0.889
ZengHuiMT	F-score: 0.677
ZengHuiMT	F-score: 0.842
ZengHuiMT	F-score: 0.583
ZengHuiMT	F-score: 0.706
ZengHuiMT	F-score: 0.714
ZengHuiMT	F-score: 0.556
ZengHuiMT	F-score: 0.784
ZengHuiMT	F-score: 0.900
ZengHuiMT	F-score: 0.833
ZengHuiMT	F-score: 0.867
ZengHuiMT	F-score: 0.875
ZengHuiMT	F-score: 0.630
ZengHuiMT	F-score: 0.842
ZengHuiMT	F-score: 0.632
ZengHuiMT	F-score: 0.932
ZengHuiMT	F-score: 0.710
ZengHuiMT	F-score: 0.483
ZengHuiMT	F-score: 0.735
ZengHuiMT	F-score: 0.561
ZengHuiMT	F-score: 0.578
ZengHuiMT	F-score: 0.750
ZengHuiMT	F-score: 0.842
ZengHuiMT	F-score: 0.909
ZengHuiMT	F-score: 0.554
ZengHuiMT	F-score: 0.750
ZengHuiMT	F-score: 0.529
ZengHuiMT	F-score: 0.776
ZengHuiMT	F-score: 0.842
ZengHuiMT	F-score: 0.842
ZengHuiMT	F-score: 0.889
ZengHuiMT	F-score: 0.560
ZengHuiMT	F-score: 0.658
ZengHuiMT	F-score: 0.504
ZengHuiMT	F-score: 0.951
ZengHuiMT	F-score: 0.825
ZengHuiMT	F-score: 0.824
ZengHuiMT	F-score: 0.788
ZengHuiMT	F-score: 0.842
ZengHuiMT	F-score: 0.900
ZengHuiMT	F-score: 0.571
ZengHuiMT	F-score: 0.719
ZengHuiMT	F-score: 0.537
ZengHuiMT	F-score: 0.791
ZengHuiMT	F-score: 0.833
ZengHuiMT	F-score: 0.576
ZengHuiMT	F-score: 0.842
ZengHuiMT	F-score: 0.897
ZengHuiMT	F-score: 0.540
ZengHuiMT	F-score: 0.672
ZengHuiMT	F-score: 0.577
ZengHuiMT	F-score: 0.528
ZengHuiMT	F-score: 0.537
ZengHuiMT	F-score: 0.519
ZengHuiMT	F-score: 0.824
ZengHuiMT	F-score: 0.762
ZengHuiMT	F-score: 0.691
ZengHuiMT	F-score: 0.700
ZengHuiMT	F-score: 0.608
ZengHuiMT	F-score: 0.556
ZengHuiMT	F-score: 0.762
ZengHuiMT	F-score: 0.708
ZengHuiMT	F-score: 0.699
ZengHuiMT	F-score: 0.721
ZengHuiMT	F-score: 0.696
ZengHuiMT	F-score: 0.771
ZengHuiMT	F-score: 0.444
ZengHuiMT	F-score: 0.559
ZengHuiMT	F-score: 0.577
ZengHuiMT	F-score: 0.643
ZengHuiMT	F-score: 0.750
ZengHuiMT	F-score: 0.603
ZengHuiMT	F-score: 0.600
ZengHuiMT	F-score: 0.960
ZengHuiMT	F-score: 0.825
ZengHuiMT	F-score: 0.767
ZengHuiMT	F-score: 0.847
ZengHuiMT	F-score: 0.673
ZengHuiMT	F-score: 0.615
ZengHuiMT	F-score: 0.551
ZengHuiMT	F-score: 0.550
ZengHuiMT	F-score: 0.582
ZengHuiMT	F-score: 0.650
ZengHuiMT	F-score: 0.427
ZengHuiMT	F-score: 0.844
ZengHuiMT	F-score: 0.643
ZengHuiMT	F-score: 0.667
ZengHuiMT	F-score: 0.633
ZengHuiMT	F-score: 0.704
ZengHuiMT	F-score: 0.764
ZengHuiMT	F-score: 0.610
ZengHuiMT	F-score: 0.628
ZengHuiMT	F-score: 0.709
ZengHuiMT	F-score: 0.820
ZengHuiMT	F-score: 0.756
ZengHuiMT	F-score: 0.691
ZengHuiMT	F-score: 0.821
ZengHuiMT	F-score: 0.760
ZengHuiMT	F-score: 0.580
ZengHuiMT	F-score: 0.658
ZengHuiMT	F-score: 0.733
ZengHuiMT	F-score: 0.578
ZengHuiMT	F-score: 0.602
ZengHuiMT	F-score: 0.561
ZengHuiMT	F-score: 0.546
ZengHuiMT	F-score: 0.634
ZengHuiMT	F-score: 0.675
ZengHuiMT	F-score: 0.615
ZengHuiMT	F-score: 0.629
ZengHuiMT	F-score: 0.756
ZengHuiMT	F-score: 0.488
ZengHuiMT	F-score: 0.667
ZengHuiMT	F-score: 0.441
ZengHuiMT	F-score: 0.531
ZengHuiMT	F-score: 0.699
ZengHuiMT	F-score: 0.753
ZengHuiMT	F-score: 0.308
ZengHuiMT	F-score: 0.389
ZengHuiMT	F-score: 0.531
ZengHuiMT	F-score: 0.672
ZengHuiMT	F-score: 0.650
ZengHuiMT	F-score: 0.452
ZengHuiMT	F-score: 0.862
ZengHuiMT	F-score: 0.650
ZengHuiMT	F-score: 0.590
ZengHuiMT	F-score: 0.689
ZengHuiMT	F-score: 0.857
ZengHuiMT	F-score: 0.496
ZengHuiMT	F-score: 0.540
ZengHuiMT	F-score: 0.800
ZengHuiMT	F-score: 0.721
ZengHuiMT	F-score: 0.816
ZengHuiMT	F-score: 0.708
ZengHuiMT	F-score: 0.819
ZengHuiMT	F-score: 0.737
ZengHuiMT	F-score: 0.688
ZengHuiMT	F-score: 0.741
ZengHuiMT	F-score: 0.727
ZengHuiMT	F-score: 0.716
ZengHuiMT	F-score: 1.000
ZengHuiMT	F-score: 0.624
ZengHuiMT	F-score: 0.724
ZengHuiMT	F-score: 0.647
ZengHuiMT	F-score: 0.652
ZengHuiMT	F-score: 0.643
ZengHuiMT	F-score: 0.414
ZengHuiMT	F-score: 0.962
ZengHuiMT	F-score: 0.654
ZengHuiMT	F-score: 0.773
ZengHuiMT	F-score: 0.593
ZengHuiMT	F-score: 0.796
ZengHuiMT	F-score: 0.840
ZengHuiMT	F-score: 0.602
ZengHuiMT	F-score: 0.787
ZengHuiMT	F-score: 0.721
ZengHuiMT	F-score: 0.588
ZengHuiMT	F-score: 0.619
ZengHuiMT	F-score: 0.637
ZengHuiMT	F-score: 0.628
ZengHuiMT	F-score: 0.667
ZengHuiMT	F-score: 0.560
ZengHuiMT	F-score: 0.667
ZengHuiMT	F-score: 0.662
ZengHuiMT	F-score: 0.667
ZengHuiMT	F-score: 0.468
ZengHuiMT	F-score: 0.500
ZengHuiMT	F-score: 0.444
ZengHuiMT	F-score: 0.573
ZengHuiMT	F-score: 0.437
ZengHuiMT	F-score: 0.558
ZengHuiMT	F-score: 0.635
ZengHuiMT	F-score: 0.750
ZengHuiMT	F-score: 0.729
ZengHuiMT	F-score: 0.782
ZengHuiMT	F-score: 0.644
ZengHuiMT	F-score: 0.658
ZengHuiMT	F-score: 0.593
ZengHuiMT	F-score: 0.592
ZengHuiMT	F-score: 0.645
ZengHuiMT	F-score: 0.690
ZengHuiMT	F-score: 0.544
ZengHuiMT	F-score: 0.738
ZengHuiMT	F-score: 0.661
ZengHuiMT	F-score: 0.575
ZengHuiMT	F-score: 0.725
ZengHuiMT	F-score: 0.750
ZengHuiMT	F-score: 0.655
ZengHuiMT	F-score: 0.692
ZengHuiMT	F-score: 0.851
ZengHuiMT	F-score: 0.562
ZengHuiMT	F-score: 0.571
ZengHuiMT	F-score: 0.394
ZengHuiMT	F-score: 0.510
ZengHuiMT	F-score: 0.670
ZengHuiMT	F-score: 0.500
ZengHuiMT	F-score: 0.552
ZengHuiMT	F-score: 0.601
ZengHuiMT	F-score: 0.705
ZengHuiMT	F-score: 0.483
ZengHuiMT	F-score: 0.625
ZengHuiMT	F-score: 0.613
ZengHuiMT	F-score: 0.554
ZengHuiMT	F-score: 0.588
ZengHuiMT	F-score: 0.744
ZengHuiMT	F-score: 0.505
ZengHuiMT	F-score: 0.575
ZengHuiMT	F-score: 0.500
ZengHuiMT	F-score: 0.370
ZengHuiMT	F-score: 0.442
ZengHuiMT	F-score: 0.658
ZengHuiMT	F-score: 0.655
ZengHuiMT	F-score: 0.698
ZengHuiMT	F-score: 0.557
ZengHuiMT	F-score: 0.496
ZengHuiMT	F-score: 0.706
ZengHuiMT	F-score: 0.429
ZengHuiMT	F-score: 0.635
ZengHuiMT	F-score: 0.508
ZengHuiMT	F-score: 0.634
ZengHuiMT	F-score: 0.588
ZengHuiMT	F-score: 0.560
ZengHuiMT	F-score: 0.642
ZengHuiMT	F-score: 0.818
ZengHuiMT	F-score: 0.500
ZengHuiMT	F-score: 0.718
ZengHuiMT	F-score: 0.689
ZengHuiMT	F-score: 0.571
ZengHuiMT	F-score: 0.545
ZengHuiMT	F-score: 0.614
ZengHuiMT	F-score: 0.655
ZengHuiMT	F-score: 0.727
ZengHuiMT	F-score: 0.552
ZengHuiMT	F-score: 0.625
ZengHuiMT	F-score: 0.817
ZengHuiMT	F-score: 0.865
ZengHuiMT	F-score: 0.848
ZengHuiMT	F-score: 0.746
ZengHuiMT	F-score: 0.696
ZengHuiMT	F-score: 0.778
ZengHuiMT	F-score: 0.693
ZengHuiMT	F-score: 0.926
ZengHuiMT	F-score: 0.809
ZengHuiMT	F-score: 0.647
ZengHuiMT	F-score: 0.713
ZengHuiMT	F-score: 0.679
ZengHuiMT	F-score: 0.750
ZengHuiMT	F-score: 0.767
ZengHuiMT	F-score: 0.789
ZengHuiMT	F-score: 0.787
ZengHuiMT	F-score: 0.550
ZengHuiMT	F-score: 0.947
ZengHuiMT	F-score: 0.515
ZengHuiMT	F-score: 0.822
ZengHuiMT	F-score: 0.516
ZengHuiMT	F-score: 0.680
ZengHuiMT	F-score: 0.663
ZengHuiMT	F-score: 0.640
ZengHuiMT	F-score: 0.785
ZengHuiMT	F-score: 0.731
ZengHuiMT	F-score: 0.917
ZengHuiMT	F-score: 0.737
ZengHuiMT	F-score: 0.702
ZengHuiMT	F-score: 0.553
ZengHuiMT	F-score: 0.639
ZengHuiMT	F-score: 0.662
ZengHuiMT	F-score: 0.727
ZengHuiMT	F-score: 0.415
ZengHuiMT	F-score: 0.737
ZengHuiMT	F-score: 0.694
ZengHuiMT	F-score: 0.667
ZengHuiMT	F-score: 0.615
ZengHuiMT	F-score: 0.635
ZengHuiMT	F-score: 0.549
ZengHuiMT	F-score: 0.882
ZengHuiMT	F-score: 0.561
ZengHuiMT	F-score: 0.525
ZengHuiMT	F-score: 0.690
ZengHuiMT	F-score: 0.638
ZengHuiMT	F-score: 0.504
ZengHuiMT	F-score: 0.691
ZengHuiMT	F-score: 0.520
ZengHuiMT	F-score: 0.600
ZengHuiMT	F-score: 0.785
ZengHuiMT	F-score: 0.491
ZengHuiMT	F-score: 0.870
ZengHuiMT	F-score: 0.754
ZengHuiMT	F-score: 0.846
ZengHuiMT	F-score: 0.500
ZengHuiMT	F-score: 0.695
ZengHuiMT	F-score: 0.928
ZengHuiMT	F-score: 0.806
ZengHuiMT	F-score: 0.926
ZengHuiMT	F-score: 0.462
ZengHuiMT	F-score: 0.696
ZengHuiMT	F-score: 0.723
ZengHuiMT	F-score: 0.772
ZengHuiMT	F-score: 0.600
ZengHuiMT	F-score: 0.891
ZengHuiMT	F-score: 0.689
ZengHuiMT	F-score: 0.889
ZengHuiMT	F-score: 0.222
ZengHuiMT	F-score: 0.836
ZengHuiMT	F-score: 0.738
ZengHuiMT	F-score: 0.643
ZengHuiMT	F-score: 0.916
ZengHuiMT	F-score: 0.784
ZengHuiMT	F-score: 0.845
ZengHuiMT	F-score: 0.643
ZengHuiMT	F-score: 0.839
ZengHuiMT	F-score: 0.759
ZengHuiMT	F-score: 0.727
ZengHuiMT	F-score: 0.697
ZengHuiMT	F-score: 0.698
ZengHuiMT	F-score: 0.727
ZengHuiMT	F-score: 0.807
ZengHuiMT	F-score: 0.880
ZengHuiMT	F-score: 0.943
ZengHuiMT	F-score: 0.750
ZengHuiMT	F-score: 0.952
ZengHuiMT	F-score: 0.870
ZengHuiMT	F-score: 0.578
ZengHuiMT	F-score: 0.642
ZengHuiMT	F-score: 1.000
ZengHuiMT	F-score: 0.800
ZengHuiMT	F-score: 0.595
ZengHuiMT	F-score: 0.778
ZengHuiMT	F-score: 0.559
ZengHuiMT	F-score: 0.818
ZengHuiMT	F-score: 0.786
ZengHuiMT	F-score: 0.850
ZengHuiMT	F-score: 1.000
ZengHuiMT	F-score: 0.837
ZengHuiMT	F-score: 1.000
ZengHuiMT	F-score: 0.727
ZengHuiMT	F-score: 0.800
ZengHuiMT	F-score: 0.792
ZengHuiMT	F-score: 0.500
ZengHuiMT	F-score: 0.606
ZengHuiMT	F-score: 0.923
ZengHuiMT	F-score: 0.800
ZengHuiMT	F-score: 0.853
ZengHuiMT	F-score: 0.929
ZengHuiMT	F-score: 0.824
ZengHuiMT	F-score: 0.755
ZengHuiMT	F-score: 0.881
ZengHuiMT	F-score: 0.905
ZengHuiMT	F-score: 0.746
ZengHuiMT	F-score: 0.793
ZengHuiMT	F-score: 0.847
ZengHuiMT	F-score: 0.696
ZengHuiMT	F-score: 0.704
ZengHuiMT	F-score: 0.706
ZengHuiMT	F-score: 0.715
ZengHuiMT	F-score: 0.523
ZengHuiMT	F-score: 0.688
ZengHuiMT	F-score: 0.774
ZengHuiMT	F-score: 0.632
ZengHuiMT	F-score: 0.753
ZengHuiMT	F-score: 0.696
ZengHuiMT	F-score: 0.839
ZengHuiMT	F-score: 0.690
ZengHuiMT	F-score: 0.562
ZengHuiMT	F-score: 0.473
ZengHuiMT	F-score: 0.733
ZengHuiMT	F-score: 0.587
ZengHuiMT	F-score: 0.912
ZengHuiMT	F-score: 0.735
ZengHuiMT	F-score: 0.684
ZengHuiMT	F-score: 0.793
ZengHuiMT	F-score: 0.543
ZengHuiMT	F-score: 0.763
ZengHuiMT	F-score: 0.743
ZengHuiMT	F-score: 0.368
ZengHuiMT	F-score: 0.844
ZengHuiMT	F-score: 0.923
ZengHuiMT	F-score: 0.604
ZengHuiMT	F-score: 0.577
ZengHuiMT	F-score: 0.500
ZengHuiMT	F-score: 0.875
ZengHuiMT	F-score: 0.854
ZengHuiMT	F-score: 0.667
ZengHuiMT	F-score: 0.847
ZengHuiMT	F-score: 0.659
ZengHuiMT	F-score: 0.820
ZengHuiMT	F-score: 0.595
ZengHuiMT	F-score: 0.700
ZengHuiMT	F-score: 0.779
ZengHuiMT	F-score: 0.636
ZengHuiMT	F-score: 0.681
ZengHuiMT	F-score: 0.788
ZengHuiMT	F-score: 0.745
ZengHuiMT	F-score: 0.638
ZengHuiMT	F-score: 0.662
ZengHuiMT	F-score: 0.766
ZengHuiMT	F-score: 0.833
ZengHuiMT	F-score: 1.000
ZengHuiMT	F-score: 0.857
ZengHuiMT	F-score: 0.806
ZengHuiMT	F-score: 0.864
ZengHuiMT	F-score: 0.786
ZengHuiMT	F-score: 0.708
ZengHuiMT	F-score: 0.729
ZengHuiMT	F-score: 0.815
ZengHuiMT	F-score: 0.900
ZengHuiMT	F-score: 0.688
ZengHuiMT	F-score: 0.480
ZengHuiMT	F-score: 0.667
ZengHuiMT	F-score: 0.570
ZengHuiMT	F-score: 0.525
ZengHuiMT	F-score: 0.861
ZengHuiMT	F-score: 0.667
ZengHuiMT	F-score: 0.862
ZengHuiMT	F-score: 0.667
ZengHuiMT	F-score: 0.895
ZengHuiMT	F-score: 0.658
ZengHuiMT	F-score: 0.565
ZengHuiMT	F-score: 1.000
ZengHuiMT	F-score: 0.786
ZengHuiMT	F-score: 0.625
ZengHuiMT	F-score: 0.839
ZengHuiMT	F-score: 0.789
ZengHuiMT	F-score: 0.667
ZengHuiMT	F-score: 0.787
ZengHuiMT	F-score: 0.829
ZengHuiMT	F-score: 0.950
ZengHuiMT	F-score: 0.824
ZengHuiMT	F-score: 0.806
ZengHuiMT	F-score: 0.677
ZengHuiMT	F-score: 0.602
ZengHuiMT	F-score: 0.538
ZengHuiMT	F-score: 0.585
ZengHuiMT	F-score: 0.778
ZengHuiMT	F-score: 0.686
ZengHuiMT	F-score: 0.833
ZengHuiMT	F-score: 0.705
ZengHuiMT	F-score: 0.721
ZengHuiMT	F-score: 0.642
ZengHuiMT	F-score: 0.735
ZengHuiMT	F-score: 0.872
ZengHuiMT	F-score: 0.650
ZengHuiMT	F-score: 0.667
ZengHuiMT	F-score: 0.652
ZengHuiMT	F-score: 0.662
ZengHuiMT	F-score: 0.475
ZengHuiMT	F-score: 0.692
ZengHuiMT	F-score: 0.623
ZengHuiMT	F-score: 0.809
ZengHuiMT	F-score: 0.333
ZengHuiMT	F-score: 0.425
ZengHuiMT	F-score: 0.640
ZengHuiMT	F-score: 0.333
ZengHuiMT	F-score: 0.568
ZengHuiMT	F-score: 0.727
ZengHuiMT	F-score: 0.430
ZengHuiMT	F-score: 0.870
ZengHuiMT	F-score: 0.667
ZengHuiMT	F-score: 0.738
ZengHuiMT	F-score: 0.632
ZengHuiMT	F-score: 0.561
ZengHuiMT	F-score: 0.457
ZengHuiMT	F-score: 0.387
ZengHuiMT	F-score: 0.750
ZengHuiMT	F-score: 0.714
ZengHuiMT	F-score: 0.369
ZengHuiMT	F-score: 0.655
ZengHuiMT	F-score: 0.595
ZengHuiMT	F-score: 0.604
ZengHuiMT	F-score: 0.793
ZengHuiMT	F-score: 0.493
ZengHuiMT	F-score: 0.444
ZengHuiMT	F-score: 0.610
ZengHuiMT	F-score: 0.455
ZengHuiMT	F-score: 0.640
ZengHuiMT	F-score: 0.571
ZengHuiMT	F-score: 1.000
ZengHuiMT	F-score: 0.625
ZengHuiMT	F-score: 0.429
ZengHuiMT	F-score: 0.800
ZengHuiMT	F-score: 1.000
ZengHuiMT	F-score: 0.667
ZengHuiMT	F-score: 0.553
ZengHuiMT	F-score: 0.786
ZengHuiMT	F-score: 0.526
ZengHuiMT	F-score: 0.556
ZengHuiMT	F-score: 0.750
ZengHuiMT	F-score: 0.582
ZengHuiMT	F-score: 0.857
ZengHuiMT	F-score: 0.800
ZengHuiMT	F-score: 0.500
ZengHuiMT	F-score: 0.645
ZengHuiMT	F-score: 0.750
ZengHuiMT	F-score: 0.800
ZengHuiMT	F-score: 0.339
ZengHuiMT	F-score: 0.519
ZengHuiMT	F-score: 0.302
ZengHuiMT	F-score: 0.574
ZengHuiMT	F-score: 0.774
ZengHuiMT	F-score: 0.667
ZengHuiMT	F-score: 0.618
ZengHuiMT	F-score: 0.600
ZengHuiMT	F-score: 0.595
ZengHuiMT	F-score: 0.882
ZengHuiMT	F-score: 0.535
ZengHuiMT	F-score: 0.671
ZengHuiMT	F-score: 0.630
ZengHuiMT	F-score: 0.750
ZengHuiMT	F-score: 0.537
ZengHuiMT	F-score: 0.549
ZengHuiMT	F-score: 0.433
ZengHuiMT	F-score: 0.471
ZengHuiMT	F-score: 1.000
ZengHuiMT	F-score: 0.670
ZengHuiMT	F-score: 0.810
ZengHuiMT	F-score: 0.594
ZengHuiMT	F-score: 0.625
ZengHuiMT	F-score: 0.476
ZengHuiMT	F-score: 0.560
ZengHuiMT	F-score: 0.739
ZengHuiMT	F-score: 0.833
ZengHuiMT	F-score: 0.604
ZengHuiMT	F-score: 0.635
ZengHuiMT	F-score: 0.435
ZengHuiMT	F-score: 0.509
ZengHuiMT	F-score: 0.614
ZengHuiMT	F-score: 0.500
ZengHuiMT	F-score: 0.453
ZengHuiMT	F-score: 0.727
ZengHuiMT	F-score: 0.699
ZengHuiMT	F-score: 0.657
ZengHuiMT	F-score: 0.875
ZengHuiMT	F-score: 0.561
ZengHuiMT	F-score: 0.667
ZengHuiMT	F-score: 0.333
ZengHuiMT	F-score: 0.649
ZengHuiMT	F-score: 0.732
ZengHuiMT	F-score: 0.270
ZengHuiMT	F-score: 0.557
ZengHuiMT	F-score: 0.600
ZengHuiMT	F-score: 0.600
ZengHuiMT	F-score: 0.250
ZengHuiMT	F-score: 0.529
ZengHuiMT	F-score: 0.382
ZengHuiMT	F-score: 0.286
ZengHuiMT	F-score: 0.607
ZengHuiMT	F-score: 1.000
ZengHuiMT	F-score: 0.485
ZengHuiMT	F-score: 0.714
ZengHuiMT	F-score: 0.401
ZengHuiMT	F-score: 0.750
ZengHuiMT	F-score: 0.629
ZengHuiMT	F-score: 0.667
ZengHuiMT	F-score: 0.507
ZengHuiMT	F-score: 0.653
ZengHuiMT	F-score: 0.569
ZengHuiMT	F-score: 0.667
ZengHuiMT	F-score: 0.341
ZengHuiMT	F-score: 0.533
ZengHuiMT	F-score: 0.536
ZengHuiMT	F-score: 0.623
ZengHuiMT	F-score: 0.449
ZengHuiMT	F-score: 0.630
ZengHuiMT	F-score: 0.737
ZengHuiMT	F-score: 0.494
ZengHuiMT	F-score: 0.667
ZengHuiMT	F-score: 0.917
ZengHuiMT	F-score: 0.532
ZengHuiMT	F-score: 0.750
ZengHuiMT	F-score: 0.356
ZengHuiMT	F-score: 0.348
ZengHuiMT	F-score: 0.424
ZengHuiMT	F-score: 0.533
ZengHuiMT	F-score: 0.500
ZengHuiMT	F-score: 1.000
ZengHuiMT	F-score: 0.460
ZengHuiMT	F-score: 0.778
ZengHuiMT	F-score: 0.759
ZengHuiMT	F-score: 0.435
ZengHuiMT	F-score: 0.667
ZengHuiMT	F-score: 0.800
ZengHuiMT	F-score: 0.475
ZengHuiMT	F-score: 0.333
ZengHuiMT	F-score: 0.496
ZengHuiMT	F-score: 0.476
ZengHuiMT	F-score: 0.829
ZengHuiMT	F-score: 0.157
ZengHuiMT	F-score: 0.371
ZengHuiMT	F-score: 0.578
ZengHuiMT	F-score: 0.483
ZengHuiMT	F-score: 0.375
ZengHuiMT	F-score: 0.421
ZengHuiMT	F-score: 0.311
ZengHuiMT	F-score: 0.500
ZengHuiMT	F-score: 0.504
ZengHuiMT	F-score: 0.583
ZengHuiMT	F-score: 0.541
ZengHuiMT	F-score: 0.338
ZengHuiMT	F-score: 0.441
ZengHuiMT	F-score: 0.523
ZengHuiMT	F-score: 0.267
ZengHuiMT	F-score: 0.118
ZengHuiMT	F-score: 0.678
ZengHuiMT	F-score: 0.611
ZengHuiMT	F-score: 0.632
ZengHuiMT	F-score: 0.685
ZengHuiMT	F-score: 0.683
ZengHuiMT	F-score: 0.654
ZengHuiMT	F-score: 0.500
ZengHuiMT	F-score: 0.473
ZengHuiMT	F-score: 0.626
ZengHuiMT	F-score: 0.371
ZengHuiMT	F-score: 0.511
ZengHuiMT	F-score: 0.571
ZengHuiMT	F-score: 0.492
ZengHuiMT	F-score: 0.429
ZengHuiMT	F-score: 0.348
ZengHuiMT	F-score: 0.420
ZengHuiMT	F-score: 0.465
ZengHuiMT	F-score: 0.294
ZengHuiMT	F-score: 0.783
ZengHuiMT	F-score: 0.957
ZengHuiMT	F-score: 0.846
ZengHuiMT	F-score: 0.800
ZengHuiMT	F-score: 1.000
ZengHuiMT	F-score: 1.000
ZengHuiMT	F-score: 0.772
ZengHuiMT	F-score: 0.776
ZengHuiMT	F-score: 0.750
ZengHuiMT	F-score: 0.553
ZengHuiMT	F-score: 0.433
ZengHuiMT	F-score: 0.757
ZengHuiMT	F-score: 0.588
ZengHuiMT	F-score: 0.714
ZengHuiMT	F-score: 0.606
ZengHuiMT	F-score: 0.625
ZengHuiMT	F-score: 0.651
ZengHuiMT	F-score: 0.831
ZengHuiMT	F-score: 0.678
ZengHuiMT	F-score: 0.644
ZengHuiMT	F-score: 0.523
ZengHuiMT	F-score: 0.714
ZengHuiMT	F-score: 0.557
ZengHuiMT	F-score: 0.485
ZengHuiMT	F-score: 0.679
ZengHuiMT	F-score: 0.714
ZengHuiMT	F-score: 0.714
ZengHuiMT	F-score: 0.489
ZengHuiMT	F-score: 0.604
ZengHuiMT	F-score: 0.500
ZengHuiMT	F-score: 0.732
ZengHuiMT	F-score: 0.416
ZengHuiMT	F-score: 0.545
ZengHuiMT	F-score: 0.500
ZengHuiMT	F-score: 0.690
ZengHuiMT	F-score: 0.300
ZengHuiMT	F-score: 0.700
ZengHuiMT	F-score: 0.528
ZengHuiMT	F-score: 0.364
ZengHuiMT	F-score: 0.769
ZengHuiMT	F-score: 0.866
ZengHuiMT	F-score: 0.571
ZengHuiMT	F-score: 0.627
ZengHuiMT	F-score: 0.754
ZengHuiMT	F-score: 0.435
ZengHuiMT	F-score: 0.400
ZengHuiMT	F-score: 0.634
ZengHuiMT	F-score: 0.685
ZengHuiMT	F-score: 0.455
ZengHuiMT	F-score: 0.661
ZengHuiMT	F-score: 0.583
ZengHuiMT	F-score: 0.600
ZengHuiMT	F-score: 0.728
ZengHuiMT	F-score: 0.667
ZengHuiMT	F-score: 0.714
ZengHuiMT	F-score: 0.548
ZengHuiMT	F-score: 0.622
ZengHuiMT	F-score: 0.364
ZengHuiMT	F-score: 0.485
ZengHuiMT	F-score: 0.732
ZengHuiMT	F-score: 0.790
ZengHuiMT	F-score: 0.733
ZengHuiMT	F-score: 0.844
ZengHuiMT	F-score: 0.759
ZengHuiMT	F-score: 0.462
ZengHuiMT	F-score: 0.700
ZengHuiMT	F-score: 0.644
ZengHuiMT	F-score: 0.846
ZengHuiMT	F-score: 0.455
ZengHuiMT	F-score: 0.500
ZengHuiMT	F-score: 0.455
ZengHuiMT	F-score: 0.658
ZengHuiMT	F-score: 0.800
ZengHuiMT	F-score: 0.584
ZengHuiMT	F-score: 0.769
ZengHuiMT	F-score: 0.476
ZengHuiMT	F-score: 0.583
ZengHuiMT	F-score: 0.500
ZengHuiMT	F-score: 0.355
ZengHuiMT	F-score: 0.486
ZengHuiMT	F-score: 0.792
ZengHuiMT	F-score: 0.200
ZengHuiMT	F-score: 0.500
ZengHuiMT	F-score: 0.610
ZengHuiMT	F-score: 0.578
ZengHuiMT	F-score: 0.211
ZengHuiMT	F-score: 0.400
ZengHuiMT	F-score: 0.602
ZengHuiMT	F-score: 0.533
ZengHuiMT	F-score: 0.833
ZengHuiMT	F-score: 0.602
ZengHuiMT	F-score: 0.750
ZengHuiMT	F-score: 0.475
ZengHuiMT	F-score: 0.786
ZengHuiMT	F-score: 0.471
ZengHuiMT	F-score: 0.407
ZengHuiMT	F-score: 0.361
ZengHuiMT	F-score: 0.400
ZengHuiMT	F-score: 0.833
ZengHuiMT	F-score: 0.585
ZengHuiMT	F-score: 0.710
ZengHuiMT	F-score: 0.815
ZengHuiMT	F-score: 0.840
ZengHuiMT	F-score: 0.558
ZengHuiMT	F-score: 0.523
ZengHuiMT	F-score: 0.727
ZengHuiMT	F-score: 0.485
ZengHuiMT	F-score: 0.619
ZengHuiMT	F-score: 0.584
ZengHuiMT	F-score: 0.459
ZengHuiMT	F-score: 0.615
ZengHuiMT	F-score: 0.701
ZengHuiMT	F-score: 0.562
ZengHuiMT	F-score: 0.640
ZengHuiMT	F-score: 0.401
ZengHuiMT	F-score: 0.618
ZengHuiMT	F-score: 0.909
ZengHuiMT	F-score: 0.624
ZengHuiMT	F-score: 0.296
ZengHuiMT	F-score: 0.429
ZengHuiMT	F-score: 0.596
ZengHuiMT	F-score: 0.625
ZengHuiMT	F-score: 0.558
ZengHuiMT	F-score: 0.750
ZengHuiMT	F-score: 0.400
ZengHuiMT	F-score: 0.628
ZengHuiMT	F-score: 0.840
ZengHuiMT	F-score: 1.000
ZengHuiMT	F-score: 0.560
ZengHuiMT	F-score: 0.731
ZengHuiMT	F-score: 0.464
ZengHuiMT	F-score: 0.560
ZengHuiMT	F-score: 0.479
ZengHuiMT	F-score: 0.455
ZengHuiMT	F-score: 0.452
ZengHuiMT	F-score: 0.778
ZengHuiMT	F-score: 0.348
ZengHuiMT	F-score: 0.769
ZengHuiMT	F-score: 0.830
ZengHuiMT	F-score: 0.618
ZengHuiMT	F-score: 0.615
ZengHuiMT	F-score: 1.000
ZengHuiMT	F-score: 0.706
ZengHuiMT	F-score: 0.857
ZengHuiMT	F-score: 0.533
ZengHuiMT	F-score: 0.448
ZengHuiMT	F-score: 0.800
ZengHuiMT	F-score: 0.390
ZengHuiMT	F-score: 0.583
ZengHuiMT	F-score: 0.367
ZengHuiMT	F-score: 0.500
ZengHuiMT	F-score: 0.549
ZengHuiMT	F-score: 0.667
ZengHuiMT	F-score: 0.500
ZengHuiMT	F-score: 0.485
ZengHuiMT	F-score: 0.462
ZengHuiMT	F-score: 0.643
ZengHuiMT	F-score: 0.286
ZengHuiMT	F-score: 0.539
ZengHuiMT	F-score: 0.250
ZengHuiMT	F-score: 0.688
ZengHuiMT	F-score: 0.527
ZengHuiMT	F-score: 0.583
ZengHuiMT	F-score: 0.479
ZengHuiMT	F-score: 0.412
ZengHuiMT	F-score: 0.616
ZengHuiMT	F-score: 0.556
ZengHuiMT	F-score: 0.533
ZengHuiMT	F-score: 0.731
ZengHuiMT	F-score: 0.800
ZengHuiMT	F-score: 0.545
ZengHuiMT	F-score: 0.524
ZengHuiMT	F-score: 0.727
ZengHuiMT	F-score: 0.672
ZengHuiMT	F-score: 0.679
ZengHuiMT	F-score: 0.400
ZengHuiMT	F-score: 0.541
ZengHuiMT	F-score: 0.750
ZengHuiMT	F-score: 0.537
ZengHuiMT	F-score: 0.625
ZengHuiMT	F-score: 0.545
ZengHuiMT	F-score: 0.646
ZengHuiMT	F-score: 0.667
ZengHuiMT	F-score: 0.400
ZengHuiMT	F-score: 0.333
ZengHuiMT	F-score: 0.690
ZengHuiMT	F-score: 0.712
ZengHuiMT	F-score: 0.655
ZengHuiMT	F-score: 0.697
ZengHuiMT	F-score: 0.554
ZengHuiMT	F-score: 0.889
ZengHuiMT	F-score: 0.329
ZengHuiMT	F-score: 1.000
ZengHuiMT	F-score: 0.667
ZengHuiMT	F-score: 0.369
ZengHuiMT	F-score: 0.600
ZengHuiMT	F-score: 0.560
ZengHuiMT	F-score: 0.788
ZengHuiMT	F-score: 0.727
ZengHuiMT	F-score: 0.824
ZengHuiMT	F-score: 0.700
ZengHuiMT	F-score: 0.824
ZengHuiMT	F-score: 0.612
ZengHuiMT	F-score: 0.703
ZengHuiMT	F-score: 0.818
ZengHuiMT	F-score: 0.533
ZengHuiMT	F-score: 0.875
ZengHuiMT	F-score: 0.630
ZengHuiMT	F-score: 0.465
ZengHuiMT	F-score: 0.636
ZengHuiMT	F-score: 0.426
ZengHuiMT	F-score: 0.340
ZengHuiMT	F-score: 0.723
ZengHuiMT	F-score: 0.541
ZengHuiMT	F-score: 1.000
ZengHuiMT	F-score: 0.416
ZengHuiMT	F-score: 0.575
ZengHuiMT	F-score: 0.606
ZengHuiMT	F-score: 0.543
ZengHuiMT	F-score: 0.762
ZengHuiMT	F-score: 0.685
ZengHuiMT	F-score: 0.650
ZengHuiMT	F-score: 0.467
ZengHuiMT	F-score: 0.750
ZengHuiMT	F-score: 0.532
ZengHuiMT	F-score: 0.800
ZengHuiMT	F-score: 0.316
ZengHuiMT	F-score: 0.380
ZengHuiMT	F-score: 0.818
ZengHuiMT	F-score: 0.333
ZengHuiMT	F-score: 0.688
ZengHuiMT	F-score: 0.637
ZengHuiMT	F-score: 0.390
ZengHuiMT	F-score: 0.469
ZengHuiMT	F-score: 0.509
ZengHuiMT	F-score: 0.392
ZengHuiMT	F-score: 0.588
ZengHuiMT	F-score: 0.500
ZengHuiMT	F-score: 0.588
ZengHuiMT	F-score: 0.627
ZengHuiMT	F-score: 0.662
ZengHuiMT	F-score: 0.714
ZengHuiMT	F-score: 0.609
ZengHuiMT	F-score: 0.440
ZengHuiMT	F-score: 0.316
ZengHuiMT	F-score: 0.450
ZengHuiMT	F-score: 0.421
ZengHuiMT	F-score: 0.244
ZengHuiMT	F-score: 0.769
ZengHuiMT	F-score: 0.741
ZengHuiMT	F-score: 0.531
ZengHuiMT	F-score: 0.455
ZengHuiMT	F-score: 0.529
ZengHuiMT	F-score: 0.812
ZengHuiMT	F-score: 0.377
ZengHuiMT	F-score: 0.455
ZengHuiMT	F-score: 0.754
ZengHuiMT	F-score: 0.769
ZengHuiMT	F-score: 0.500
ZengHuiMT	F-score: 0.686
ZengHuiMT	F-score: 0.453
ZengHuiMT	F-score: 0.300
ZengHuiMT	F-score: 0.625
ZengHuiMT	F-score: 0.455
ZengHuiMT	F-score: 0.429
ZengHuiMT	F-score: 0.480
ZengHuiMT	F-score: 0.466
ZengHuiMT	F-score: 0.643
ZengHuiMT	F-score: 0.864
ZengHuiMT	F-score: 0.455
ZengHuiMT	F-score: 0.750
ZengHuiMT	F-score: 0.474
ZengHuiMT	F-score: 1.000
ZengHuiMT	F-score: 0.462
ZengHuiMT	F-score: 0.444
ZengHuiMT	F-score: 0.831
ZengHuiMT	F-score: 0.658
ZengHuiMT	F-score: 0.528
ZengHuiMT	F-score: 0.691
ZengHuiMT	F-score: 0.435
ZengHuiMT	F-score: 0.692
ZengHuiMT	F-score: 0.308
ZengHuiMT	F-score: 0.526
ZengHuiMT	F-score: 0.273
ZengHuiMT	F-score: 0.500
ZengHuiMT	F-score: 0.786
ZengHuiMT	F-score: 0.715
ZengHuiMT	F-score: 0.525
ZengHuiMT	F-score: 0.419
ZengHuiMT	F-score: 0.488
ZengHuiMT	F-score: 0.590
ZengHuiMT	F-score: 0.580
ZengHuiMT	F-score: 0.452
ZengHuiMT	F-score: 0.592
ZengHuiMT	F-score: 0.250
ZengHuiMT	F-score: 0.434
ZengHuiMT	F-score: 0.687
ZengHuiMT	F-score: 0.417
ZengHuiMT	F-score: 0.525
ZengHuiMT	F-score: 0.500
ZengHuiMT	F-score: 0.387
ZengHuiMT	F-score: 0.593
ZengHuiMT	F-score: 0.395
ZengHuiMT	F-score: 0.857
ZengHuiMT	F-score: 1.000
ZengHuiMT	F-score: 0.562
ZengHuiMT	F-score: 0.552
ZengHuiMT	F-score: 0.533
ZengHuiMT	F-score: 0.432
ZengHuiMT	F-score: 0.714
ZengHuiMT	F-score: 1.000
ZengHuiMT	F-score: 0.525
ZengHuiMT	F-score: 0.592
ZengHuiMT	F-score: 0.882
ZengHuiMT	F-score: 0.496
ZengHuiMT	F-score: 0.714
ZengHuiMT	F-score: 0.774
ZengHuiMT	F-score: 0.568
ZengHuiMT	F-score: 0.657
ZengHuiMT	F-score: 0.303
ZengHuiMT	F-score: 0.405
ZengHuiMT	F-score: 0.686
ZengHuiMT	F-score: 0.681
ZengHuiMT	F-score: 0.584
ZengHuiMT	F-score: 0.929
ZengHuiMT	F-score: 0.400
ZengHuiMT	F-score: 0.457
ZengHuiMT	F-score: 0.512
ZengHuiMT	F-score: 0.424
ZengHuiMT	F-score: 0.480
ZengHuiMT	F-score: 0.643
ZengHuiMT	F-score: 0.682
ZengHuiMT	F-score: 0.783
ZengHuiMT	F-score: 0.389
ZengHuiMT	F-score: 0.512
ZengHuiMT	F-score: 0.439
ZengHuiMT	F-score: 0.703
ZengHuiMT	F-score: 0.875
ZengHuiMT	F-score: 0.813
ZengHuiMT	F-score: 0.731
ZengHuiMT	F-score: 0.903
ZengHuiMT	F-score: 0.653
ZengHuiMT	F-score: 0.800
ZengHuiMT	F-score: 0.596
ZengHuiMT	F-score: 0.381
ZengHuiMT	F-score: 0.483
ZengHuiMT	F-score: 0.677
ZengHuiMT	F-score: 0.552
ZengHuiMT	F-score: 1.000
ZengHuiMT	F-score: 0.502
ZengHuiMT	F-score: 0.476
ZengHuiMT	F-score: 0.385
ZengHuiMT	F-score: 0.500
ZengHuiMT	F-score: 0.660
ZengHuiMT	F-score: 0.630
ZengHuiMT	F-score: 0.364
ZengHuiMT	F-score: 0.493
ZengHuiMT	F-score: 1.000
ZengHuiMT	F-score: 0.699
ZengHuiMT	F-score: 0.522
ZengHuiMT	F-score: 1.000
ZengHuiMT	F-score: 0.667
ZengHuiMT	F-score: 0.522
ZengHuiMT	F-score: 0.819
ZengHuiMT	F-score: 0.545
ZengHuiMT	F-score: 0.725
ZengHuiMT	F-score: 0.316
ZengHuiMT	F-score: 0.571
ZengHuiMT	F-score: 0.439
ZengHuiMT	F-score: 0.486
ZengHuiMT	F-score: 0.516
ZengHuiMT	F-score: 0.727
ZengHuiMT	F-score: 0.800
ZengHuiMT	F-score: 0.875
ZengHuiMT	F-score: 0.800
ZengHuiMT	F-score: 0.296
ZengHuiMT	F-score: 0.650
ZengHuiMT	F-score: 0.625
ZengHuiMT	F-score: 1.000
ZengHuiMT	F-score: 0.672
ZengHuiMT	F-score: 0.469
ZengHuiMT	F-score: 0.564
ZengHuiMT	F-score: 0.600
ZengHuiMT	F-score: 0.525
ZengHuiMT	F-score: 0.750
ZengHuiMT	F-score: 0.400
ZengHuiMT	F-score: 0.667
ZengHuiMT	F-score: 0.960
ZengHuiMT	F-score: 1.000
ZengHuiMT	F-score: 0.776
ZengHuiMT	F-score: 0.671
ZengHuiMT	F-score: 0.658
ZengHuiMT	F-score: 0.619
ZengHuiMT	F-score: 0.783
ZengHuiMT	F-score: 0.344
ZengHuiMT	F-score: 0.385
ZengHuiMT	F-score: 0.647
ZengHuiMT	F-score: 0.957
ZengHuiMT	F-score: 0.496
ZengHuiMT	F-score: 0.741
ZengHuiMT	F-score: 0.737
ZengHuiMT	F-score: 0.517
ZengHuiMT	F-score: 0.410
ZengHuiMT	F-score: 0.472
ZengHuiMT	F-score: 0.389
ZengHuiMT	F-score: 0.646
ZengHuiMT	F-score: 0.462
ZengHuiMT	F-score: 0.474
ZengHuiMT	F-score: 0.342
ZengHuiMT	F-score: 0.667
ZengHuiMT	F-score: 0.649
ZengHuiMT	F-score: 0.833
ZengHuiMT	F-score: 0.539
ZengHuiMT	F-score: 0.913
ZengHuiMT	F-score: 0.364
ZengHuiMT	F-score: 0.941
ZengHuiMT	F-score: 0.889
ZengHuiMT	F-score: 0.333
ZengHuiMT	F-score: 0.800
ZengHuiMT	F-score: 0.779
ZengHuiMT	F-score: 0.621
ZengHuiMT	F-score: 0.588
ZengHuiMT	F-score: 0.846
ZengHuiMT	F-score: 0.650
ZengHuiMT	F-score: 0.400
ZengHuiMT	F-score: 0.300
ZengHuiMT	F-score: 0.596
ZengHuiMT	F-score: 0.267
ZengHuiMT	F-score: 0.667
ZengHuiMT	F-score: 0.571
ZengHuiMT	F-score: 0.923
ZengHuiMT	F-score: 0.500
ZengHuiMT	F-score: 0.286
ZengHuiMT	F-score: 0.750
ZengHuiMT	F-score: 0.211
ZengHuiMT	F-score: 0.125
ZengHuiMT	F-score: 0.533
ZengHuiMT	F-score: 0.688
ZengHuiMT	F-score: 0.400
ZengHuiMT	F-score: 0.667
ZengHuiMT	F-score: 0.536
ZengHuiMT	F-score: 0.857
ZengHuiMT	F-score: 0.909
ZengHuiMT	F-score: 0.651
ZengHuiMT	F-score: 0.588
ZengHuiMT	F-score: 0.846
ZengHuiMT	F-score: 0.571
ZengHuiMT	F-score: 0.457
ZengHuiMT	F-score: 0.653
ZengHuiMT	F-score: 0.750
ZengHuiMT	F-score: 0.620
ZengHuiMT	F-score: 0.588
ZengHuiMT	F-score: 0.369
ZengHuiMT	F-score: 0.400
ZengHuiMT	F-score: 0.659
ZengHuiMT	F-score: 0.764
ZengHuiMT	F-score: 0.875
ZengHuiMT	F-score: 0.483
ZengHuiMT	F-score: 0.074
ZengHuiMT	F-score: 0.644
ZengHuiMT	F-score: 0.471
ZengHuiMT	F-score: 0.833
ZengHuiMT	F-score: 0.667
ZengHuiMT	F-score: 0.471
ZengHuiMT	F-score: 0.673
ZengHuiMT	F-score: 0.490
ZengHuiMT	F-score: 0.750
ZengHuiMT	F-score: 0.267
ZengHuiMT	F-score: 0.602
ZengHuiMT	F-score: 0.533
ZengHuiMT	F-score: 0.455
ZengHuiMT	F-score: 0.562
ZengHuiMT	F-score: 0.602
ZengHuiMT	F-score: 0.584
ZengHuiMT	F-score: 0.429
ZengHuiMT	F-score: 0.600
ZengHuiMT	F-score: 0.515
ZengHuiMT	F-score: 0.421
ZengHuiMT	F-score: 0.727
ZengHuiMT	F-score: 0.629
ZengHuiMT	F-score: 0.320
ZengHuiMT	F-score: 0.500
ZengHuiMT	F-score: 0.267
ZengHuiMT	F-score: 0.488
ZengHuiMT	F-score: 0.294
ZengHuiMT	F-score: 0.379
ZengHuiMT	F-score: 0.513
ZengHuiMT	F-score: 0.683
ZengHuiMT	F-score: 0.449
ZengHuiMT	F-score: 0.889
ZengHuiMT	F-score: 0.519
ZengHuiMT	F-score: 0.625
ZengHuiMT	F-score: 0.348
ZengHuiMT	F-score: 0.655
ZengHuiMT	F-score: 0.690
ZengHuiMT	F-score: 0.714
ZengHuiMT	F-score: 0.636
ZengHuiMT	F-score: 0.692
ZengHuiMT	F-score: 0.694
ZengHuiMT	F-score: 0.524
ZengHuiMT	F-score: 0.714
ZengHuiMT	F-score: 0.582
ZengHuiMT	F-score: 0.378
ZengHuiMT	F-score: 0.358
ZengHuiMT	F-score: 0.750
ZengHuiMT	F-score: 0.459
ZengHuiMT	F-score: 0.451
ZengHuiMT	F-score: 0.727
ZengHuiMT	F-score: 0.692
ZengHuiMT	F-score: 0.571
ZengHuiMT	F-score: 0.518
ZengHuiMT	F-score: 0.545
ZengHuiMT	F-score: 0.748
ZengHuiMT	F-score: 0.496
ZengHuiMT	F-score: 0.693
ZengHuiMT	F-score: 0.637
ZengHuiMT	F-score: 0.737
ZengHuiMT	F-score: 0.465
ZengHuiMT	F-score: 0.588
ZengHuiMT	F-score: 0.475
ZengHuiMT	F-score: 0.533
ZengHuiMT	F-score: 0.833
ZengHuiMT	F-score: 0.810
ZengHuiMT	F-score: 0.364
ZengHuiMT	F-score: 0.857
ZengHuiMT	F-score: 0.742
ZengHuiMT	F-score: 0.426
ZengHuiMT	F-score: 0.538
ZengHuiMT	F-score: 0.574
ZengHuiMT	F-score: 0.538
ZengHuiMT	F-score: 0.536
ZengHuiMT	F-score: 0.595
ZengHuiMT	F-score: 0.636
ZengHuiMT	F-score: 0.562
ZengHuiMT	F-score: 0.544
ZengHuiMT	F-score: 0.250
ZengHuiMT	F-score: 0.647
ZengHuiMT	F-score: 0.457
ZengHuiMT	F-score: 0.698
ZengHuiMT	F-score: 0.846
ZengHuiMT	F-score: 0.429
ZengHuiMT	F-score: 0.505
ZengHuiMT	F-score: 0.637
ZengHuiMT	F-score: 0.667
ZengHuiMT	F-score: 0.423
ZengHuiMT	F-score: 0.500
ZengHuiMT	F-score: 0.880
refA	F-score: 0.280
refA	F-score: 0.423
refA	F-score: 0.579
refA	F-score: 0.487
refA	F-score: 0.530
refA	F-score: 0.379
refA	F-score: 0.571
refA	F-score: 0.429
refA	F-score: 1.000
refA	F-score: 0.750
refA	F-score: 0.545
refA	F-score: 0.469
refA	F-score: 1.000
refA	F-score: 0.581
refA	F-score: 0.892
refA	F-score: 1.000
refA	F-score: 1.000
refA	F-score: 1.000
refA	F-score: 1.000
refA	F-score: 1.000
refA	F-score: 1.000
refA	F-score: 1.000
refA	F-score: 1.000
refA	F-score: 1.000
refA	F-score: 1.000
refA	F-score: 1.000
refA	F-score: 1.000
refA	F-score: 1.000
refA	F-score: 1.000
refA	F-score: 1.000
refA	F-score: 1.000
refA	F-score: 1.000
refA	F-score: 1.000
refA	F-score: 1.000
refA	F-score: 1.000
refA	F-score: 1.000
refA	F-score: 1.000
refA	F-score: 1.000
refA	F-score: 1.000
refA	F-score: 1.000
refA	F-score: 1.000
refA	F-score: 1.000
refA	F-score: 1.000
refA	F-score: 1.000
refA	F-score: 1.000
refA	F-score: 1.000
refA	F-score: 1.000
refA	F-score: 1.000
refA	F-score: 1.000
refA	F-score: 1.000
refA	F-score: 1.000
refA	F-score: 1.000
refA	F-score: 1.000
refA	F-score: 1.000
refA	F-score: 1.000
refA	F-score: 1.000
refA	F-score: 1.025
refA	F-score: 1.000
refA	F-score: 1.000
refA	F-score: 1.000
refA	F-score: 1.000
refA	F-score: 1.000
refA	F-score: 1.000
refA	F-score: 1.000
refA	F-score: 1.038
refA	F-score: 1.000
refA	F-score: 1.000
refA	F-score: 1.000
refA	F-score: 1.000
refA	F-score: 1.000
refA	F-score: 1.000
refA	F-score: 1.000
refA	F-score: 1.000
refA	F-score: 1.000
refA	F-score: 1.000
refA	F-score: 1.000
refA	F-score: 1.000
refA	F-score: 1.000
refA	F-score: 1.000
refA	F-score: 1.000
refA	F-score: 1.000
refA	F-score: 0.500
refA	F-score: 0.864
refA	F-score: 0.414
refA	F-score: 0.476
refA	F-score: 0.467
refA	F-score: 0.500
refA	F-score: 0.286
refA	F-score: 0.480
refA	F-score: 0.154
refA	F-score: 0.588
refA	F-score: 0.737
refA	F-score: 1.000
refA	F-score: 1.000
refA	F-score: 0.727
refA	F-score: 0.451
refA	F-score: 0.400
refA	F-score: 0.425
refA	F-score: 0.429
refA	F-score: 1.000
refA	F-score: 1.000
refA	F-score: 1.000
refA	F-score: 1.000
refA	F-score: 1.000
refA	F-score: 1.000
refA	F-score: 1.000
refA	F-score: 1.000
refA	F-score: 1.000
refA	F-score: 1.000
refA	F-score: 1.000
refA	F-score: 1.000
refA	F-score: 1.000
refA	F-score: 1.000
refA	F-score: 1.000
refA	F-score: 1.000
refA	F-score: 1.000
refA	F-score: 1.000
refA	F-score: 1.000
refA	F-score: 1.000
refA	F-score: 1.000
refA	F-score: 1.000
refA	F-score: 1.000
refA	F-score: 1.000
refA	F-score: 1.000
refA	F-score: 1.000
refA	F-score: 1.000
refA	F-score: 1.000
refA	F-score: 1.000
refA	F-score: 1.000
refA	F-score: 1.000
refA	F-score: 1.000
refA	F-score: 1.000
refA	F-score: 1.000
refA	F-score: 1.000
refA	F-score: 1.000
refA	F-score: 1.000
refA	F-score: 1.000
refA	F-score: 1.000
refA	F-score: 1.000
refA	F-score: 1.000
refA	F-score: 1.000
refA	F-score: 1.000
refA	F-score: 1.000
refA	F-score: 1.000
refA	F-score: 1.000
refA	F-score: 1.000
refA	F-score: 1.000
refA	F-score: 1.000
refA	F-score: 1.000
refA	F-score: 1.000
refA	F-score: 1.000
refA	F-score: 1.000
refA	F-score: 1.000
refA	F-score: 1.000
refA	F-score: 1.000
refA	F-score: 1.000
refA	F-score: 1.000
refA	F-score: 1.000
refA	F-score: 1.000
refA	F-score: 1.000
refA	F-score: 1.000
refA	F-score: 0.469
refA	F-score: 0.364
refA	F-score: 0.615
refA	F-score: 0.502
refA	F-score: 0.317
refA	F-score: 0.458
refA	F-score: 0.510
refA	F-score: 0.392
refA	F-score: 0.656
refA	F-score: 0.478
refA	F-score: 1.000
refA	F-score: 1.000
refA	F-score: 1.000
refA	F-score: 1.000
refA	F-score: 1.000
refA	F-score: 1.000
refA	F-score: 1.000
refA	F-score: 1.000
refA	F-score: 1.000
refA	F-score: 1.000
refA	F-score: 1.000
refA	F-score: 1.000
refA	F-score: 1.000
refA	F-score: 1.000
refA	F-score: 1.000
refA	F-score: 1.000
refA	F-score: 1.000
refA	F-score: 1.000
refA	F-score: 0.500
refA	F-score: 0.250
refA	F-score: 0.500
refA	F-score: 0.328
refA	F-score: 0.324
refA	F-score: 0.374
refA	F-score: 0.750
refA	F-score: 0.688
refA	F-score: 0.424
refA	F-score: 0.349
refA	F-score: 1.000
refA	F-score: 1.000
refA	F-score: 1.000
refA	F-score: 1.000
refA	F-score: 1.000
refA	F-score: 1.000
refA	F-score: 1.000
refA	F-score: 1.000
refA	F-score: 1.000
refA	F-score: 1.000
refA	F-score: 1.000
refA	F-score: 1.000
refA	F-score: 1.000
refA	F-score: 1.000
refA	F-score: 1.000
refA	F-score: 1.000
refA	F-score: 1.000
refA	F-score: 1.000
refA	F-score: 1.000
refA	F-score: 1.000
refA	F-score: 1.000
refA	F-score: 1.000
refA	F-score: 1.000
refA	F-score: 1.000
refA	F-score: 1.000
refA	F-score: 1.000
refA	F-score: 1.000
refA	F-score: 1.000
refA	F-score: 1.000
refA	F-score: 1.000
refA	F-score: 1.000
refA	F-score: 1.000
refA	F-score: 1.000
refA	F-score: 1.000
refA	F-score: 1.000
refA	F-score: 1.000
refA	F-score: 0.400
refA	F-score: 0.636
refA	F-score: 0.533
refA	F-score: 0.364
refA	F-score: 0.632
refA	F-score: 0.510
refA	F-score: 0.447
refA	F-score: 0.613
refA	F-score: 0.441
refA	F-score: 0.377
refA	F-score: 1.000
refA	F-score: 1.000
refA	F-score: 1.000
refA	F-score: 1.000
refA	F-score: 1.000
refA	F-score: 1.000
refA	F-score: 1.000
refA	F-score: 1.000
refA	F-score: 1.000
refA	F-score: 1.000
refA	F-score: 1.000
refA	F-score: 1.000
refA	F-score: 1.000
refA	F-score: 1.000
refA	F-score: 1.000
refA	F-score: 1.000
refA	F-score: 1.000
refA	F-score: 1.000
refA	F-score: 1.000
refA	F-score: 1.000
refA	F-score: 1.000
refA	F-score: 1.000
refA	F-score: 1.000
refA	F-score: 1.000
refA	F-score: 1.000
refA	F-score: 1.000
refA	F-score: 1.000
refA	F-score: 1.000
refA	F-score: 1.000
refA	F-score: 1.000
refA	F-score: 1.000
refA	F-score: 1.000
refA	F-score: 1.000
refA	F-score: 1.000
refA	F-score: 1.000
refA	F-score: 0.750
refA	F-score: 0.370
refA	F-score: 0.524
refA	F-score: 0.370
refA	F-score: 1.000
refA	F-score: 0.359
refA	F-score: 0.568
refA	F-score: 0.456
refA	F-score: 0.667
refA	F-score: 0.318
refA	F-score: 1.000
refA	F-score: 1.000
refA	F-score: 1.000
refA	F-score: 1.000
refA	F-score: 1.000
refA	F-score: 1.000
refA	F-score: 1.000
refA	F-score: 1.000
refA	F-score: 1.000
refA	F-score: 1.000
refA	F-score: 1.000
refA	F-score: 1.000
refA	F-score: 1.000
refA	F-score: 1.000
refA	F-score: 1.000
refA	F-score: 1.000
refA	F-score: 1.000
refA	F-score: 1.000
refA	F-score: 1.000
refA	F-score: 1.000
refA	F-score: 1.000
refA	F-score: 1.000
refA	F-score: 1.000
refA	F-score: 1.000
refA	F-score: 0.500
refA	F-score: 0.286
refA	F-score: 0.471
refA	F-score: 0.376
refA	F-score: 0.566
refA	F-score: 0.535
refA	F-score: 0.421
refA	F-score: 0.647
refA	F-score: 0.540
refA	F-score: 0.632
refA	F-score: 1.000
refA	F-score: 1.000
refA	F-score: 1.000
refA	F-score: 1.000
refA	F-score: 1.000
refA	F-score: 1.000
refA	F-score: 1.000
refA	F-score: 1.000
refA	F-score: 1.000
refA	F-score: 1.000
refA	F-score: 1.000
refA	F-score: 1.000
refA	F-score: 1.000
refA	F-score: 1.000
refA	F-score: 1.000
refA	F-score: 1.000
refA	F-score: 1.000
refA	F-score: 1.000
refA	F-score: 1.000
refA	F-score: 1.000
refA	F-score: 1.000
refA	F-score: 1.000
refA	F-score: 1.000
refA	F-score: 1.000
refA	F-score: 1.000
refA	F-score: 0.333
refA	F-score: 0.468
refA	F-score: 0.364
refA	F-score: 0.917
refA	F-score: 0.389
refA	F-score: 0.624
refA	F-score: 1.000
refA	F-score: 0.713
refA	F-score: 0.557
refA	F-score: 0.727
refA	F-score: 1.000
refA	F-score: 1.000
refA	F-score: 1.061
refA	F-score: 1.000
refA	F-score: 1.000
refA	F-score: 1.000
refA	F-score: 1.000
refA	F-score: 1.000
refA	F-score: 1.000
refA	F-score: 1.000
refA	F-score: 1.000
refA	F-score: 1.000
refA	F-score: 1.000
refA	F-score: 1.000
refA	F-score: 1.000
refA	F-score: 1.000
refA	F-score: 1.000
refA	F-score: 1.000
refA	F-score: 1.000
refA	F-score: 1.000
refA	F-score: 0.519
refA	F-score: 1.000
refA	F-score: 1.000
refA	F-score: 1.000
refA	F-score: 0.302
refA	F-score: 0.500
refA	F-score: 0.500
refA	F-score: 0.615
refA	F-score: 1.000
refA	F-score: 1.000
refA	F-score: 1.000
refA	F-score: 1.000
refA	F-score: 1.000
refA	F-score: 1.000
refA	F-score: 1.000
refA	F-score: 1.000
refA	F-score: 1.000
refA	F-score: 1.000
refA	F-score: 1.000
refA	F-score: 1.000
refA	F-score: 1.000
refA	F-score: 1.000
refA	F-score: 1.000
refA	F-score: 1.000
refA	F-score: 1.000
refA	F-score: 1.000
refA	F-score: 1.000
refA	F-score: 1.000
refA	F-score: 1.000
refA	F-score: 1.000
refA	F-score: 1.000
refA	F-score: 1.000
refA	F-score: 1.000
refA	F-score: 1.000
refA	F-score: 1.000
refA	F-score: 1.000
refA	F-score: 1.000
refA	F-score: 1.000
refA	F-score: 1.000
refA	F-score: 1.000
refA	F-score: 1.000
refA	F-score: 1.000
refA	F-score: 1.000
refA	F-score: 1.000
refA	F-score: 1.000
refA	F-score: 1.000
refA	F-score: 0.333
refA	F-score: 0.380
refA	F-score: 0.421
refA	F-score: 1.000
refA	F-score: 1.000
refA	F-score: 0.364
refA	F-score: 0.532
refA	F-score: 1.000
refA	F-score: 0.690
refA	F-score: 1.000
refA	F-score: 1.000
refA	F-score: 1.000
refA	F-score: 1.000
refA	F-score: 1.000
refA	F-score: 1.000
refA	F-score: 1.000
refA	F-score: 1.000
refA	F-score: 1.000
refA	F-score: 1.000
refA	F-score: 1.000
refA	F-score: 1.000
refA	F-score: 1.000
refA	F-score: 1.000
refA	F-score: 1.000
refA	F-score: 1.000
refA	F-score: 1.000
refA	F-score: 1.000
refA	F-score: 1.000
refA	F-score: 1.000
refA	F-score: 1.000
refA	F-score: 0.857
refA	F-score: 0.522
refA	F-score: 1.000
refA	F-score: 0.373
refA	F-score: 1.000
refA	F-score: 0.812
refA	F-score: 0.533
refA	F-score: 0.500
refA	F-score: 0.545
refA	F-score: 1.000
refA	F-score: 1.000
refA	F-score: 1.000
refA	F-score: 1.000
refA	F-score: 1.000
refA	F-score: 1.000
refA	F-score: 1.000
refA	F-score: 1.000
refA	F-score: 1.000
refA	F-score: 1.000
refA	F-score: 1.000
refA	F-score: 1.000
refA	F-score: 1.000
refA	F-score: 1.000
refA	F-score: 1.000
refA	F-score: 1.000
refA	F-score: 1.000
refA	F-score: 1.000
refA	F-score: 1.000
refA	F-score: 1.000
refA	F-score: 1.000
refA	F-score: 1.000
refA	F-score: 1.000
refA	F-score: 0.476
refA	F-score: 0.656
refA	F-score: 0.540
refA	F-score: 0.598
refA	F-score: 0.719
refA	F-score: 1.000
refA	F-score: 0.809
refA	F-score: 0.612
refA	F-score: 0.288
refA	F-score: 1.000
refA	F-score: 1.000
refA	F-score: 1.000
refA	F-score: 1.000
refA	F-score: 1.000
refA	F-score: 0.549
refA	F-score: 0.500
refA	F-score: 0.321
refA	F-score: 0.416
refA	F-score: 0.592
refA	F-score: 0.599
refA	F-score: 0.533
refA	F-score: 0.597
refA	F-score: 0.632
refA	F-score: 0.456
refA	F-score: 1.000
refA	F-score: 1.000
refA	F-score: 1.000
refA	F-score: 1.000
refA	F-score: 1.000
refA	F-score: 1.000
refA	F-score: 1.000
refA	F-score: 1.000
refA	F-score: 1.000
refA	F-score: 0.386
refA	F-score: 0.130
refA	F-score: 0.327
refA	F-score: 0.267
refA	F-score: 0.313
refA	F-score: 0.230
refA	F-score: 0.382
refA	F-score: 0.644
refA	F-score: 0.427
refA	F-score: 0.419
refA	F-score: 1.000
refA	F-score: 1.000
refA	F-score: 1.000
refA	F-score: 1.000
refA	F-score: 1.000
refA	F-score: 1.000
refA	F-score: 1.000
refA	F-score: 1.000
refA	F-score: 1.000
refA	F-score: 1.000
refA	F-score: 1.000
refA	F-score: 1.000
refA	F-score: 1.000
refA	F-score: 1.000
refA	F-score: 1.000
refA	F-score: 1.000
refA	F-score: 0.353
refA	F-score: 0.636
refA	F-score: 0.679
refA	F-score: 0.479
refA	F-score: 0.535
refA	F-score: 0.227
refA	F-score: 0.565
refA	F-score: 0.514
refA	F-score: 0.513
refA	F-score: 0.615
refA	F-score: 1.000
refA	F-score: 1.000
refA	F-score: 1.000
refA	F-score: 1.000
refA	F-score: 1.000
refA	F-score: 1.000
refA	F-score: 1.000
refA	F-score: 1.000
refA	F-score: 1.000
refA	F-score: 1.000
refA	F-score: 1.000
refA	F-score: 1.000
refA	F-score: 1.000
refA	F-score: 1.000
refA	F-score: 1.000
refA	F-score: 1.000
refA	F-score: 1.000
refA	F-score: 1.000
refA	F-score: 1.000
refA	F-score: 0.278
refA	F-score: 0.441
refA	F-score: 0.478
refA	F-score: 0.250
refA	F-score: 0.396
refA	F-score: 0.380
refA	F-score: 0.292
refA	F-score: 0.324
refA	F-score: 0.458
refA	F-score: 0.588
refA	F-score: 1.000
refA	F-score: 1.000
refA	F-score: 1.000
refA	F-score: 1.000
refA	F-score: 1.000
refA	F-score: 1.000
refA	F-score: 1.000
refA	F-score: 1.000
refA	F-score: 1.000
refA	F-score: 1.000
refA	F-score: 0.560
refA	F-score: 0.375
refA	F-score: 0.540
refA	F-score: 0.574
refA	F-score: 0.692
refA	F-score: 0.394
refA	F-score: 0.469
refA	F-score: 0.532
refA	F-score: 0.432
refA	F-score: 0.525
refA	F-score: 1.000
refA	F-score: 1.000
refA	F-score: 1.000
refA	F-score: 1.000
refA	F-score: 1.000
refA	F-score: 1.000
refA	F-score: 1.000
refA	F-score: 1.000
refA	F-score: 1.000
refA	F-score: 1.000
refA	F-score: 1.000
refA	F-score: 1.000
refA	F-score: 1.000
refA	F-score: 0.143
refA	F-score: 0.449
refA	F-score: 0.552
refA	F-score: 0.167
refA	F-score: 0.425
refA	F-score: 0.592
refA	F-score: 0.331
refA	F-score: 0.641
refA	F-score: 0.448
refA	F-score: 0.452
refA	F-score: 1.000
refA	F-score: 1.000
refA	F-score: 1.000
refA	F-score: 1.000
refA	F-score: 1.000
refA	F-score: 1.000
refA	F-score: 1.000
refA	F-score: 1.000
refA	F-score: 1.000
refA	F-score: 0.540
refA	F-score: 0.346
refA	F-score: 0.575
refA	F-score: 0.480
refA	F-score: 0.472
refA	F-score: 0.566
refA	F-score: 0.426
refA	F-score: 0.419
refA	F-score: 0.490
refA	F-score: 0.416
refA	F-score: 1.000
refA	F-score: 1.000
refA	F-score: 1.000
refA	F-score: 1.000
refA	F-score: 1.000
refA	F-score: 1.000
refA	F-score: 1.000
refA	F-score: 1.000
refA	F-score: 1.000
refA	F-score: 0.424
refA	F-score: 0.387
refA	F-score: 0.345
refA	F-score: 0.478
refA	F-score: 0.588
refA	F-score: 0.366
refA	F-score: 0.429
refA	F-score: 0.468
refA	F-score: 0.400
refA	F-score: 0.376
refA	F-score: 0.406
refA	F-score: 0.603
refA	F-score: 0.573
refA	F-score: 0.588
refA	F-score: 0.390
refA	F-score: 0.333
refA	F-score: 0.426
refA	F-score: 0.192
refA	F-score: 0.474
refA	F-score: 0.306
refA	F-score: 1.000
refA	F-score: 1.000
refA	F-score: 1.000
refA	F-score: 1.000
refA	F-score: 1.000
refA	F-score: 1.000
refA	F-score: 1.000
refA	F-score: 1.000
refA	F-score: 1.000
refA	F-score: 1.000
refA	F-score: 0.484
refA	F-score: 1.000
refA	F-score: 0.623
refA	F-score: 0.833
refA	F-score: 0.400
refA	F-score: 0.283
refA	F-score: 0.439
refA	F-score: 0.479
refA	F-score: 0.400
refA	F-score: 1.000
refA	F-score: 1.000
refA	F-score: 1.000
refA	F-score: 1.000
refA	F-score: 1.000
refA	F-score: 1.000
refA	F-score: 1.000
refA	F-score: 1.000
refA	F-score: 1.000
refA	F-score: 1.000
refA	F-score: 1.000
refA	F-score: 1.000
refA	F-score: 1.000
refA	F-score: 1.000
refA	F-score: 1.000
refA	F-score: 1.000
refA	F-score: 1.000
refA	F-score: 1.000
refA	F-score: 1.000
refA	F-score: 0.607
refA	F-score: 0.692
refA	F-score: 0.545
refA	F-score: 0.625
refA	F-score: 1.000
refA	F-score: 0.769
refA	F-score: 0.536
refA	F-score: 1.000
refA	F-score: 1.019
refA	F-score: 0.612
refA	F-score: 0.551
refA	F-score: 0.824
refA	F-score: 1.000
refA	F-score: 0.736
refA	F-score: 1.000
refA	F-score: 0.909
refA	F-score: 0.612
refA	F-score: 0.729
refA	F-score: 1.000
refA	F-score: 0.678
refA	F-score: 0.862
refA	F-score: 0.914
refA	F-score: 1.000
refA	F-score: 0.786
refA	F-score: 0.699
refA	F-score: 0.523
refA	F-score: 0.706
refA	F-score: 0.328
refA	F-score: 1.000
refA	F-score: 1.000
refA	F-score: 0.773
refA	F-score: 0.693
refA	F-score: 1.000
refA	F-score: 0.740
refA	F-score: 0.747
refA	F-score: 0.584
refA	F-score: 0.663
refA	F-score: 0.651
refA	F-score: 0.714
refA	F-score: 0.436
refA	F-score: 1.000
refA	F-score: 1.000
refA	F-score: 1.013
refA	F-score: 1.000
refA	F-score: 1.000
refA	F-score: 1.000
refA	F-score: 1.000
refA	F-score: 1.000
refA	F-score: 1.000
refA	F-score: 1.000
refA	F-score: 1.000
refA	F-score: 1.000
refA	F-score: 1.000
refA	F-score: 1.000
refA	F-score: 1.000
refA	F-score: 0.660
refA	F-score: 0.773
refA	F-score: 0.609
refA	F-score: 0.729
refA	F-score: 1.000
refA	F-score: 0.881
refA	F-score: 0.652
refA	F-score: 0.810
refA	F-score: 0.700
refA	F-score: 1.000
refA	F-score: 1.000
refA	F-score: 1.000
refA	F-score: 1.000
refA	F-score: 1.000
refA	F-score: 1.000
refA	F-score: 1.000
refA	F-score: 1.000
refA	F-score: 1.000
refA	F-score: 0.644
refA	F-score: 1.000
refA	F-score: 0.922
refA	F-score: 1.000
refA	F-score: 1.000
refA	F-score: 1.000
refA	F-score: 0.938
refA	F-score: 0.812
refA	F-score: 0.623
refA	F-score: 1.000
refA	F-score: 1.000
refA	F-score: 1.000
refA	F-score: 1.000
refA	F-score: 1.000
refA	F-score: 1.000
refA	F-score: 1.000
refA	F-score: 1.000
refA	F-score: 1.000
refA	F-score: 1.000
refA	F-score: 1.000
refA	F-score: 1.000
refA	F-score: 1.000
refA	F-score: 1.000
refA	F-score: 1.000
refA	F-score: 1.000
refA	F-score: 1.000
refA	F-score: 1.000
refA	F-score: 1.000
refA	F-score: 1.000
refA	F-score: 1.000
refA	F-score: 1.000
refA	F-score: 1.000
refA	F-score: 1.000
refA	F-score: 1.000
refA	F-score: 1.000
refA	F-score: 1.000
refA	F-score: 1.000
refA	F-score: 1.000
refA	F-score: 1.000
refA	F-score: 1.000
refA	F-score: 1.000
refA	F-score: 1.000
refA	F-score: 1.000
refA	F-score: 1.000
refA	F-score: 1.000
refA	F-score: 1.000
refA	F-score: 1.000
refA	F-score: 1.000
refA	F-score: 1.000
refA	F-score: 1.000
refA	F-score: 1.000
refA	F-score: 1.000
refA	F-score: 1.000
refA	F-score: 1.000
refA	F-score: 1.000
refA	F-score: 1.000
refA	F-score: 1.000
refA	F-score: 1.000
refA	F-score: 1.000
refA	F-score: 1.000
refA	F-score: 1.000
refA	F-score: 1.000
refA	F-score: 1.000
refA	F-score: 1.000
refA	F-score: 1.000
refA	F-score: 1.000
refA	F-score: 1.000
refA	F-score: 1.000
refA	F-score: 1.000
refA	F-score: 1.000
refA	F-score: 1.000
refA	F-score: 1.000
refA	F-score: 1.000
refA	F-score: 1.000
refA	F-score: 1.000
refA	F-score: 1.000
refA	F-score: 1.000
refA	F-score: 1.000
refA	F-score: 1.000
refA	F-score: 1.000
refA	F-score: 1.000
refA	F-score: 1.000
refA	F-score: 1.000
refA	F-score: 1.000
refA	F-score: 1.000
refA	F-score: 1.000
refA	F-score: 1.000
refA	F-score: 1.000
refA	F-score: 1.000
refA	F-score: 1.000
refA	F-score: 1.000
refA	F-score: 0.676
refA	F-score: 0.588
refA	F-score: 0.685
refA	F-score: 0.750
refA	F-score: 0.838
refA	F-score: 1.000
refA	F-score: 1.000
refA	F-score: 1.000
refA	F-score: 1.000
refA	F-score: 0.903
refA	F-score: 1.000
refA	F-score: 0.667
refA	F-score: 0.594
refA	F-score: 0.579
refA	F-score: 0.646
refA	F-score: 1.000
refA	F-score: 0.484
refA	F-score: 1.000
refA	F-score: 0.632
refA	F-score: 0.767
refA	F-score: 0.662
refA	F-score: 0.679
refA	F-score: 1.000
refA	F-score: 1.000
refA	F-score: 0.723
refA	F-score: 1.000
refA	F-score: 1.000
refA	F-score: 0.769
refA	F-score: 1.000
refA	F-score: 0.744
refA	F-score: 1.000
refA	F-score: 1.000
refA	F-score: 1.000
refA	F-score: 1.000
refA	F-score: 0.591
refA	F-score: 0.613
refA	F-score: 0.721
refA	F-score: 0.661
refA	F-score: 0.740
refA	F-score: 1.000
refA	F-score: 1.000
refA	F-score: 0.598
refA	F-score: 0.709
refA	F-score: 0.492
refA	F-score: 1.000
refA	F-score: 1.000
refA	F-score: 1.000
refA	F-score: 1.000
refA	F-score: 0.737
refA	F-score: 0.200
refA	F-score: 0.650
refA	F-score: 1.000
refA	F-score: 0.837
refA	F-score: 0.538
refA	F-score: 1.000
refA	F-score: 0.712
refA	F-score: 1.000
refA	F-score: 0.552
refA	F-score: 0.649
refA	F-score: 1.000
refA	F-score: 1.000
refA	F-score: 0.718
refA	F-score: 1.000
refA	F-score: 1.000
refA	F-score: 0.609
refA	F-score: 1.000
refA	F-score: 0.667
refA	F-score: 1.000
refA	F-score: 1.000
refA	F-score: 1.000
refA	F-score: 1.000
refA	F-score: 1.000
refA	F-score: 1.000
refA	F-score: 1.000
refA	F-score: 1.000
refA	F-score: 1.000
refA	F-score: 1.000
refA	F-score: 1.000
refA	F-score: 1.000
refA	F-score: 1.000
refA	F-score: 1.000
refA	F-score: 1.000
refA	F-score: 1.000
refA	F-score: 1.000
refA	F-score: 1.000
refA	F-score: 1.000
refA	F-score: 0.636
refA	F-score: 0.831
refA	F-score: 0.573
refA	F-score: 0.714
refA	F-score: 0.602
refA	F-score: 0.609
refA	F-score: 0.716
refA	F-score: 0.689
refA	F-score: 0.839
refA	F-score: 0.831
refA	F-score: 1.000
refA	F-score: 1.000
refA	F-score: 0.641
refA	F-score: 0.493
refA	F-score: 0.667
refA	F-score: 1.000
refA	F-score: 0.576
refA	F-score: 1.000
refA	F-score: 0.712
refA	F-score: 0.769
refA	F-score: 1.000
refA	F-score: 1.000
refA	F-score: 1.000
refA	F-score: 1.000
refA	F-score: 1.000
refA	F-score: 1.000
refA	F-score: 0.986
refA	F-score: 0.567
refA	F-score: 0.552
refA	F-score: 0.752
refA	F-score: 0.690
refA	F-score: 0.806
refA	F-score: 0.739
refA	F-score: 0.611
refA	F-score: 1.000
refA	F-score: 0.739
refA	F-score: 0.596
refA	F-score: 1.000
refA	F-score: 1.000
refA	F-score: 1.000
refA	F-score: 1.000
refA	F-score: 1.000
refA	F-score: 1.014
refA	F-score: 1.000
refA	F-score: 1.000
refA	F-score: 1.000
refA	F-score: 1.000
refA	F-score: 1.000
refA	F-score: 1.000
refA	F-score: 1.000
refA	F-score: 1.000
refA	F-score: 0.603
refA	F-score: 0.720
refA	F-score: 1.000
refA	F-score: 1.000
refA	F-score: 1.000
refA	F-score: 0.739
refA	F-score: 0.767
refA	F-score: 1.000
refA	F-score: 0.674
refA	F-score: 1.000
refA	F-score: 1.000
refA	F-score: 1.000
refA	F-score: 1.000
refA	F-score: 1.000
refA	F-score: 1.000
refA	F-score: 1.000
refA	F-score: 1.000
refA	F-score: 1.000
refA	F-score: 1.000
refA	F-score: 1.000
refA	F-score: 1.000
refA	F-score: 1.000
refA	F-score: 1.000
refA	F-score: 1.000
refA	F-score: 1.000
refA	F-score: 1.000
refA	F-score: 1.000
refA	F-score: 1.000
refA	F-score: 1.000
refA	F-score: 0.929
refA	F-score: 0.784
refA	F-score: 0.854
refA	F-score: 0.676
refA	F-score: 0.792
refA	F-score: 0.957
refA	F-score: 0.718
refA	F-score: 0.964
refA	F-score: 0.792
refA	F-score: 0.594
refA	F-score: 0.838
refA	F-score: 0.810
refA	F-score: 0.538
refA	F-score: 0.839
refA	F-score: 0.845
refA	F-score: 0.842
refA	F-score: 0.679
refA	F-score: 0.667
refA	F-score: 0.438
refA	F-score: 1.000
refA	F-score: 1.000
refA	F-score: 1.000
refA	F-score: 1.000
refA	F-score: 0.943
refA	F-score: 0.743
refA	F-score: 0.593
refA	F-score: 0.560
refA	F-score: 1.000
refA	F-score: 0.684
refA	F-score: 0.653
refA	F-score: 0.588
refA	F-score: 0.700
refA	F-score: 0.727
refA	F-score: 1.000
refA	F-score: 1.000
refA	F-score: 1.000
refA	F-score: 1.000
refA	F-score: 1.000
refA	F-score: 1.000
refA	F-score: 1.000
refA	F-score: 1.000
refA	F-score: 0.557
refA	F-score: 1.000
refA	F-score: 1.000
refA	F-score: 1.000
refA	F-score: 0.649
refA	F-score: 0.730
refA	F-score: 0.640
refA	F-score: 0.774
refA	F-score: 0.748
refA	F-score: 1.000
refA	F-score: 0.913
refA	F-score: 1.000
refA	F-score: 1.000
refA	F-score: 1.000
refA	F-score: 1.000
refA	F-score: 0.789
refA	F-score: 0.886
refA	F-score: 0.963
refA	F-score: 0.533
refA	F-score: 1.000
refA	F-score: 1.000
refA	F-score: 1.000
refA	F-score: 1.000
refA	F-score: 1.000
refA	F-score: 1.000
refA	F-score: 1.000
refA	F-score: 1.000
refA	F-score: 1.000
refA	F-score: 1.000
refA	F-score: 1.000
refA	F-score: 1.000
refA	F-score: 1.000
refA	F-score: 1.000
refA	F-score: 0.871
refA	F-score: 0.952
refA	F-score: 0.800
refA	F-score: 1.000
refA	F-score: 0.696
refA	F-score: 0.831
refA	F-score: 1.000
refA	F-score: 0.673
refA	F-score: 0.918
refA	F-score: 1.000
refA	F-score: 1.000
refA	F-score: 1.000
refA	F-score: 1.000
refA	F-score: 1.000
refA	F-score: 1.000
refA	F-score: 1.000
refA	F-score: 1.000
refA	F-score: 1.000
refA	F-score: 1.000
refA	F-score: 1.000
refA	F-score: 1.000
refA	F-score: 1.000
refA	F-score: 1.000
refA	F-score: 1.000
refA	F-score: 1.000
refA	F-score: 1.000
refA	F-score: 1.000
refA	F-score: 1.000
refA	F-score: 1.000
refA	F-score: 1.000
refA	F-score: 0.839
refA	F-score: 0.923
refA	F-score: 1.000
refA	F-score: 1.000
refA	F-score: 0.893
refA	F-score: 0.667
refA	F-score: 0.863
refA	F-score: 0.897
refA	F-score: 1.000
refA	F-score: 0.778
refA	F-score: 1.000
refA	F-score: 1.000
refA	F-score: 1.000
refA	F-score: 1.000
refA	F-score: 1.000
refA	F-score: 1.000
refA	F-score: 1.000
refA	F-score: 1.000
refA	F-score: 1.000
refA	F-score: 1.000
refA	F-score: 1.000
refA	F-score: 1.000
refA	F-score: 0.885
refA	F-score: 1.000
refA	F-score: 1.000
refA	F-score: 1.000
refA	F-score: 1.000
refA	F-score: 1.000
refA	F-score: 1.000
refA	F-score: 1.000
refA	F-score: 1.000
refA	F-score: 1.000
refA	F-score: 1.000
refA	F-score: 1.000
refA	F-score: 1.000
refA	F-score: 1.000
refA	F-score: 1.000
refA	F-score: 1.000
refA	F-score: 1.000
refA	F-score: 1.000
refA	F-score: 1.000
refA	F-score: 0.786
refA	F-score: 0.854
refA	F-score: 1.000
refA	F-score: 0.965
refA	F-score: 0.796
refA	F-score: 0.667
refA	F-score: 0.627
refA	F-score: 0.814
refA	F-score: 0.839
refA	F-score: 0.846
refA	F-score: 1.000
refA	F-score: 1.000
refA	F-score: 1.000
refA	F-score: 1.000
refA	F-score: 1.000
refA	F-score: 1.000
refA	F-score: 1.000
refA	F-score: 1.000
refA	F-score: 1.000
refA	F-score: 0.735
refA	F-score: 1.000
refA	F-score: 1.000
refA	F-score: 0.756
refA	F-score: 1.000
refA	F-score: 0.350
refA	F-score: 0.529
refA	F-score: 1.000
refA	F-score: 1.000
refA	F-score: 1.000
refA	F-score: 1.000
refA	F-score: 1.000
refA	F-score: 1.000
refA	F-score: 1.000
refA	F-score: 1.000
refA	F-score: 1.000
refA	F-score: 1.000
refA	F-score: 1.000
refA	F-score: 1.000
refA	F-score: 1.000
refA	F-score: 0.786
refA	F-score: 0.714
refA	F-score: 0.786
refA	F-score: 1.000
refA	F-score: 0.596
refA	F-score: 0.711
refA	F-score: 0.597
refA	F-score: 0.800
refA	F-score: 0.672
refA	F-score: 0.825
refA	F-score: 1.000
refA	F-score: 1.000
refA	F-score: 1.000
refA	F-score: 1.000
refA	F-score: 1.000
refA	F-score: 1.000
refA	F-score: 1.000
refA	F-score: 1.000
refA	F-score: 1.000
refA	F-score: 1.000
refA	F-score: 1.000
refA	F-score: 1.000
refA	F-score: 1.000
refA	F-score: 0.720
refA	F-score: 0.346
refA	F-score: 0.465
refA	F-score: 1.000
refA	F-score: 1.000
refA	F-score: 0.496
refA	F-score: 0.571
refA	F-score: 0.444
refA	F-score: 0.366
refA	F-score: 0.333
refA	F-score: 0.357
refA	F-score: 0.741
refA	F-score: 0.607
refA	F-score: 0.509
refA	F-score: 0.636
refA	F-score: 0.571
refA	F-score: 0.361
refA	F-score: 0.455
refA	F-score: 0.526
refA	F-score: 0.227
refA	F-score: 1.000
refA	F-score: 0.500
refA	F-score: 0.684
refA	F-score: 0.377
refA	F-score: 0.788
refA	F-score: 0.743
refA	F-score: 0.478
refA	F-score: 0.606
refA	F-score: 0.526
refA	F-score: 1.000
refA	F-score: 0.536
refA	F-score: 1.000
refA	F-score: 0.763
refA	F-score: 0.712
refA	F-score: 0.286
refA	F-score: 0.250
refA	F-score: 1.000
refA	F-score: 0.250
refA	F-score: 1.000
refA	F-score: 0.667
refA	F-score: 1.000
refA	F-score: 0.536
refA	F-score: 0.484
refA	F-score: 0.419
refA	F-score: 1.000
refA	F-score: 0.457
refA	F-score: 0.667
refA	F-score: 1.000
refA	F-score: 0.500
refA	F-score: 0.621
refA	F-score: 0.889
refA	F-score: 0.300
refA	F-score: 0.702
refA	F-score: 0.781
refA	F-score: 0.264
refA	F-score: 0.608
refA	F-score: 0.426
refA	F-score: 0.667
refA	F-score: 0.444
refA	F-score: 0.476
refA	F-score: 0.818
refA	F-score: 0.833
refA	F-score: 0.602
refA	F-score: 0.576
refA	F-score: 0.642
refA	F-score: 1.000
refA	F-score: 1.000
refA	F-score: 1.000
refA	F-score: 1.000
refA	F-score: 1.000
refA	F-score: 0.381
refA	F-score: 0.634
refA	F-score: 0.513
refA	F-score: 0.667
refA	F-score: 1.000
refA	F-score: 0.381
refA	F-score: 0.769
refA	F-score: 0.621
refA	F-score: 0.714
refA	F-score: 0.571
refA	F-score: 0.696
refA	F-score: 0.392
refA	F-score: 0.459
refA	F-score: 0.475
refA	F-score: 0.182
refA	F-score: 0.375
refA	F-score: 0.571
refA	F-score: 0.520
refA	F-score: 0.457
refA	F-score: 0.875
refA	F-score: 0.659
refA	F-score: 0.597
refA	F-score: 0.375
refA	F-score: 0.667
refA	F-score: 0.747
refA	F-score: 0.482
refA	F-score: 0.611
refA	F-score: 1.000
refA	F-score: 1.000
refA	F-score: 1.000
refA	F-score: 0.477
refA	F-score: 0.358
refA	F-score: 0.409
refA	F-score: 0.400
refA	F-score: 0.143
refA	F-score: 0.414
refA	F-score: 0.625
refA	F-score: 0.457
refA	F-score: 0.500
refA	F-score: 0.631
refA	F-score: 0.644
refA	F-score: 0.382
refA	F-score: 0.586
refA	F-score: 0.400
refA	F-score: 0.787
refA	F-score: 0.424
refA	F-score: 1.000
refA	F-score: 0.492
refA	F-score: 0.492
refA	F-score: 0.625
refA	F-score: 0.515
refA	F-score: 0.634
refA	F-score: 0.541
refA	F-score: 0.667
refA	F-score: 0.571
refA	F-score: 0.333
refA	F-score: 1.000
refA	F-score: 1.000
refA	F-score: 1.000
refA	F-score: 1.000
refA	F-score: 1.000
refA	F-score: 1.000
refA	F-score: 0.316
refA	F-score: 0.393
refA	F-score: 0.730
refA	F-score: 0.455
refA	F-score: 0.320
refA	F-score: 0.250
refA	F-score: 0.800
refA	F-score: 0.397
refA	F-score: 1.000
refA	F-score: 0.339
refA	F-score: 0.400
refA	F-score: 0.676
refA	F-score: 0.174
refA	F-score: 0.340
refA	F-score: 0.571
refA	F-score: 1.000
refA	F-score: 1.000
refA	F-score: 1.000
refA	F-score: 1.000
refA	F-score: 1.000
refA	F-score: 1.000
refA	F-score: 1.000
refA	F-score: 1.000
refA	F-score: 1.000
refA	F-score: 1.000
refA	F-score: 1.000
refA	F-score: 1.000
refA	F-score: 0.154
refA	F-score: 0.615
refA	F-score: 0.539
refA	F-score: 0.610
refA	F-score: 0.432
refA	F-score: 0.565
refA	F-score: 0.660
refA	F-score: 0.167
refA	F-score: 0.538
refA	F-score: 0.571
refA	F-score: 0.476
refA	F-score: 0.576
refA	F-score: 0.429
refA	F-score: 0.623
refA	F-score: 1.000
refA	F-score: 0.276
refA	F-score: 0.447
refA	F-score: 0.400
refA	F-score: 0.341
refA	F-score: 0.640
refA	F-score: 0.870
refA	F-score: 0.643
refA	F-score: 0.667
refA	F-score: 1.000
refA	F-score: 0.400
refA	F-score: 0.621
refA	F-score: 0.567
refA	F-score: 0.750
refA	F-score: 0.556
refA	F-score: 0.325
refA	F-score: 0.400
refA	F-score: 0.355
refA	F-score: 0.333
refA	F-score: 0.516
refA	F-score: 0.429
refA	F-score: 0.380
refA	F-score: 0.554
refA	F-score: 0.905
refA	F-score: 1.000
refA	F-score: 1.000
refA	F-score: 0.556
refA	F-score: 0.466
refA	F-score: 0.411
refA	F-score: 0.582
refA	F-score: 0.429
refA	F-score: 0.644
refA	F-score: 1.000
refA	F-score: 0.643
refA	F-score: 0.558
refA	F-score: 0.634
refA	F-score: 1.000
refA	F-score: 1.000
refA	F-score: 1.000
refA	F-score: 0.566
refA	F-score: 1.000
refA	F-score: 1.000
refA	F-score: 1.000
refA	F-score: 1.000
refA	F-score: 0.500
refA	F-score: 0.460
refA	F-score: 1.000
refA	F-score: 0.508
refA	F-score: 0.667
refA	F-score: 0.545
refA	F-score: 0.533
refA	F-score: 0.619
refA	F-score: 0.543
refA	F-score: 0.364
refA	F-score: 0.376
refA	F-score: 0.432
refA	F-score: 0.212
refA	F-score: 0.550
refA	F-score: 0.419
refA	F-score: 0.625
refA	F-score: 0.429
refA	F-score: 0.680
refA	F-score: 1.000
refA	F-score: 1.000
refA	F-score: 0.567
refA	F-score: 0.642
refA	F-score: 0.250
refA	F-score: 0.500
refA	F-score: 0.654
refA	F-score: 1.000
refA	F-score: 0.571
refA	F-score: 0.687
refA	F-score: 0.679
refA	F-score: 0.364
refA	F-score: 1.000
refA	F-score: 0.615
refA	F-score: 0.493
refA	F-score: 1.000
refA	F-score: 0.444
refA	F-score: 0.562
refA	F-score: 0.533
refA	F-score: 0.538
refA	F-score: 1.000
refA	F-score: 0.478
refA	F-score: 0.475
refA	F-score: 0.654
refA	F-score: 0.250
refA	F-score: 0.600
refA	F-score: 0.552
refA	F-score: 0.471
refA	F-score: 0.211
refA	F-score: 0.475
refA	F-score: 0.458
refA	F-score: 0.578
refA	F-score: 0.500
refA	F-score: 0.406
refA	F-score: 1.000
refA	F-score: 0.650
refA	F-score: 0.547
refA	F-score: 0.500
refA	F-score: 0.413
refA	F-score: 0.420
refA	F-score: 0.741
refA	F-score: 1.000
refA	F-score: 0.435
refA	F-score: 0.656
refA	F-score: 0.423
refA	F-score: 0.557
refA	F-score: 0.439
refA	F-score: 0.526
refA	F-score: 0.456
refA	F-score: 0.593
refA	F-score: 0.493
refA	F-score: 0.486
refA	F-score: 0.457
refA	F-score: 0.645
refA	F-score: 0.584
refA	F-score: 1.000
refA	F-score: 0.593
refA	F-score: 0.320
refA	F-score: 0.522
refA	F-score: 0.545
refA	F-score: 0.387
refA	F-score: 0.600
refA	F-score: 0.625
refA	F-score: 0.427
refA	F-score: 1.000
refA	F-score: 0.494
refA	F-score: 0.750
refA	F-score: 1.000
refA	F-score: 0.567
refA	F-score: 0.595
refA	F-score: 0.500
refA	F-score: 0.561
refA	F-score: 0.724
refA	F-score: 0.358
refA	F-score: 0.551
refA	F-score: 0.504
refA	F-score: 0.439
refA	F-score: 0.600
refA	F-score: 0.455
refA	F-score: 0.473
refA	F-score: 0.681
refA	F-score: 0.704
refA	F-score: 0.500
refA	F-score: 0.615
refA	F-score: 0.643
refA	F-score: 0.200
refA	F-score: 0.625
refA	F-score: 0.327
refA	F-score: 0.370
refA	F-score: 1.000
refA	F-score: 0.517
refA	F-score: 0.302
refA	F-score: 0.382
refA	F-score: 0.700
refA	F-score: 0.714
refA	F-score: 0.682
refA	F-score: 0.276
refA	F-score: 0.686
refA	F-score: 0.479
refA	F-score: 0.479
refA	F-score: 0.312
refA	F-score: 0.640
refA	F-score: 0.500
refA	F-score: 0.579
refA	F-score: 0.541
refA	F-score: 0.222
refA	F-score: 0.422
refA	F-score: 1.000
refA	F-score: 0.475
refA	F-score: 0.333
refA	F-score: 0.430
refA	F-score: 0.510
refA	F-score: 0.600
refA	F-score: 0.528
refA	F-score: 0.512
refA	F-score: 1.000
refA	F-score: 0.525
refA	F-score: 0.561
refA	F-score: 1.000
refA	F-score: 0.589
refA	F-score: 0.750
refA	F-score: 0.477
refA	F-score: 0.143
refA	F-score: 1.000
refA	F-score: 0.652
refA	F-score: 0.444
refA	F-score: 0.250
refA	F-score: 1.000
refA	F-score: 0.607
refA	F-score: 0.551
refA	F-score: 0.542
refA	F-score: 0.500
refA	F-score: 0.474
refA	F-score: 0.667
refA	F-score: 0.270
refA	F-score: 0.583
refA	F-score: 0.444
refA	F-score: 0.258
refA	F-score: 0.495
refA	F-score: 0.491
refA	F-score: 0.545
refA	F-score: 0.273
refA	F-score: 0.824
refA	F-score: 0.444
refA	F-score: 0.600
refA	F-score: 0.519
refA	F-score: 0.377
refA	F-score: 0.556
refA	F-score: 0.500
refA	F-score: 0.593
refA	F-score: 1.000
refA	F-score: 1.000
refA	F-score: 0.431
refA	F-score: 0.609
refA	F-score: 1.000
refA	F-score: 0.449
refA	F-score: 0.318
refA	F-score: 0.833
refA	F-score: 0.315
refA	F-score: 0.500
refA	F-score: 0.521
refA	F-score: 1.000
refA	F-score: 0.594
refA	F-score: 0.436
refA	F-score: 0.658
refA	F-score: 0.529
refA	F-score: 0.500
refA	F-score: 0.562
refA	F-score: 0.596
refA	F-score: 0.190
refA	F-score: 0.443
refA	F-score: 0.400
refA	F-score: 0.200
refA	F-score: 0.400
refA	F-score: 1.000
refA	F-score: 0.750
refA	F-score: 0.464
refA	F-score: 0.673
refA	F-score: 0.464
refA	F-score: 0.373
refA	F-score: 0.386
refA	F-score: 0.667
refA	F-score: 1.000
refA	F-score: 0.584
refA	F-score: 0.500
refA	F-score: 0.626
refA	F-score: 0.500
refA	F-score: 0.200
refA	F-score: 0.590
refA	F-score: 0.118
refA	F-score: 1.000
refA	F-score: 0.364
refA	F-score: 0.642
refA	F-score: 0.559
refA	F-score: 0.632
refA	F-score: 1.000
refA	F-score: 0.562
refA	F-score: 1.000
refA	F-score: 0.500
refA	F-score: 0.657
refA	F-score: 0.615
refA	F-score: 0.370
refA	F-score: 0.553
refA	F-score: 0.412
refA	F-score: 0.294
refA	F-score: 1.000
refA	F-score: 0.455
refA	F-score: 0.279
refA	F-score: 0.299
refA	F-score: 0.428
refA	F-score: 1.000
refA	F-score: 0.476
refA	F-score: 1.000
refA	F-score: 0.200
refA	F-score: 0.526
refA	F-score: 0.600
refA	F-score: 0.429
refA	F-score: 0.500
refA	F-score: 0.658
refA	F-score: 0.565
refA	F-score: 0.515
refA	F-score: 0.570
refA	F-score: 0.435
refA	F-score: 0.500
refA	F-score: 0.308
refA	F-score: 0.576
refA	F-score: 0.250
refA	F-score: 0.706
refA	F-score: 0.733
refA	F-score: 0.466
refA	F-score: 0.636
refA	F-score: 1.000
refA	F-score: 1.000
refA	F-score: 0.529
refA	F-score: 0.537
refA	F-score: 1.000
refA	F-score: 1.000
refA	F-score: 1.000
refA	F-score: 0.545
refA	F-score: 0.800
refA	F-score: 0.622
refA	F-score: 0.536
refA	F-score: 0.688
refA	F-score: 0.421
refA	F-score: 1.000
refA	F-score: 0.518
refA	F-score: 0.600
refA	F-score: 1.000
refA	F-score: 0.562
refA	F-score: 0.531
refA	F-score: 0.500
refA	F-score: 0.316
refA	F-score: 0.489
refA	F-score: 0.333
refA	F-score: 0.469
refA	F-score: 1.000
refA	F-score: 0.545
refA	F-score: 0.365
refA	F-score: 0.769
refA	F-score: 0.581
refA	F-score: 0.634
refA	F-score: 0.438
refA	F-score: 0.289
refA	F-score: 1.000
refA	F-score: 0.579
refA	F-score: 0.465
refA	F-score: 1.000
refA	F-score: 0.714
refA	F-score: 1.000
refA	F-score: 1.000
refA	F-score: 1.000
refA	F-score: 1.000
refA	F-score: 1.000
refA	F-score: 1.000
refA	F-score: 0.565
refA	F-score: 0.723
refA	F-score: 0.412
refA	F-score: 0.477
refA	F-score: 0.480
refA	F-score: 0.457
refA	F-score: 0.588
refA	F-score: 0.409
refA	F-score: 0.531
refA	F-score: 1.000
refA	F-score: 0.439
refA	F-score: 0.600
refA	F-score: 0.609
refA	F-score: 0.348
refA	F-score: 1.000
refA	F-score: 1.000
refA	F-score: 1.000
refA	F-score: 0.333
refA	F-score: 0.510
refA	F-score: 0.470
refA	F-score: 0.385
refA	F-score: 0.513
refA	F-score: 0.608
refA	F-score: 0.730
refA	F-score: 0.364
refA	F-score: 0.618
refA	F-score: 1.000
refA	F-score: 1.000
refA	F-score: 0.694
refA	F-score: 1.000
refA	F-score: 0.556
refA	F-score: 0.500
refA	F-score: 0.316
refA	F-score: 0.414
refA	F-score: 0.436
refA	F-score: 0.222
refA	F-score: 0.444
refA	F-score: 0.545
refA	F-score: 1.000
refA	F-score: 0.371
refA	F-score: 0.455
refA	F-score: 0.600
refA	F-score: 0.889
refA	F-score: 0.364
refA	F-score: 1.000
refA	F-score: 0.591
refA	F-score: 0.333
refA	F-score: 0.500
refA	F-score: 0.604
refA	F-score: 0.545
refA	F-score: 0.615
refA	F-score: 0.571
refA	F-score: 0.302
refA	F-score: 0.222
refA	F-score: 0.571
refA	F-score: 1.000
refA	F-score: 0.438
refA	F-score: 0.667
refA	F-score: 0.656
refA	F-score: 0.525
refA	F-score: 0.600
refA	F-score: 1.000
refA	F-score: 0.476
refA	F-score: 0.556
refA	F-score: 0.500
refA	F-score: 0.417
refA	F-score: 0.681
refA	F-score: 0.698
refA	F-score: 0.522
refA	F-score: 1.000
refA	F-score: 0.462
refA	F-score: 0.706
refA	F-score: 0.440
refA	F-score: 0.636
refA	F-score: 0.516
refA	F-score: 1.000
refA	F-score: 1.000
refA	F-score: 0.461
refA	F-score: 0.467
refA	F-score: 1.000
refA	F-score: 0.667
refA	F-score: 0.460
refA	F-score: 0.708
refA	F-score: 0.182
refA	F-score: 0.684
refA	F-score: 0.629
refA	F-score: 1.000
refA	F-score: 0.676
refA	F-score: 0.597
refA	F-score: 1.000
refA	F-score: 0.560
refA	F-score: 0.538
refA	F-score: 1.000
refA	F-score: 1.000
refA	F-score: 1.000
refA	F-score: 1.000
refA	F-score: 0.364
refA	F-score: 0.333
refA	F-score: 1.000
refA	F-score: 1.000
refA	F-score: 1.000
refA	F-score: 1.000
refA	F-score: 1.000
refA	F-score: 0.381
refA	F-score: 0.222
refA	F-score: 1.000
refA	F-score: 1.000
refA	F-score: 1.000
refA	F-score: 1.000
refA	F-score: 1.000
refA	F-score: 1.000
refA	F-score: 1.000
refA	F-score: 0.512
refA	F-score: 1.000
refA	F-score: 0.261
refA	F-score: 0.500
refA	F-score: 1.000
refA	F-score: 1.000
refA	F-score: 0.750
refA	F-score: 0.627
refA	F-score: 0.611
refA	F-score: 0.465
refA	F-score: 1.000
refA	F-score: 0.440
refA	F-score: 0.571
refA	F-score: 0.286
refA	F-score: 0.143
refA	F-score: 0.051
refA	F-score: 1.000
refA	F-score: 1.000
refA	F-score: 0.692
refA	F-score: 0.619
refA	F-score: 1.000
refA	F-score: 0.547
refA	F-score: 1.000
refA	F-score: 0.500
refA	F-score: 0.714
refA	F-score: 0.449
refA	F-score: 0.462
refA	F-score: 0.240
refA	F-score: 1.000
refA	F-score: 0.535
refA	F-score: 0.527
refA	F-score: 0.625
refA	F-score: 0.561
refA	F-score: 0.553
refA	F-score: 0.508
refA	F-score: 1.000
refA	F-score: 0.607
refA	F-score: 1.000
refA	F-score: 1.000
refA	F-score: 0.294
refA	F-score: 0.727
refA	F-score: 0.524
refA	F-score: 0.470
refA	F-score: 0.459
refA	F-score: 0.558
refA	F-score: 0.704
refA	F-score: 1.000
refA	F-score: 0.480
refA	F-score: 0.500
refA	F-score: 0.621
refA	F-score: 0.519
refA	F-score: 1.000
refA	F-score: 0.692
refA	F-score: 0.640
refA	F-score: 0.667
refA	F-score: 0.761
refA	F-score: 0.390
refA	F-score: 1.000
refA	F-score: 0.543
refA	F-score: 0.412
refA	F-score: 0.396
refA	F-score: 1.000
refA	F-score: 0.355
refA	F-score: 0.425
refA	F-score: 0.545
refA	F-score: 0.485
refA	F-score: 0.566
refA	F-score: 0.554
refA	F-score: 1.077
refA	F-score: 0.662
refA	F-score: 0.574
refA	F-score: 0.748
refA	F-score: 0.762
refA	F-score: 0.426
refA	F-score: 0.449
refA	F-score: 1.000
refA	F-score: 1.000
refA	F-score: 1.000
refA	F-score: 1.000
refA	F-score: 1.000
refA	F-score: 1.000
refA	F-score: 0.364
refA	F-score: 0.641
refA	F-score: 0.455
refA	F-score: 0.496
refA	F-score: 0.404
refA	F-score: 1.000
refA	F-score: 0.538
refA	F-score: 0.578
refA	F-score: 0.564
refA	F-score: 0.586
refA	F-score: 0.721
refA	F-score: 1.000
refA	F-score: 1.000
refA	F-score: 1.000
refA	F-score: 0.343
refA	F-score: 0.846
refA	F-score: 0.400
refA	F-score: 0.421
refA	F-score: 0.537
refA	F-score: 0.556
refA	F-score: 0.412
refA	F-score: 0.516
refA	F-score: 0.735
synthetic_ref	F-score: 1.000
synthetic_ref	F-score: 1.000
synthetic_ref	F-score: 1.000
synthetic_ref	F-score: 1.000
synthetic_ref	F-score: 1.000
synthetic_ref	F-score: 1.000
synthetic_ref	F-score: 1.000
synthetic_ref	F-score: 1.000
synthetic_ref	F-score: 1.000
synthetic_ref	F-score: 1.000
synthetic_ref	F-score: 1.000
synthetic_ref	F-score: 1.000
synthetic_ref	F-score: 1.000
synthetic_ref	F-score: 1.000
synthetic_ref	F-score: 1.000
synthetic_ref	F-score: 1.000
synthetic_ref	F-score: 1.000
synthetic_ref	F-score: 1.000
synthetic_ref	F-score: 1.000
synthetic_ref	F-score: 1.000
synthetic_ref	F-score: 1.000
synthetic_ref	F-score: 1.000
synthetic_ref	F-score: 1.000
synthetic_ref	F-score: 1.000
synthetic_ref	F-score: 1.000
synthetic_ref	F-score: 1.000
synthetic_ref	F-score: 1.000
synthetic_ref	F-score: 1.000
synthetic_ref	F-score: 1.000
synthetic_ref	F-score: 1.000
synthetic_ref	F-score: 1.000
synthetic_ref	F-score: 1.000
synthetic_ref	F-score: 1.000
synthetic_ref	F-score: 1.000
synthetic_ref	F-score: 1.000
synthetic_ref	F-score: 1.000
synthetic_ref	F-score: 1.000
synthetic_ref	F-score: 1.000
synthetic_ref	F-score: 1.000
synthetic_ref	F-score: 1.000
synthetic_ref	F-score: 1.000
synthetic_ref	F-score: 1.000
synthetic_ref	F-score: 1.000
synthetic_ref	F-score: 1.000
synthetic_ref	F-score: 1.000
synthetic_ref	F-score: 1.000
synthetic_ref	F-score: 1.000
synthetic_ref	F-score: 1.000
synthetic_ref	F-score: 1.000
synthetic_ref	F-score: 1.000
synthetic_ref	F-score: 1.000
synthetic_ref	F-score: 1.000
synthetic_ref	F-score: 1.000
synthetic_ref	F-score: 1.000
synthetic_ref	F-score: 1.000
synthetic_ref	F-score: 1.000
synthetic_ref	F-score: 1.025
synthetic_ref	F-score: 1.000
synthetic_ref	F-score: 1.000
synthetic_ref	F-score: 1.000
synthetic_ref	F-score: 1.000
synthetic_ref	F-score: 1.000
synthetic_ref	F-score: 1.000
synthetic_ref	F-score: 1.000
synthetic_ref	F-score: 1.038
synthetic_ref	F-score: 1.000
synthetic_ref	F-score: 1.000
synthetic_ref	F-score: 1.000
synthetic_ref	F-score: 1.000
synthetic_ref	F-score: 1.000
synthetic_ref	F-score: 1.000
synthetic_ref	F-score: 1.000
synthetic_ref	F-score: 1.000
synthetic_ref	F-score: 1.000
synthetic_ref	F-score: 1.000
synthetic_ref	F-score: 1.000
synthetic_ref	F-score: 1.000
synthetic_ref	F-score: 1.000
synthetic_ref	F-score: 1.000
synthetic_ref	F-score: 1.000
synthetic_ref	F-score: 1.000
synthetic_ref	F-score: 1.000
synthetic_ref	F-score: 1.000
synthetic_ref	F-score: 1.000
synthetic_ref	F-score: 1.000
synthetic_ref	F-score: 1.000
synthetic_ref	F-score: 1.000
synthetic_ref	F-score: 1.000
synthetic_ref	F-score: 1.000
synthetic_ref	F-score: 1.000
synthetic_ref	F-score: 1.000
synthetic_ref	F-score: 1.000
synthetic_ref	F-score: 1.000
synthetic_ref	F-score: 1.000
synthetic_ref	F-score: 1.000
synthetic_ref	F-score: 1.000
synthetic_ref	F-score: 1.000
synthetic_ref	F-score: 1.000
synthetic_ref	F-score: 1.000
synthetic_ref	F-score: 1.000
synthetic_ref	F-score: 1.000
synthetic_ref	F-score: 1.000
synthetic_ref	F-score: 1.000
synthetic_ref	F-score: 1.000
synthetic_ref	F-score: 1.000
synthetic_ref	F-score: 1.000
synthetic_ref	F-score: 1.000
synthetic_ref	F-score: 1.000
synthetic_ref	F-score: 1.000
synthetic_ref	F-score: 1.000
synthetic_ref	F-score: 1.000
synthetic_ref	F-score: 1.000
synthetic_ref	F-score: 1.000
synthetic_ref	F-score: 1.000
synthetic_ref	F-score: 1.000
synthetic_ref	F-score: 1.000
synthetic_ref	F-score: 1.000
synthetic_ref	F-score: 1.000
synthetic_ref	F-score: 1.000
synthetic_ref	F-score: 1.000
synthetic_ref	F-score: 1.000
synthetic_ref	F-score: 1.000
synthetic_ref	F-score: 1.000
synthetic_ref	F-score: 1.000
synthetic_ref	F-score: 1.000
synthetic_ref	F-score: 1.000
synthetic_ref	F-score: 1.000
synthetic_ref	F-score: 1.000
synthetic_ref	F-score: 1.000
synthetic_ref	F-score: 1.000
synthetic_ref	F-score: 1.000
synthetic_ref	F-score: 1.000
synthetic_ref	F-score: 1.000
synthetic_ref	F-score: 1.000
synthetic_ref	F-score: 1.000
synthetic_ref	F-score: 1.000
synthetic_ref	F-score: 1.000
synthetic_ref	F-score: 1.000
synthetic_ref	F-score: 1.000
synthetic_ref	F-score: 1.000
synthetic_ref	F-score: 1.000
synthetic_ref	F-score: 1.000
synthetic_ref	F-score: 1.000
synthetic_ref	F-score: 1.000
synthetic_ref	F-score: 1.000
synthetic_ref	F-score: 1.000
synthetic_ref	F-score: 1.000
synthetic_ref	F-score: 1.000
synthetic_ref	F-score: 1.000
synthetic_ref	F-score: 1.000
synthetic_ref	F-score: 1.000
synthetic_ref	F-score: 1.000
synthetic_ref	F-score: 1.000
synthetic_ref	F-score: 1.000
synthetic_ref	F-score: 1.000
synthetic_ref	F-score: 1.000
synthetic_ref	F-score: 1.000
synthetic_ref	F-score: 1.000
synthetic_ref	F-score: 1.000
synthetic_ref	F-score: 1.000
synthetic_ref	F-score: 1.000
synthetic_ref	F-score: 1.000
synthetic_ref	F-score: 1.000
synthetic_ref	F-score: 1.000
synthetic_ref	F-score: 1.000
synthetic_ref	F-score: 1.000
synthetic_ref	F-score: 1.000
synthetic_ref	F-score: 1.000
synthetic_ref	F-score: 1.000
synthetic_ref	F-score: 1.000
synthetic_ref	F-score: 1.000
synthetic_ref	F-score: 1.000
synthetic_ref	F-score: 1.000
synthetic_ref	F-score: 1.000
synthetic_ref	F-score: 1.000
synthetic_ref	F-score: 1.000
synthetic_ref	F-score: 1.000
synthetic_ref	F-score: 1.000
synthetic_ref	F-score: 1.000
synthetic_ref	F-score: 1.000
synthetic_ref	F-score: 1.000
synthetic_ref	F-score: 1.000
synthetic_ref	F-score: 1.000
synthetic_ref	F-score: 1.000
synthetic_ref	F-score: 1.000
synthetic_ref	F-score: 1.000
synthetic_ref	F-score: 1.000
synthetic_ref	F-score: 1.000
synthetic_ref	F-score: 1.000
synthetic_ref	F-score: 1.000
synthetic_ref	F-score: 1.000
synthetic_ref	F-score: 1.000
synthetic_ref	F-score: 1.000
synthetic_ref	F-score: 1.000
synthetic_ref	F-score: 1.000
synthetic_ref	F-score: 1.000
synthetic_ref	F-score: 1.000
synthetic_ref	F-score: 1.000
synthetic_ref	F-score: 1.000
synthetic_ref	F-score: 1.000
synthetic_ref	F-score: 1.000
synthetic_ref	F-score: 1.000
synthetic_ref	F-score: 1.000
synthetic_ref	F-score: 1.000
synthetic_ref	F-score: 1.000
synthetic_ref	F-score: 1.000
synthetic_ref	F-score: 1.000
synthetic_ref	F-score: 1.000
synthetic_ref	F-score: 1.000
synthetic_ref	F-score: 1.000
synthetic_ref	F-score: 1.000
synthetic_ref	F-score: 1.000
synthetic_ref	F-score: 1.000
synthetic_ref	F-score: 1.000
synthetic_ref	F-score: 1.000
synthetic_ref	F-score: 1.000
synthetic_ref	F-score: 1.000
synthetic_ref	F-score: 1.000
synthetic_ref	F-score: 1.000
synthetic_ref	F-score: 1.000
synthetic_ref	F-score: 1.000
synthetic_ref	F-score: 1.000
synthetic_ref	F-score: 1.000
synthetic_ref	F-score: 1.000
synthetic_ref	F-score: 1.000
synthetic_ref	F-score: 1.000
synthetic_ref	F-score: 1.000
synthetic_ref	F-score: 1.000
synthetic_ref	F-score: 1.000
synthetic_ref	F-score: 1.000
synthetic_ref	F-score: 1.000
synthetic_ref	F-score: 1.000
synthetic_ref	F-score: 1.000
synthetic_ref	F-score: 1.000
synthetic_ref	F-score: 1.000
synthetic_ref	F-score: 1.000
synthetic_ref	F-score: 1.000
synthetic_ref	F-score: 1.000
synthetic_ref	F-score: 1.000
synthetic_ref	F-score: 1.000
synthetic_ref	F-score: 1.000
synthetic_ref	F-score: 1.000
synthetic_ref	F-score: 1.000
synthetic_ref	F-score: 1.000
synthetic_ref	F-score: 1.000
synthetic_ref	F-score: 1.000
synthetic_ref	F-score: 1.000
synthetic_ref	F-score: 1.000
synthetic_ref	F-score: 1.000
synthetic_ref	F-score: 1.000
synthetic_ref	F-score: 1.000
synthetic_ref	F-score: 1.000
synthetic_ref	F-score: 1.000
synthetic_ref	F-score: 1.000
synthetic_ref	F-score: 1.000
synthetic_ref	F-score: 1.000
synthetic_ref	F-score: 1.000
synthetic_ref	F-score: 1.000
synthetic_ref	F-score: 1.000
synthetic_ref	F-score: 1.000
synthetic_ref	F-score: 1.000
synthetic_ref	F-score: 1.000
synthetic_ref	F-score: 1.000
synthetic_ref	F-score: 1.000
synthetic_ref	F-score: 1.000
synthetic_ref	F-score: 1.000
synthetic_ref	F-score: 1.000
synthetic_ref	F-score: 1.000
synthetic_ref	F-score: 1.000
synthetic_ref	F-score: 1.000
synthetic_ref	F-score: 1.000
synthetic_ref	F-score: 1.000
synthetic_ref	F-score: 1.000
synthetic_ref	F-score: 1.000
synthetic_ref	F-score: 1.000
synthetic_ref	F-score: 1.000
synthetic_ref	F-score: 1.000
synthetic_ref	F-score: 1.000
synthetic_ref	F-score: 1.000
synthetic_ref	F-score: 1.000
synthetic_ref	F-score: 1.000
synthetic_ref	F-score: 1.000
synthetic_ref	F-score: 1.000
synthetic_ref	F-score: 1.000
synthetic_ref	F-score: 1.000
synthetic_ref	F-score: 1.000
synthetic_ref	F-score: 1.000
synthetic_ref	F-score: 1.000
synthetic_ref	F-score: 1.000
synthetic_ref	F-score: 1.000
synthetic_ref	F-score: 1.000
synthetic_ref	F-score: 1.000
synthetic_ref	F-score: 1.000
synthetic_ref	F-score: 1.000
synthetic_ref	F-score: 1.000
synthetic_ref	F-score: 1.000
synthetic_ref	F-score: 1.000
synthetic_ref	F-score: 1.000
synthetic_ref	F-score: 1.000
synthetic_ref	F-score: 1.000
synthetic_ref	F-score: 1.000
synthetic_ref	F-score: 1.000
synthetic_ref	F-score: 1.000
synthetic_ref	F-score: 1.000
synthetic_ref	F-score: 1.000
synthetic_ref	F-score: 1.000
synthetic_ref	F-score: 1.000
synthetic_ref	F-score: 1.000
synthetic_ref	F-score: 1.000
synthetic_ref	F-score: 1.000
synthetic_ref	F-score: 1.000
synthetic_ref	F-score: 1.000
synthetic_ref	F-score: 1.000
synthetic_ref	F-score: 1.000
synthetic_ref	F-score: 1.000
synthetic_ref	F-score: 1.000
synthetic_ref	F-score: 1.000
synthetic_ref	F-score: 1.000
synthetic_ref	F-score: 1.000
synthetic_ref	F-score: 1.000
synthetic_ref	F-score: 1.000
synthetic_ref	F-score: 1.000
synthetic_ref	F-score: 1.000
synthetic_ref	F-score: 1.000
synthetic_ref	F-score: 1.000
synthetic_ref	F-score: 1.000
synthetic_ref	F-score: 1.000
synthetic_ref	F-score: 1.000
synthetic_ref	F-score: 1.000
synthetic_ref	F-score: 1.000
synthetic_ref	F-score: 1.000
synthetic_ref	F-score: 1.000
synthetic_ref	F-score: 1.000
synthetic_ref	F-score: 1.000
synthetic_ref	F-score: 1.000
synthetic_ref	F-score: 1.000
synthetic_ref	F-score: 1.000
synthetic_ref	F-score: 1.000
synthetic_ref	F-score: 1.000
synthetic_ref	F-score: 1.000
synthetic_ref	F-score: 1.000
synthetic_ref	F-score: 1.000
synthetic_ref	F-score: 1.000
synthetic_ref	F-score: 1.000
synthetic_ref	F-score: 1.000
synthetic_ref	F-score: 1.000
synthetic_ref	F-score: 1.000
synthetic_ref	F-score: 1.000
synthetic_ref	F-score: 1.000
synthetic_ref	F-score: 1.000
synthetic_ref	F-score: 1.000
synthetic_ref	F-score: 1.000
synthetic_ref	F-score: 1.000
synthetic_ref	F-score: 1.000
synthetic_ref	F-score: 1.000
synthetic_ref	F-score: 1.000
synthetic_ref	F-score: 1.000
synthetic_ref	F-score: 1.000
synthetic_ref	F-score: 1.000
synthetic_ref	F-score: 1.000
synthetic_ref	F-score: 1.000
synthetic_ref	F-score: 1.061
synthetic_ref	F-score: 1.000
synthetic_ref	F-score: 1.000
synthetic_ref	F-score: 1.000
synthetic_ref	F-score: 1.000
synthetic_ref	F-score: 1.000
synthetic_ref	F-score: 1.000
synthetic_ref	F-score: 1.000
synthetic_ref	F-score: 1.000
synthetic_ref	F-score: 1.000
synthetic_ref	F-score: 1.000
synthetic_ref	F-score: 1.000
synthetic_ref	F-score: 1.000
synthetic_ref	F-score: 1.000
synthetic_ref	F-score: 1.000
synthetic_ref	F-score: 1.000
synthetic_ref	F-score: 1.000
synthetic_ref	F-score: 1.000
synthetic_ref	F-score: 1.000
synthetic_ref	F-score: 1.000
synthetic_ref	F-score: 1.000
synthetic_ref	F-score: 1.000
synthetic_ref	F-score: 1.000
synthetic_ref	F-score: 1.000
synthetic_ref	F-score: 1.000
synthetic_ref	F-score: 1.000
synthetic_ref	F-score: 1.000
synthetic_ref	F-score: 1.000
synthetic_ref	F-score: 1.000
synthetic_ref	F-score: 1.000
synthetic_ref	F-score: 1.000
synthetic_ref	F-score: 1.000
synthetic_ref	F-score: 1.000
synthetic_ref	F-score: 1.000
synthetic_ref	F-score: 1.000
synthetic_ref	F-score: 1.000
synthetic_ref	F-score: 1.000
synthetic_ref	F-score: 1.000
synthetic_ref	F-score: 1.000
synthetic_ref	F-score: 1.000
synthetic_ref	F-score: 1.000
synthetic_ref	F-score: 1.000
synthetic_ref	F-score: 1.000
synthetic_ref	F-score: 1.000
synthetic_ref	F-score: 1.000
synthetic_ref	F-score: 1.000
synthetic_ref	F-score: 1.000
synthetic_ref	F-score: 1.000
synthetic_ref	F-score: 1.000
synthetic_ref	F-score: 1.000
synthetic_ref	F-score: 1.000
synthetic_ref	F-score: 1.000
synthetic_ref	F-score: 1.000
synthetic_ref	F-score: 1.000
synthetic_ref	F-score: 1.000
synthetic_ref	F-score: 1.000
synthetic_ref	F-score: 1.000
synthetic_ref	F-score: 1.000
synthetic_ref	F-score: 1.000
synthetic_ref	F-score: 1.000
synthetic_ref	F-score: 1.000
synthetic_ref	F-score: 1.000
synthetic_ref	F-score: 1.000
synthetic_ref	F-score: 1.000
synthetic_ref	F-score: 1.000
synthetic_ref	F-score: 1.000
synthetic_ref	F-score: 1.000
synthetic_ref	F-score: 1.000
synthetic_ref	F-score: 1.000
synthetic_ref	F-score: 1.000
synthetic_ref	F-score: 1.000
synthetic_ref	F-score: 1.000
synthetic_ref	F-score: 1.000
synthetic_ref	F-score: 1.000
synthetic_ref	F-score: 1.000
synthetic_ref	F-score: 1.000
synthetic_ref	F-score: 1.000
synthetic_ref	F-score: 1.000
synthetic_ref	F-score: 1.000
synthetic_ref	F-score: 1.000
synthetic_ref	F-score: 1.000
synthetic_ref	F-score: 1.000
synthetic_ref	F-score: 1.000
synthetic_ref	F-score: 1.000
synthetic_ref	F-score: 1.000
synthetic_ref	F-score: 1.000
synthetic_ref	F-score: 1.000
synthetic_ref	F-score: 1.000
synthetic_ref	F-score: 1.000
synthetic_ref	F-score: 1.000
synthetic_ref	F-score: 1.000
synthetic_ref	F-score: 1.000
synthetic_ref	F-score: 1.000
synthetic_ref	F-score: 1.000
synthetic_ref	F-score: 1.000
synthetic_ref	F-score: 1.000
synthetic_ref	F-score: 1.000
synthetic_ref	F-score: 1.000
synthetic_ref	F-score: 1.000
synthetic_ref	F-score: 1.000
synthetic_ref	F-score: 1.000
synthetic_ref	F-score: 1.000
synthetic_ref	F-score: 1.000
synthetic_ref	F-score: 1.000
synthetic_ref	F-score: 1.000
synthetic_ref	F-score: 1.000
synthetic_ref	F-score: 1.000
synthetic_ref	F-score: 1.000
synthetic_ref	F-score: 1.000
synthetic_ref	F-score: 1.000
synthetic_ref	F-score: 1.000
synthetic_ref	F-score: 1.000
synthetic_ref	F-score: 1.000
synthetic_ref	F-score: 1.000
synthetic_ref	F-score: 1.000
synthetic_ref	F-score: 1.000
synthetic_ref	F-score: 1.000
synthetic_ref	F-score: 1.000
synthetic_ref	F-score: 1.000
synthetic_ref	F-score: 1.000
synthetic_ref	F-score: 1.000
synthetic_ref	F-score: 1.000
synthetic_ref	F-score: 1.000
synthetic_ref	F-score: 1.000
synthetic_ref	F-score: 1.000
synthetic_ref	F-score: 1.000
synthetic_ref	F-score: 1.000
synthetic_ref	F-score: 1.000
synthetic_ref	F-score: 1.000
synthetic_ref	F-score: 1.000
synthetic_ref	F-score: 1.000
synthetic_ref	F-score: 1.000
synthetic_ref	F-score: 1.000
synthetic_ref	F-score: 1.000
synthetic_ref	F-score: 1.000
synthetic_ref	F-score: 1.000
synthetic_ref	F-score: 1.000
synthetic_ref	F-score: 1.000
synthetic_ref	F-score: 1.000
synthetic_ref	F-score: 1.000
synthetic_ref	F-score: 1.000
synthetic_ref	F-score: 1.000
synthetic_ref	F-score: 1.000
synthetic_ref	F-score: 1.000
synthetic_ref	F-score: 1.000
synthetic_ref	F-score: 1.000
synthetic_ref	F-score: 1.000
synthetic_ref	F-score: 1.000
synthetic_ref	F-score: 1.000
synthetic_ref	F-score: 1.000
synthetic_ref	F-score: 1.000
synthetic_ref	F-score: 1.000
synthetic_ref	F-score: 1.000
synthetic_ref	F-score: 1.000
synthetic_ref	F-score: 1.000
synthetic_ref	F-score: 1.000
synthetic_ref	F-score: 1.000
synthetic_ref	F-score: 1.000
synthetic_ref	F-score: 1.000
synthetic_ref	F-score: 1.000
synthetic_ref	F-score: 1.095
synthetic_ref	F-score: 1.000
synthetic_ref	F-score: 1.000
synthetic_ref	F-score: 1.000
synthetic_ref	F-score: 1.000
synthetic_ref	F-score: 1.000
synthetic_ref	F-score: 1.000
synthetic_ref	F-score: 1.000
synthetic_ref	F-score: 1.000
synthetic_ref	F-score: 1.000
synthetic_ref	F-score: 1.000
synthetic_ref	F-score: 1.000
synthetic_ref	F-score: 1.000
synthetic_ref	F-score: 1.000
synthetic_ref	F-score: 1.000
synthetic_ref	F-score: 1.000
synthetic_ref	F-score: 1.000
synthetic_ref	F-score: 1.000
synthetic_ref	F-score: 1.000
synthetic_ref	F-score: 1.000
synthetic_ref	F-score: 1.000
synthetic_ref	F-score: 1.000
synthetic_ref	F-score: 1.000
synthetic_ref	F-score: 1.000
synthetic_ref	F-score: 1.000
synthetic_ref	F-score: 1.000
synthetic_ref	F-score: 1.000
synthetic_ref	F-score: 1.000
synthetic_ref	F-score: 1.000
synthetic_ref	F-score: 1.000
synthetic_ref	F-score: 1.000
synthetic_ref	F-score: 1.000
synthetic_ref	F-score: 1.000
synthetic_ref	F-score: 1.000
synthetic_ref	F-score: 1.000
synthetic_ref	F-score: 1.000
synthetic_ref	F-score: 1.000
synthetic_ref	F-score: 1.000
synthetic_ref	F-score: 1.000
synthetic_ref	F-score: 1.000
synthetic_ref	F-score: 1.000
synthetic_ref	F-score: 1.000
synthetic_ref	F-score: 1.000
synthetic_ref	F-score: 1.000
synthetic_ref	F-score: 1.000
synthetic_ref	F-score: 1.000
synthetic_ref	F-score: 1.000
synthetic_ref	F-score: 1.000
synthetic_ref	F-score: 1.000
synthetic_ref	F-score: 1.000
synthetic_ref	F-score: 1.000
synthetic_ref	F-score: 1.000
synthetic_ref	F-score: 1.000
synthetic_ref	F-score: 1.000
synthetic_ref	F-score: 1.000
synthetic_ref	F-score: 1.000
synthetic_ref	F-score: 1.014
synthetic_ref	F-score: 1.000
synthetic_ref	F-score: 1.000
synthetic_ref	F-score: 1.000
synthetic_ref	F-score: 1.000
synthetic_ref	F-score: 1.000
synthetic_ref	F-score: 1.000
synthetic_ref	F-score: 1.000
synthetic_ref	F-score: 1.000
synthetic_ref	F-score: 1.000
synthetic_ref	F-score: 1.000
synthetic_ref	F-score: 1.000
synthetic_ref	F-score: 1.000
synthetic_ref	F-score: 1.000
synthetic_ref	F-score: 1.000
synthetic_ref	F-score: 1.000
synthetic_ref	F-score: 1.000
synthetic_ref	F-score: 1.000
synthetic_ref	F-score: 1.000
synthetic_ref	F-score: 1.000
synthetic_ref	F-score: 1.000
synthetic_ref	F-score: 1.000
synthetic_ref	F-score: 1.000
synthetic_ref	F-score: 1.000
synthetic_ref	F-score: 1.000
synthetic_ref	F-score: 1.000
synthetic_ref	F-score: 1.000
synthetic_ref	F-score: 1.000
synthetic_ref	F-score: 1.000
synthetic_ref	F-score: 1.000
synthetic_ref	F-score: 1.000
synthetic_ref	F-score: 1.000
synthetic_ref	F-score: 1.000
synthetic_ref	F-score: 1.000
synthetic_ref	F-score: 1.000
synthetic_ref	F-score: 1.000
synthetic_ref	F-score: 1.000
synthetic_ref	F-score: 1.000
synthetic_ref	F-score: 1.000
synthetic_ref	F-score: 1.000
synthetic_ref	F-score: 1.000
synthetic_ref	F-score: 1.000
synthetic_ref	F-score: 1.000
synthetic_ref	F-score: 1.000
synthetic_ref	F-score: 1.000
synthetic_ref	F-score: 1.000
synthetic_ref	F-score: 1.000
synthetic_ref	F-score: 1.000
synthetic_ref	F-score: 1.000
synthetic_ref	F-score: 1.000
synthetic_ref	F-score: 1.000
synthetic_ref	F-score: 1.000
synthetic_ref	F-score: 1.000
synthetic_ref	F-score: 1.000
synthetic_ref	F-score: 1.000
synthetic_ref	F-score: 1.000
synthetic_ref	F-score: 1.000
synthetic_ref	F-score: 1.000
synthetic_ref	F-score: 1.000
synthetic_ref	F-score: 1.000
synthetic_ref	F-score: 1.000
synthetic_ref	F-score: 1.000
synthetic_ref	F-score: 1.000
synthetic_ref	F-score: 1.000
synthetic_ref	F-score: 1.000
synthetic_ref	F-score: 1.000
synthetic_ref	F-score: 1.000
synthetic_ref	F-score: 1.000
synthetic_ref	F-score: 1.000
synthetic_ref	F-score: 1.000
synthetic_ref	F-score: 1.000
synthetic_ref	F-score: 1.000
synthetic_ref	F-score: 1.000
synthetic_ref	F-score: 1.000
synthetic_ref	F-score: 1.000
synthetic_ref	F-score: 1.000
synthetic_ref	F-score: 1.000
synthetic_ref	F-score: 1.000
synthetic_ref	F-score: 1.000
synthetic_ref	F-score: 1.000
synthetic_ref	F-score: 1.000
synthetic_ref	F-score: 1.000
synthetic_ref	F-score: 1.000
synthetic_ref	F-score: 1.000
synthetic_ref	F-score: 1.000
synthetic_ref	F-score: 1.000
synthetic_ref	F-score: 1.000
synthetic_ref	F-score: 1.000
synthetic_ref	F-score: 1.000
synthetic_ref	F-score: 1.000
synthetic_ref	F-score: 1.000
synthetic_ref	F-score: 1.000
synthetic_ref	F-score: 1.000
synthetic_ref	F-score: 1.000
synthetic_ref	F-score: 1.000
synthetic_ref	F-score: 1.000
synthetic_ref	F-score: 1.000
synthetic_ref	F-score: 1.000
synthetic_ref	F-score: 1.000
synthetic_ref	F-score: 1.000
synthetic_ref	F-score: 1.000
synthetic_ref	F-score: 1.000
synthetic_ref	F-score: 1.000
synthetic_ref	F-score: 1.000
synthetic_ref	F-score: 1.000
synthetic_ref	F-score: 1.000
synthetic_ref	F-score: 1.000
synthetic_ref	F-score: 1.000
synthetic_ref	F-score: 1.000
synthetic_ref	F-score: 1.000
synthetic_ref	F-score: 1.000
synthetic_ref	F-score: 1.000
synthetic_ref	F-score: 1.000
synthetic_ref	F-score: 1.000
synthetic_ref	F-score: 1.000
synthetic_ref	F-score: 1.000
synthetic_ref	F-score: 1.000
synthetic_ref	F-score: 1.000
synthetic_ref	F-score: 1.000
synthetic_ref	F-score: 1.000
synthetic_ref	F-score: 1.000
synthetic_ref	F-score: 1.000
synthetic_ref	F-score: 1.000
synthetic_ref	F-score: 1.000
synthetic_ref	F-score: 1.000
synthetic_ref	F-score: 1.000
synthetic_ref	F-score: 1.000
synthetic_ref	F-score: 1.000
synthetic_ref	F-score: 1.000
synthetic_ref	F-score: 1.000
synthetic_ref	F-score: 1.000
synthetic_ref	F-score: 1.000
synthetic_ref	F-score: 1.000
synthetic_ref	F-score: 1.000
synthetic_ref	F-score: 1.000
synthetic_ref	F-score: 1.000
synthetic_ref	F-score: 1.000
synthetic_ref	F-score: 1.000
synthetic_ref	F-score: 1.000
synthetic_ref	F-score: 1.000
synthetic_ref	F-score: 1.000
synthetic_ref	F-score: 1.000
synthetic_ref	F-score: 1.000
synthetic_ref	F-score: 1.000
synthetic_ref	F-score: 1.000
synthetic_ref	F-score: 1.019
synthetic_ref	F-score: 1.000
synthetic_ref	F-score: 1.118
synthetic_ref	F-score: 1.000
synthetic_ref	F-score: 1.000
synthetic_ref	F-score: 1.000
synthetic_ref	F-score: 1.000
synthetic_ref	F-score: 1.000
synthetic_ref	F-score: 1.000
synthetic_ref	F-score: 1.000
synthetic_ref	F-score: 1.000
synthetic_ref	F-score: 1.000
synthetic_ref	F-score: 1.000
synthetic_ref	F-score: 1.000
synthetic_ref	F-score: 1.000
synthetic_ref	F-score: 1.000
synthetic_ref	F-score: 1.000
synthetic_ref	F-score: 1.000
synthetic_ref	F-score: 1.000
synthetic_ref	F-score: 1.000
synthetic_ref	F-score: 1.000
synthetic_ref	F-score: 1.000
synthetic_ref	F-score: 1.000
synthetic_ref	F-score: 1.000
synthetic_ref	F-score: 1.000
synthetic_ref	F-score: 1.000
synthetic_ref	F-score: 1.000
synthetic_ref	F-score: 1.000
synthetic_ref	F-score: 1.000
synthetic_ref	F-score: 1.000
synthetic_ref	F-score: 1.000
synthetic_ref	F-score: 1.000
synthetic_ref	F-score: 1.000
synthetic_ref	F-score: 1.000
synthetic_ref	F-score: 1.013
synthetic_ref	F-score: 1.000
synthetic_ref	F-score: 1.000
synthetic_ref	F-score: 1.000
synthetic_ref	F-score: 1.000
synthetic_ref	F-score: 1.000
synthetic_ref	F-score: 1.000
synthetic_ref	F-score: 1.000
synthetic_ref	F-score: 1.000
synthetic_ref	F-score: 1.000
synthetic_ref	F-score: 1.000
synthetic_ref	F-score: 1.000
synthetic_ref	F-score: 1.000
synthetic_ref	F-score: 1.000
synthetic_ref	F-score: 1.000
synthetic_ref	F-score: 1.000
synthetic_ref	F-score: 1.000
synthetic_ref	F-score: 1.000
synthetic_ref	F-score: 1.000
synthetic_ref	F-score: 1.000
synthetic_ref	F-score: 1.000
synthetic_ref	F-score: 1.000
synthetic_ref	F-score: 1.000
synthetic_ref	F-score: 1.000
synthetic_ref	F-score: 1.000
synthetic_ref	F-score: 1.000
synthetic_ref	F-score: 1.000
synthetic_ref	F-score: 1.000
synthetic_ref	F-score: 1.000
synthetic_ref	F-score: 1.000
synthetic_ref	F-score: 1.000
synthetic_ref	F-score: 1.000
synthetic_ref	F-score: 1.000
synthetic_ref	F-score: 1.000
synthetic_ref	F-score: 1.000
synthetic_ref	F-score: 1.000
synthetic_ref	F-score: 1.000
synthetic_ref	F-score: 1.000
synthetic_ref	F-score: 1.000
synthetic_ref	F-score: 1.000
synthetic_ref	F-score: 1.000
synthetic_ref	F-score: 1.000
synthetic_ref	F-score: 1.000
synthetic_ref	F-score: 1.000
synthetic_ref	F-score: 1.000
synthetic_ref	F-score: 1.000
synthetic_ref	F-score: 1.000
synthetic_ref	F-score: 1.000
synthetic_ref	F-score: 1.000
synthetic_ref	F-score: 1.000
synthetic_ref	F-score: 1.000
synthetic_ref	F-score: 1.000
synthetic_ref	F-score: 1.000
synthetic_ref	F-score: 1.000
synthetic_ref	F-score: 1.000
synthetic_ref	F-score: 1.000
synthetic_ref	F-score: 1.000
synthetic_ref	F-score: 1.000
synthetic_ref	F-score: 1.000
synthetic_ref	F-score: 1.000
synthetic_ref	F-score: 1.000
synthetic_ref	F-score: 1.000
synthetic_ref	F-score: 1.000
synthetic_ref	F-score: 1.000
synthetic_ref	F-score: 1.000
synthetic_ref	F-score: 1.000
synthetic_ref	F-score: 1.000
synthetic_ref	F-score: 1.000
synthetic_ref	F-score: 1.000
synthetic_ref	F-score: 1.000
synthetic_ref	F-score: 1.000
synthetic_ref	F-score: 1.000
synthetic_ref	F-score: 1.000
synthetic_ref	F-score: 1.000
synthetic_ref	F-score: 1.000
synthetic_ref	F-score: 1.000
synthetic_ref	F-score: 1.000
synthetic_ref	F-score: 1.000
synthetic_ref	F-score: 1.000
synthetic_ref	F-score: 1.000
synthetic_ref	F-score: 1.000
synthetic_ref	F-score: 1.000
synthetic_ref	F-score: 1.000
synthetic_ref	F-score: 1.000
synthetic_ref	F-score: 1.000
synthetic_ref	F-score: 1.000
synthetic_ref	F-score: 1.000
synthetic_ref	F-score: 1.000
synthetic_ref	F-score: 1.000
synthetic_ref	F-score: 1.000
synthetic_ref	F-score: 1.000
synthetic_ref	F-score: 1.000
synthetic_ref	F-score: 1.000
synthetic_ref	F-score: 1.000
synthetic_ref	F-score: 1.000
synthetic_ref	F-score: 1.000
synthetic_ref	F-score: 1.000
synthetic_ref	F-score: 1.000
synthetic_ref	F-score: 1.000
synthetic_ref	F-score: 1.000
synthetic_ref	F-score: 1.000
synthetic_ref	F-score: 1.000
synthetic_ref	F-score: 1.000
synthetic_ref	F-score: 1.000
synthetic_ref	F-score: 1.000
synthetic_ref	F-score: 1.000
synthetic_ref	F-score: 1.000
synthetic_ref	F-score: 1.000
synthetic_ref	F-score: 1.000
synthetic_ref	F-score: 1.000
synthetic_ref	F-score: 1.000
synthetic_ref	F-score: 1.000
synthetic_ref	F-score: 1.000
synthetic_ref	F-score: 1.000
synthetic_ref	F-score: 1.000
synthetic_ref	F-score: 1.000
synthetic_ref	F-score: 1.000
synthetic_ref	F-score: 1.000
synthetic_ref	F-score: 1.000
synthetic_ref	F-score: 1.000
synthetic_ref	F-score: 1.000
synthetic_ref	F-score: 1.000
synthetic_ref	F-score: 1.000
synthetic_ref	F-score: 1.000
synthetic_ref	F-score: 1.000
synthetic_ref	F-score: 1.000
synthetic_ref	F-score: 1.000
synthetic_ref	F-score: 1.000
synthetic_ref	F-score: 1.000
synthetic_ref	F-score: 1.000
synthetic_ref	F-score: 1.000
synthetic_ref	F-score: 1.000
synthetic_ref	F-score: 1.000
synthetic_ref	F-score: 1.000
synthetic_ref	F-score: 1.000
synthetic_ref	F-score: 1.000
synthetic_ref	F-score: 1.000
synthetic_ref	F-score: 1.000
synthetic_ref	F-score: 1.000
synthetic_ref	F-score: 1.000
synthetic_ref	F-score: 1.000
synthetic_ref	F-score: 1.000
synthetic_ref	F-score: 1.000
synthetic_ref	F-score: 1.000
synthetic_ref	F-score: 1.000
synthetic_ref	F-score: 1.000
synthetic_ref	F-score: 1.000
synthetic_ref	F-score: 1.000
synthetic_ref	F-score: 1.000
synthetic_ref	F-score: 1.000
synthetic_ref	F-score: 1.000
synthetic_ref	F-score: 1.000
synthetic_ref	F-score: 1.000
synthetic_ref	F-score: 1.000
synthetic_ref	F-score: 1.000
synthetic_ref	F-score: 1.000
synthetic_ref	F-score: 1.000
synthetic_ref	F-score: 1.000
synthetic_ref	F-score: 1.000
synthetic_ref	F-score: 1.000
synthetic_ref	F-score: 1.000
synthetic_ref	F-score: 1.000
synthetic_ref	F-score: 1.000
synthetic_ref	F-score: 1.000
synthetic_ref	F-score: 1.019
synthetic_ref	F-score: 1.000
synthetic_ref	F-score: 1.000
synthetic_ref	F-score: 1.000
synthetic_ref	F-score: 1.000
synthetic_ref	F-score: 1.000
synthetic_ref	F-score: 1.000
synthetic_ref	F-score: 1.000
synthetic_ref	F-score: 1.000
synthetic_ref	F-score: 1.000
synthetic_ref	F-score: 1.000
synthetic_ref	F-score: 1.000
synthetic_ref	F-score: 1.000
synthetic_ref	F-score: 1.000
synthetic_ref	F-score: 1.000
synthetic_ref	F-score: 1.000
synthetic_ref	F-score: 1.000
synthetic_ref	F-score: 1.000
synthetic_ref	F-score: 1.000
synthetic_ref	F-score: 1.000
synthetic_ref	F-score: 1.000
synthetic_ref	F-score: 1.000
synthetic_ref	F-score: 1.000
synthetic_ref	F-score: 1.000
synthetic_ref	F-score: 1.000
synthetic_ref	F-score: 1.000
synthetic_ref	F-score: 1.000
synthetic_ref	F-score: 1.000
synthetic_ref	F-score: 1.000
synthetic_ref	F-score: 1.000
synthetic_ref	F-score: 1.000
synthetic_ref	F-score: 1.000
synthetic_ref	F-score: 1.000
synthetic_ref	F-score: 1.000
synthetic_ref	F-score: 1.000
synthetic_ref	F-score: 1.000
synthetic_ref	F-score: 1.000
synthetic_ref	F-score: 1.000
synthetic_ref	F-score: 1.000
synthetic_ref	F-score: 1.000
synthetic_ref	F-score: 1.000
synthetic_ref	F-score: 1.000
synthetic_ref	F-score: 1.000
synthetic_ref	F-score: 1.000
synthetic_ref	F-score: 1.000
synthetic_ref	F-score: 1.000
synthetic_ref	F-score: 1.000
synthetic_ref	F-score: 1.000
synthetic_ref	F-score: 1.000
synthetic_ref	F-score: 1.000
synthetic_ref	F-score: 1.000
synthetic_ref	F-score: 1.000
synthetic_ref	F-score: 1.000
synthetic_ref	F-score: 1.000
synthetic_ref	F-score: 1.000
synthetic_ref	F-score: 1.000
synthetic_ref	F-score: 1.000
synthetic_ref	F-score: 1.000
synthetic_ref	F-score: 1.000
synthetic_ref	F-score: 1.000
synthetic_ref	F-score: 1.000
synthetic_ref	F-score: 1.000
synthetic_ref	F-score: 1.000
synthetic_ref	F-score: 1.000
synthetic_ref	F-score: 1.000
synthetic_ref	F-score: 1.000
synthetic_ref	F-score: 1.000
synthetic_ref	F-score: 1.000
synthetic_ref	F-score: 1.000
synthetic_ref	F-score: 1.000
synthetic_ref	F-score: 1.000
synthetic_ref	F-score: 1.000
synthetic_ref	F-score: 1.000
synthetic_ref	F-score: 1.000
synthetic_ref	F-score: 1.000
synthetic_ref	F-score: 1.000
synthetic_ref	F-score: 1.000
synthetic_ref	F-score: 1.000
synthetic_ref	F-score: 1.000
synthetic_ref	F-score: 1.000
synthetic_ref	F-score: 1.000
synthetic_ref	F-score: 1.000
synthetic_ref	F-score: 1.000
synthetic_ref	F-score: 1.000
synthetic_ref	F-score: 1.000
synthetic_ref	F-score: 1.000
synthetic_ref	F-score: 1.014
synthetic_ref	F-score: 1.000
synthetic_ref	F-score: 1.000
synthetic_ref	F-score: 1.000
synthetic_ref	F-score: 1.000
synthetic_ref	F-score: 1.000
synthetic_ref	F-score: 1.000
synthetic_ref	F-score: 1.000
synthetic_ref	F-score: 1.000
synthetic_ref	F-score: 1.000
synthetic_ref	F-score: 1.000
synthetic_ref	F-score: 1.000
synthetic_ref	F-score: 1.000
synthetic_ref	F-score: 1.000
synthetic_ref	F-score: 1.000
synthetic_ref	F-score: 1.000
synthetic_ref	F-score: 1.000
synthetic_ref	F-score: 1.000
synthetic_ref	F-score: 1.000
synthetic_ref	F-score: 1.000
synthetic_ref	F-score: 1.000
synthetic_ref	F-score: 1.000
synthetic_ref	F-score: 1.000
synthetic_ref	F-score: 1.000
synthetic_ref	F-score: 1.000
synthetic_ref	F-score: 1.000
synthetic_ref	F-score: 1.000
synthetic_ref	F-score: 1.000
synthetic_ref	F-score: 1.000
synthetic_ref	F-score: 1.000
synthetic_ref	F-score: 1.000
synthetic_ref	F-score: 1.000
synthetic_ref	F-score: 1.000
synthetic_ref	F-score: 1.000
synthetic_ref	F-score: 1.000
synthetic_ref	F-score: 1.000
synthetic_ref	F-score: 1.000
synthetic_ref	F-score: 1.000
synthetic_ref	F-score: 1.000
synthetic_ref	F-score: 1.000
synthetic_ref	F-score: 1.000
synthetic_ref	F-score: 1.000
synthetic_ref	F-score: 1.000
synthetic_ref	F-score: 1.000
synthetic_ref	F-score: 1.000
synthetic_ref	F-score: 1.000
synthetic_ref	F-score: 1.000
synthetic_ref	F-score: 1.000
synthetic_ref	F-score: 1.000
synthetic_ref	F-score: 1.000
synthetic_ref	F-score: 1.000
synthetic_ref	F-score: 1.000
synthetic_ref	F-score: 1.000
synthetic_ref	F-score: 1.000
synthetic_ref	F-score: 1.000
synthetic_ref	F-score: 1.000
synthetic_ref	F-score: 1.000
synthetic_ref	F-score: 1.000
synthetic_ref	F-score: 1.000
synthetic_ref	F-score: 1.000
synthetic_ref	F-score: 1.000
synthetic_ref	F-score: 1.000
synthetic_ref	F-score: 1.000
synthetic_ref	F-score: 1.000
synthetic_ref	F-score: 1.000
synthetic_ref	F-score: 1.000
synthetic_ref	F-score: 1.000
synthetic_ref	F-score: 1.000
synthetic_ref	F-score: 1.000
synthetic_ref	F-score: 1.000
synthetic_ref	F-score: 1.000
synthetic_ref	F-score: 1.000
synthetic_ref	F-score: 1.000
synthetic_ref	F-score: 1.000
synthetic_ref	F-score: 1.000
synthetic_ref	F-score: 1.000
synthetic_ref	F-score: 1.000
synthetic_ref	F-score: 1.000
synthetic_ref	F-score: 1.000
synthetic_ref	F-score: 1.000
synthetic_ref	F-score: 1.000
synthetic_ref	F-score: 1.000
synthetic_ref	F-score: 1.000
synthetic_ref	F-score: 1.000
synthetic_ref	F-score: 1.000
synthetic_ref	F-score: 1.000
synthetic_ref	F-score: 1.000
synthetic_ref	F-score: 1.000
synthetic_ref	F-score: 1.000
synthetic_ref	F-score: 1.000
synthetic_ref	F-score: 1.000
synthetic_ref	F-score: 1.000
synthetic_ref	F-score: 1.000
synthetic_ref	F-score: 1.000
synthetic_ref	F-score: 1.000
synthetic_ref	F-score: 1.000
synthetic_ref	F-score: 1.000
synthetic_ref	F-score: 1.000
synthetic_ref	F-score: 1.000
synthetic_ref	F-score: 1.000
synthetic_ref	F-score: 1.000
synthetic_ref	F-score: 1.000
synthetic_ref	F-score: 1.000
synthetic_ref	F-score: 1.000
synthetic_ref	F-score: 1.000
synthetic_ref	F-score: 1.000
synthetic_ref	F-score: 1.000
synthetic_ref	F-score: 1.000
synthetic_ref	F-score: 1.000
synthetic_ref	F-score: 1.000
synthetic_ref	F-score: 1.000
synthetic_ref	F-score: 1.000
synthetic_ref	F-score: 1.000
synthetic_ref	F-score: 1.000
synthetic_ref	F-score: 1.000
synthetic_ref	F-score: 1.000
synthetic_ref	F-score: 1.000
synthetic_ref	F-score: 1.000
synthetic_ref	F-score: 1.000
synthetic_ref	F-score: 1.000
synthetic_ref	F-score: 1.000
synthetic_ref	F-score: 1.000
synthetic_ref	F-score: 1.000
synthetic_ref	F-score: 1.000
synthetic_ref	F-score: 1.000
synthetic_ref	F-score: 1.000
synthetic_ref	F-score: 1.000
synthetic_ref	F-score: 1.000
synthetic_ref	F-score: 1.000
synthetic_ref	F-score: 1.000
synthetic_ref	F-score: 1.000
synthetic_ref	F-score: 1.000
synthetic_ref	F-score: 1.000
synthetic_ref	F-score: 1.000
synthetic_ref	F-score: 1.000
synthetic_ref	F-score: 1.000
synthetic_ref	F-score: 1.000
synthetic_ref	F-score: 1.000
synthetic_ref	F-score: 1.000
synthetic_ref	F-score: 1.000
synthetic_ref	F-score: 1.000
synthetic_ref	F-score: 1.000
synthetic_ref	F-score: 1.000
synthetic_ref	F-score: 1.000
synthetic_ref	F-score: 1.000
synthetic_ref	F-score: 1.000
synthetic_ref	F-score: 1.000
synthetic_ref	F-score: 1.000
synthetic_ref	F-score: 1.000
synthetic_ref	F-score: 1.000
synthetic_ref	F-score: 1.000
synthetic_ref	F-score: 1.000
synthetic_ref	F-score: 1.000
synthetic_ref	F-score: 1.000
synthetic_ref	F-score: 1.000
synthetic_ref	F-score: 1.000
synthetic_ref	F-score: 1.000
synthetic_ref	F-score: 1.000
synthetic_ref	F-score: 1.000
synthetic_ref	F-score: 1.000
synthetic_ref	F-score: 1.000
synthetic_ref	F-score: 1.000
synthetic_ref	F-score: 1.000
synthetic_ref	F-score: 1.000
synthetic_ref	F-score: 1.000
synthetic_ref	F-score: 1.000
synthetic_ref	F-score: 1.000
synthetic_ref	F-score: 1.000
synthetic_ref	F-score: 1.000
synthetic_ref	F-score: 1.000
synthetic_ref	F-score: 1.000
synthetic_ref	F-score: 1.000
synthetic_ref	F-score: 1.000
synthetic_ref	F-score: 1.000
synthetic_ref	F-score: 1.000
synthetic_ref	F-score: 1.000
synthetic_ref	F-score: 1.000
synthetic_ref	F-score: 1.000
synthetic_ref	F-score: 1.000
synthetic_ref	F-score: 1.000
synthetic_ref	F-score: 1.000
synthetic_ref	F-score: 1.000
synthetic_ref	F-score: 1.000
synthetic_ref	F-score: 1.000
synthetic_ref	F-score: 1.000
synthetic_ref	F-score: 1.000
synthetic_ref	F-score: 1.000
synthetic_ref	F-score: 1.000
synthetic_ref	F-score: 1.000
synthetic_ref	F-score: 1.000
synthetic_ref	F-score: 1.000
synthetic_ref	F-score: 1.000
synthetic_ref	F-score: 1.000
synthetic_ref	F-score: 1.000
synthetic_ref	F-score: 1.000
synthetic_ref	F-score: 1.000
synthetic_ref	F-score: 1.000
synthetic_ref	F-score: 1.000
synthetic_ref	F-score: 1.000
synthetic_ref	F-score: 1.000
synthetic_ref	F-score: 1.000
synthetic_ref	F-score: 1.000
synthetic_ref	F-score: 1.000
synthetic_ref	F-score: 1.000
synthetic_ref	F-score: 1.000
synthetic_ref	F-score: 1.000
synthetic_ref	F-score: 1.000
synthetic_ref	F-score: 1.000
synthetic_ref	F-score: 1.000
synthetic_ref	F-score: 1.000
synthetic_ref	F-score: 1.000
synthetic_ref	F-score: 1.000
synthetic_ref	F-score: 1.000
synthetic_ref	F-score: 1.000
synthetic_ref	F-score: 1.000
synthetic_ref	F-score: 1.000
synthetic_ref	F-score: 1.000
synthetic_ref	F-score: 1.000
synthetic_ref	F-score: 1.000
synthetic_ref	F-score: 1.000
synthetic_ref	F-score: 1.000
synthetic_ref	F-score: 1.000
synthetic_ref	F-score: 1.000
synthetic_ref	F-score: 1.000
synthetic_ref	F-score: 1.000
synthetic_ref	F-score: 1.000
synthetic_ref	F-score: 1.000
synthetic_ref	F-score: 1.000
synthetic_ref	F-score: 1.000
synthetic_ref	F-score: 1.000
synthetic_ref	F-score: 1.000
synthetic_ref	F-score: 1.000
synthetic_ref	F-score: 1.000
synthetic_ref	F-score: 1.000
synthetic_ref	F-score: 1.000
synthetic_ref	F-score: 1.000
synthetic_ref	F-score: 1.000
synthetic_ref	F-score: 1.000
synthetic_ref	F-score: 1.000
synthetic_ref	F-score: 1.000
synthetic_ref	F-score: 1.000
synthetic_ref	F-score: 1.000
synthetic_ref	F-score: 1.000
synthetic_ref	F-score: 1.000
synthetic_ref	F-score: 1.000
synthetic_ref	F-score: 1.000
synthetic_ref	F-score: 1.000
synthetic_ref	F-score: 1.000
synthetic_ref	F-score: 1.000
synthetic_ref	F-score: 1.000
synthetic_ref	F-score: 1.000
synthetic_ref	F-score: 1.000
synthetic_ref	F-score: 1.000
synthetic_ref	F-score: 1.000
synthetic_ref	F-score: 1.000
synthetic_ref	F-score: 1.000
synthetic_ref	F-score: 1.000
synthetic_ref	F-score: 1.000
synthetic_ref	F-score: 1.000
synthetic_ref	F-score: 1.000
synthetic_ref	F-score: 1.000
synthetic_ref	F-score: 1.000
synthetic_ref	F-score: 1.000
synthetic_ref	F-score: 1.000
synthetic_ref	F-score: 1.000
synthetic_ref	F-score: 1.000
synthetic_ref	F-score: 1.000
synthetic_ref	F-score: 1.000
synthetic_ref	F-score: 1.000
synthetic_ref	F-score: 1.000
synthetic_ref	F-score: 1.000
synthetic_ref	F-score: 1.000
synthetic_ref	F-score: 1.000
synthetic_ref	F-score: 1.000
synthetic_ref	F-score: 1.000
synthetic_ref	F-score: 1.000
synthetic_ref	F-score: 1.000
synthetic_ref	F-score: 1.000
synthetic_ref	F-score: 1.000
synthetic_ref	F-score: 1.000
synthetic_ref	F-score: 1.000
synthetic_ref	F-score: 1.000
synthetic_ref	F-score: 1.000
synthetic_ref	F-score: 1.000
synthetic_ref	F-score: 1.000
synthetic_ref	F-score: 1.000
synthetic_ref	F-score: 1.000
synthetic_ref	F-score: 1.000
synthetic_ref	F-score: 1.000
synthetic_ref	F-score: 1.000
synthetic_ref	F-score: 1.000
synthetic_ref	F-score: 1.000
synthetic_ref	F-score: 1.000
synthetic_ref	F-score: 1.000
synthetic_ref	F-score: 1.000
synthetic_ref	F-score: 1.000
synthetic_ref	F-score: 1.000
synthetic_ref	F-score: 1.000
synthetic_ref	F-score: 1.000
synthetic_ref	F-score: 1.000
synthetic_ref	F-score: 1.000
synthetic_ref	F-score: 1.000
synthetic_ref	F-score: 1.000
synthetic_ref	F-score: 1.014
synthetic_ref	F-score: 1.000
synthetic_ref	F-score: 1.000
synthetic_ref	F-score: 1.000
synthetic_ref	F-score: 1.000
synthetic_ref	F-score: 1.000
synthetic_ref	F-score: 1.000
synthetic_ref	F-score: 1.000
synthetic_ref	F-score: 1.000
synthetic_ref	F-score: 1.000
synthetic_ref	F-score: 1.000
synthetic_ref	F-score: 1.000
synthetic_ref	F-score: 1.000
synthetic_ref	F-score: 1.000
synthetic_ref	F-score: 1.000
synthetic_ref	F-score: 1.000
synthetic_ref	F-score: 1.000
synthetic_ref	F-score: 1.000
synthetic_ref	F-score: 1.000
synthetic_ref	F-score: 1.000
synthetic_ref	F-score: 1.000
synthetic_ref	F-score: 1.000
synthetic_ref	F-score: 1.000
synthetic_ref	F-score: 1.000
synthetic_ref	F-score: 1.000
synthetic_ref	F-score: 1.000
synthetic_ref	F-score: 1.000
synthetic_ref	F-score: 1.000
synthetic_ref	F-score: 1.000
synthetic_ref	F-score: 1.000
synthetic_ref	F-score: 1.000
synthetic_ref	F-score: 1.000
synthetic_ref	F-score: 1.000
synthetic_ref	F-score: 1.000
synthetic_ref	F-score: 1.000
synthetic_ref	F-score: 1.000
synthetic_ref	F-score: 1.000
synthetic_ref	F-score: 1.000
synthetic_ref	F-score: 1.000
synthetic_ref	F-score: 1.000
synthetic_ref	F-score: 1.000
synthetic_ref	F-score: 1.000
synthetic_ref	F-score: 1.000
synthetic_ref	F-score: 1.000
synthetic_ref	F-score: 1.000
synthetic_ref	F-score: 1.000
synthetic_ref	F-score: 1.000
synthetic_ref	F-score: 1.000
synthetic_ref	F-score: 1.000
synthetic_ref	F-score: 1.000
synthetic_ref	F-score: 1.000
synthetic_ref	F-score: 1.000
synthetic_ref	F-score: 1.000
synthetic_ref	F-score: 1.000
synthetic_ref	F-score: 1.000
synthetic_ref	F-score: 1.000
synthetic_ref	F-score: 1.000
synthetic_ref	F-score: 1.000
synthetic_ref	F-score: 1.000
synthetic_ref	F-score: 1.000
synthetic_ref	F-score: 1.000
synthetic_ref	F-score: 1.000
synthetic_ref	F-score: 1.000
synthetic_ref	F-score: 1.000
synthetic_ref	F-score: 1.000
synthetic_ref	F-score: 1.000
synthetic_ref	F-score: 1.000
synthetic_ref	F-score: 1.000
synthetic_ref	F-score: 1.000
synthetic_ref	F-score: 1.000
synthetic_ref	F-score: 1.000
synthetic_ref	F-score: 1.000
synthetic_ref	F-score: 1.000
synthetic_ref	F-score: 1.000
synthetic_ref	F-score: 1.000
synthetic_ref	F-score: 1.000
synthetic_ref	F-score: 1.000
synthetic_ref	F-score: 1.000
synthetic_ref	F-score: 1.000
synthetic_ref	F-score: 1.000
synthetic_ref	F-score: 1.000
synthetic_ref	F-score: 1.000
synthetic_ref	F-score: 1.000
synthetic_ref	F-score: 1.000
synthetic_ref	F-score: 1.000
synthetic_ref	F-score: 1.000
synthetic_ref	F-score: 1.000
synthetic_ref	F-score: 1.000
synthetic_ref	F-score: 1.000
synthetic_ref	F-score: 1.000
synthetic_ref	F-score: 1.000
synthetic_ref	F-score: 1.000
synthetic_ref	F-score: 1.000
synthetic_ref	F-score: 1.000
synthetic_ref	F-score: 1.000
synthetic_ref	F-score: 1.000
synthetic_ref	F-score: 1.000
synthetic_ref	F-score: 1.000
synthetic_ref	F-score: 1.000
synthetic_ref	F-score: 1.000
synthetic_ref	F-score: 1.000
synthetic_ref	F-score: 1.000
synthetic_ref	F-score: 1.000
synthetic_ref	F-score: 1.000
synthetic_ref	F-score: 1.000
synthetic_ref	F-score: 1.000
synthetic_ref	F-score: 1.000
synthetic_ref	F-score: 1.000
synthetic_ref	F-score: 1.000
synthetic_ref	F-score: 1.000
synthetic_ref	F-score: 1.000
synthetic_ref	F-score: 1.000
synthetic_ref	F-score: 1.000
synthetic_ref	F-score: 1.000
synthetic_ref	F-score: 1.000
synthetic_ref	F-score: 1.000
synthetic_ref	F-score: 1.000
synthetic_ref	F-score: 1.000
synthetic_ref	F-score: 1.000
synthetic_ref	F-score: 1.000
synthetic_ref	F-score: 1.000
synthetic_ref	F-score: 1.000
synthetic_ref	F-score: 1.000
synthetic_ref	F-score: 1.000
synthetic_ref	F-score: 1.000
synthetic_ref	F-score: 1.000
synthetic_ref	F-score: 1.000
synthetic_ref	F-score: 1.000
synthetic_ref	F-score: 1.000
synthetic_ref	F-score: 1.000
synthetic_ref	F-score: 1.000
synthetic_ref	F-score: 1.000
synthetic_ref	F-score: 1.000
synthetic_ref	F-score: 1.000
synthetic_ref	F-score: 1.000
synthetic_ref	F-score: 1.000
synthetic_ref	F-score: 1.000
synthetic_ref	F-score: 1.000
synthetic_ref	F-score: 1.000
synthetic_ref	F-score: 1.000
synthetic_ref	F-score: 1.000
synthetic_ref	F-score: 1.000
synthetic_ref	F-score: 1.000
synthetic_ref	F-score: 1.000
synthetic_ref	F-score: 1.000
synthetic_ref	F-score: 1.000
synthetic_ref	F-score: 1.000
synthetic_ref	F-score: 1.000
synthetic_ref	F-score: 1.000
synthetic_ref	F-score: 1.000
synthetic_ref	F-score: 1.000
synthetic_ref	F-score: 1.000
synthetic_ref	F-score: 1.000
synthetic_ref	F-score: 1.000
synthetic_ref	F-score: 1.027
synthetic_ref	F-score: 1.000
synthetic_ref	F-score: 1.000
synthetic_ref	F-score: 1.000
synthetic_ref	F-score: 1.000
synthetic_ref	F-score: 1.000
synthetic_ref	F-score: 1.000
synthetic_ref	F-score: 1.000
synthetic_ref	F-score: 1.000
synthetic_ref	F-score: 1.000
synthetic_ref	F-score: 1.000
synthetic_ref	F-score: 1.000
synthetic_ref	F-score: 1.000
synthetic_ref	F-score: 1.000
synthetic_ref	F-score: 1.000
synthetic_ref	F-score: 1.000
synthetic_ref	F-score: 1.000
synthetic_ref	F-score: 1.000
synthetic_ref	F-score: 1.000
synthetic_ref	F-score: 1.000
synthetic_ref	F-score: 1.000
synthetic_ref	F-score: 1.000
synthetic_ref	F-score: 1.000
synthetic_ref	F-score: 1.000
synthetic_ref	F-score: 1.000
synthetic_ref	F-score: 1.000
synthetic_ref	F-score: 1.000
synthetic_ref	F-score: 1.000
synthetic_ref	F-score: 1.000
synthetic_ref	F-score: 1.000
synthetic_ref	F-score: 1.000
synthetic_ref	F-score: 1.000
synthetic_ref	F-score: 1.000
synthetic_ref	F-score: 1.000
synthetic_ref	F-score: 1.000
synthetic_ref	F-score: 1.000
synthetic_ref	F-score: 1.000
synthetic_ref	F-score: 1.000
synthetic_ref	F-score: 1.000
synthetic_ref	F-score: 1.000
synthetic_ref	F-score: 1.000
synthetic_ref	F-score: 1.000
synthetic_ref	F-score: 1.000
synthetic_ref	F-score: 1.000
synthetic_ref	F-score: 1.000
synthetic_ref	F-score: 1.000
synthetic_ref	F-score: 1.000
synthetic_ref	F-score: 1.000
synthetic_ref	F-score: 1.000
synthetic_ref	F-score: 1.000
synthetic_ref	F-score: 1.000
synthetic_ref	F-score: 1.000
synthetic_ref	F-score: 1.000
synthetic_ref	F-score: 1.000
synthetic_ref	F-score: 1.000
synthetic_ref	F-score: 1.000
synthetic_ref	F-score: 1.010
synthetic_ref	F-score: 1.000
synthetic_ref	F-score: 1.000
synthetic_ref	F-score: 1.000
synthetic_ref	F-score: 1.000
synthetic_ref	F-score: 1.000
synthetic_ref	F-score: 1.000
synthetic_ref	F-score: 1.000
synthetic_ref	F-score: 1.000
synthetic_ref	F-score: 1.000
synthetic_ref	F-score: 1.000
synthetic_ref	F-score: 1.000
synthetic_ref	F-score: 1.000
synthetic_ref	F-score: 1.000
synthetic_ref	F-score: 1.000
synthetic_ref	F-score: 1.000
synthetic_ref	F-score: 1.000
synthetic_ref	F-score: 1.000
synthetic_ref	F-score: 1.000
synthetic_ref	F-score: 1.000
synthetic_ref	F-score: 1.000
synthetic_ref	F-score: 1.000
synthetic_ref	F-score: 1.000
synthetic_ref	F-score: 1.000
synthetic_ref	F-score: 1.000
synthetic_ref	F-score: 1.000
synthetic_ref	F-score: 1.000
synthetic_ref	F-score: 1.000
synthetic_ref	F-score: 1.000
synthetic_ref	F-score: 1.000
synthetic_ref	F-score: 1.000
synthetic_ref	F-score: 1.000
synthetic_ref	F-score: 1.000
synthetic_ref	F-score: 1.000
synthetic_ref	F-score: 1.000
synthetic_ref	F-score: 1.000
synthetic_ref	F-score: 1.000
synthetic_ref	F-score: 1.000
synthetic_ref	F-score: 1.000
synthetic_ref	F-score: 1.000
synthetic_ref	F-score: 1.000
synthetic_ref	F-score: 1.000
synthetic_ref	F-score: 1.000
synthetic_ref	F-score: 1.000
synthetic_ref	F-score: 1.000
synthetic_ref	F-score: 1.000
synthetic_ref	F-score: 1.000
synthetic_ref	F-score: 1.000
synthetic_ref	F-score: 1.000
synthetic_ref	F-score: 1.000
synthetic_ref	F-score: 1.000
synthetic_ref	F-score: 1.000
synthetic_ref	F-score: 1.000
synthetic_ref	F-score: 1.000
synthetic_ref	F-score: 1.000
synthetic_ref	F-score: 1.000
synthetic_ref	F-score: 1.000
synthetic_ref	F-score: 1.000
synthetic_ref	F-score: 1.000
synthetic_ref	F-score: 1.000
synthetic_ref	F-score: 1.000
synthetic_ref	F-score: 1.000
synthetic_ref	F-score: 1.000
synthetic_ref	F-score: 1.000
synthetic_ref	F-score: 1.000
synthetic_ref	F-score: 1.000
synthetic_ref	F-score: 1.000
synthetic_ref	F-score: 1.000
synthetic_ref	F-score: 1.000
synthetic_ref	F-score: 1.000
synthetic_ref	F-score: 1.000
synthetic_ref	F-score: 1.000
synthetic_ref	F-score: 1.000
synthetic_ref	F-score: 1.000
synthetic_ref	F-score: 1.000
synthetic_ref	F-score: 1.000
synthetic_ref	F-score: 1.000
synthetic_ref	F-score: 1.000
synthetic_ref	F-score: 1.000
synthetic_ref	F-score: 1.000
synthetic_ref	F-score: 1.000
synthetic_ref	F-score: 1.000
synthetic_ref	F-score: 1.000
synthetic_ref	F-score: 1.000
synthetic_ref	F-score: 1.000
synthetic_ref	F-score: 1.000
synthetic_ref	F-score: 1.000
synthetic_ref	F-score: 1.000
synthetic_ref	F-score: 1.000
synthetic_ref	F-score: 1.000
synthetic_ref	F-score: 1.000
synthetic_ref	F-score: 1.000
synthetic_ref	F-score: 1.000
synthetic_ref	F-score: 1.000
synthetic_ref	F-score: 1.000
synthetic_ref	F-score: 1.000
synthetic_ref	F-score: 1.000
synthetic_ref	F-score: 1.000
synthetic_ref	F-score: 1.000
synthetic_ref	F-score: 1.000
synthetic_ref	F-score: 1.000
synthetic_ref	F-score: 1.000
synthetic_ref	F-score: 1.000
synthetic_ref	F-score: 1.000
synthetic_ref	F-score: 1.000
synthetic_ref	F-score: 1.000
synthetic_ref	F-score: 1.000
synthetic_ref	F-score: 1.000
synthetic_ref	F-score: 1.000
synthetic_ref	F-score: 1.000
synthetic_ref	F-score: 1.000
synthetic_ref	F-score: 1.000
synthetic_ref	F-score: 1.000
synthetic_ref	F-score: 1.000
synthetic_ref	F-score: 1.000
synthetic_ref	F-score: 1.000
synthetic_ref	F-score: 1.000
synthetic_ref	F-score: 1.000
synthetic_ref	F-score: 1.000
synthetic_ref	F-score: 1.000
synthetic_ref	F-score: 1.000
synthetic_ref	F-score: 1.000
synthetic_ref	F-score: 1.000
synthetic_ref	F-score: 1.000
synthetic_ref	F-score: 1.000
synthetic_ref	F-score: 1.000
synthetic_ref	F-score: 1.000
synthetic_ref	F-score: 1.000
synthetic_ref	F-score: 1.000
synthetic_ref	F-score: 1.000
synthetic_ref	F-score: 1.000
synthetic_ref	F-score: 1.000
synthetic_ref	F-score: 1.000
synthetic_ref	F-score: 1.000
synthetic_ref	F-score: 1.000
synthetic_ref	F-score: 1.000
synthetic_ref	F-score: 1.000
synthetic_ref	F-score: 1.000
synthetic_ref	F-score: 1.000
synthetic_ref	F-score: 1.000
synthetic_ref	F-score: 1.000
synthetic_ref	F-score: 1.000
synthetic_ref	F-score: 1.000
synthetic_ref	F-score: 1.000
synthetic_ref	F-score: 1.000
synthetic_ref	F-score: 1.000
synthetic_ref	F-score: 1.000
synthetic_ref	F-score: 1.000
synthetic_ref	F-score: 1.000
synthetic_ref	F-score: 1.000
synthetic_ref	F-score: 1.000
synthetic_ref	F-score: 1.000
synthetic_ref	F-score: 1.000
synthetic_ref	F-score: 1.000
synthetic_ref	F-score: 1.000
synthetic_ref	F-score: 1.000
synthetic_ref	F-score: 1.000
synthetic_ref	F-score: 1.000
synthetic_ref	F-score: 1.000
synthetic_ref	F-score: 1.000
synthetic_ref	F-score: 1.000
synthetic_ref	F-score: 1.000
synthetic_ref	F-score: 1.000
synthetic_ref	F-score: 1.000
synthetic_ref	F-score: 1.000
synthetic_ref	F-score: 1.000
synthetic_ref	F-score: 1.000
synthetic_ref	F-score: 1.000
synthetic_ref	F-score: 1.000
synthetic_ref	F-score: 1.000
synthetic_ref	F-score: 1.000
synthetic_ref	F-score: 1.000
synthetic_ref	F-score: 1.000
synthetic_ref	F-score: 1.000
synthetic_ref	F-score: 1.000
synthetic_ref	F-score: 1.000
synthetic_ref	F-score: 1.000
synthetic_ref	F-score: 1.000
synthetic_ref	F-score: 1.000
synthetic_ref	F-score: 1.000
synthetic_ref	F-score: 1.000
synthetic_ref	F-score: 1.000
synthetic_ref	F-score: 1.000
synthetic_ref	F-score: 1.000
synthetic_ref	F-score: 1.000
synthetic_ref	F-score: 1.000
synthetic_ref	F-score: 1.000
synthetic_ref	F-score: 1.000
synthetic_ref	F-score: 1.000
synthetic_ref	F-score: 1.000
synthetic_ref	F-score: 1.000
synthetic_ref	F-score: 1.000
synthetic_ref	F-score: 1.000
synthetic_ref	F-score: 1.000
synthetic_ref	F-score: 1.000
synthetic_ref	F-score: 1.000
synthetic_ref	F-score: 1.000
synthetic_ref	F-score: 1.000
synthetic_ref	F-score: 1.000
synthetic_ref	F-score: 1.000
synthetic_ref	F-score: 1.000
synthetic_ref	F-score: 1.000
synthetic_ref	F-score: 1.000
synthetic_ref	F-score: 1.000
synthetic_ref	F-score: 1.000
synthetic_ref	F-score: 1.000
synthetic_ref	F-score: 1.000
synthetic_ref	F-score: 1.000
synthetic_ref	F-score: 1.000
synthetic_ref	F-score: 1.000
synthetic_ref	F-score: 1.000
synthetic_ref	F-score: 1.000
synthetic_ref	F-score: 1.000
synthetic_ref	F-score: 1.000
synthetic_ref	F-score: 1.000
synthetic_ref	F-score: 1.000
synthetic_ref	F-score: 1.000
synthetic_ref	F-score: 1.000
synthetic_ref	F-score: 1.000
synthetic_ref	F-score: 1.000
synthetic_ref	F-score: 1.000
synthetic_ref	F-score: 1.000
synthetic_ref	F-score: 1.000
synthetic_ref	F-score: 1.000
synthetic_ref	F-score: 1.000
synthetic_ref	F-score: 1.000
synthetic_ref	F-score: 1.000
synthetic_ref	F-score: 1.000
synthetic_ref	F-score: 1.000
synthetic_ref	F-score: 1.000
synthetic_ref	F-score: 1.000
synthetic_ref	F-score: 1.000
synthetic_ref	F-score: 1.000
synthetic_ref	F-score: 1.000
synthetic_ref	F-score: 1.000
synthetic_ref	F-score: 1.000
synthetic_ref	F-score: 1.000
synthetic_ref	F-score: 1.000
synthetic_ref	F-score: 1.000
synthetic_ref	F-score: 1.000
synthetic_ref	F-score: 1.000
synthetic_ref	F-score: 1.000
synthetic_ref	F-score: 1.000
synthetic_ref	F-score: 1.000
synthetic_ref	F-score: 1.000
synthetic_ref	F-score: 1.000
synthetic_ref	F-score: 1.000
synthetic_ref	F-score: 1.000
synthetic_ref	F-score: 1.000
synthetic_ref	F-score: 1.000
synthetic_ref	F-score: 1.000
synthetic_ref	F-score: 1.000
synthetic_ref	F-score: 1.000
synthetic_ref	F-score: 1.000
synthetic_ref	F-score: 1.000
synthetic_ref	F-score: 1.000
synthetic_ref	F-score: 1.000
synthetic_ref	F-score: 1.000
synthetic_ref	F-score: 1.000
synthetic_ref	F-score: 1.000
synthetic_ref	F-score: 1.000
synthetic_ref	F-score: 1.000
synthetic_ref	F-score: 1.000
synthetic_ref	F-score: 1.000
synthetic_ref	F-score: 1.000
synthetic_ref	F-score: 1.000
synthetic_ref	F-score: 1.000
synthetic_ref	F-score: 1.000
synthetic_ref	F-score: 1.000
synthetic_ref	F-score: 1.000
synthetic_ref	F-score: 1.000
synthetic_ref	F-score: 1.000
synthetic_ref	F-score: 1.000
synthetic_ref	F-score: 1.000
synthetic_ref	F-score: 1.000
synthetic_ref	F-score: 1.000
synthetic_ref	F-score: 1.000
synthetic_ref	F-score: 1.000
synthetic_ref	F-score: 1.000
synthetic_ref	F-score: 1.000
synthetic_ref	F-score: 1.000
synthetic_ref	F-score: 1.000
synthetic_ref	F-score: 1.000
synthetic_ref	F-score: 1.000
synthetic_ref	F-score: 1.000
synthetic_ref	F-score: 1.000
synthetic_ref	F-score: 1.087
synthetic_ref	F-score: 1.000
synthetic_ref	F-score: 1.000
synthetic_ref	F-score: 1.000
synthetic_ref	F-score: 1.000
synthetic_ref	F-score: 1.000
synthetic_ref	F-score: 1.000
synthetic_ref	F-score: 1.000
synthetic_ref	F-score: 1.000
synthetic_ref	F-score: 1.000
synthetic_ref	F-score: 1.000
synthetic_ref	F-score: 1.000
synthetic_ref	F-score: 1.000
synthetic_ref	F-score: 1.057
synthetic_ref	F-score: 1.000
synthetic_ref	F-score: 1.000
synthetic_ref	F-score: 1.000
synthetic_ref	F-score: 1.000
synthetic_ref	F-score: 1.000
synthetic_ref	F-score: 1.000
synthetic_ref	F-score: 1.000
synthetic_ref	F-score: 1.000
synthetic_ref	F-score: 1.000
synthetic_ref	F-score: 1.000
synthetic_ref	F-score: 1.000
synthetic_ref	F-score: 1.000
synthetic_ref	F-score: 1.000
synthetic_ref	F-score: 1.000
synthetic_ref	F-score: 1.000
synthetic_ref	F-score: 1.000
synthetic_ref	F-score: 1.000
synthetic_ref	F-score: 1.000
synthetic_ref	F-score: 1.000
synthetic_ref	F-score: 1.000
synthetic_ref	F-score: 1.000
synthetic_ref	F-score: 1.000
synthetic_ref	F-score: 1.000
synthetic_ref	F-score: 1.000
synthetic_ref	F-score: 1.000
synthetic_ref	F-score: 1.000
synthetic_ref	F-score: 1.000
synthetic_ref	F-score: 1.000
synthetic_ref	F-score: 1.000
synthetic_ref	F-score: 1.000
synthetic_ref	F-score: 1.000
synthetic_ref	F-score: 1.000
synthetic_ref	F-score: 1.000
synthetic_ref	F-score: 1.000
synthetic_ref	F-score: 1.000
synthetic_ref	F-score: 1.000
synthetic_ref	F-score: 1.000
synthetic_ref	F-score: 1.000
synthetic_ref	F-score: 1.000
synthetic_ref	F-score: 1.000
synthetic_ref	F-score: 1.000
synthetic_ref	F-score: 1.000
synthetic_ref	F-score: 1.000
synthetic_ref	F-score: 1.000
synthetic_ref	F-score: 1.000
synthetic_ref	F-score: 1.000
synthetic_ref	F-score: 1.000
synthetic_ref	F-score: 1.000
synthetic_ref	F-score: 1.000
synthetic_ref	F-score: 1.000
synthetic_ref	F-score: 1.000
synthetic_ref	F-score: 1.000
synthetic_ref	F-score: 1.000
synthetic_ref	F-score: 1.000
synthetic_ref	F-score: 1.000
synthetic_ref	F-score: 1.000
synthetic_ref	F-score: 1.000
synthetic_ref	F-score: 1.000
synthetic_ref	F-score: 1.000
synthetic_ref	F-score: 1.000
synthetic_ref	F-score: 1.000
synthetic_ref	F-score: 1.000
synthetic_ref	F-score: 1.000
synthetic_ref	F-score: 1.000
synthetic_ref	F-score: 1.000
synthetic_ref	F-score: 1.000
synthetic_ref	F-score: 1.000
synthetic_ref	F-score: 1.000
synthetic_ref	F-score: 1.000
synthetic_ref	F-score: 1.000
synthetic_ref	F-score: 1.000
synthetic_ref	F-score: 1.000
synthetic_ref	F-score: 1.000
synthetic_ref	F-score: 1.000
synthetic_ref	F-score: 1.000
synthetic_ref	F-score: 1.000
synthetic_ref	F-score: 1.000
synthetic_ref	F-score: 1.000
synthetic_ref	F-score: 1.000
synthetic_ref	F-score: 1.000
synthetic_ref	F-score: 1.000
synthetic_ref	F-score: 1.000
synthetic_ref	F-score: 1.000
synthetic_ref	F-score: 1.000
synthetic_ref	F-score: 1.000
synthetic_ref	F-score: 1.000
synthetic_ref	F-score: 1.000
synthetic_ref	F-score: 1.000
synthetic_ref	F-score: 1.000
synthetic_ref	F-score: 1.000
synthetic_ref	F-score: 1.000
synthetic_ref	F-score: 1.000
synthetic_ref	F-score: 1.000
synthetic_ref	F-score: 1.000
synthetic_ref	F-score: 1.000
synthetic_ref	F-score: 1.000
synthetic_ref	F-score: 1.000
synthetic_ref	F-score: 1.000
synthetic_ref	F-score: 1.000
synthetic_ref	F-score: 1.000
synthetic_ref	F-score: 1.000
synthetic_ref	F-score: 1.000
synthetic_ref	F-score: 1.000
synthetic_ref	F-score: 1.000
synthetic_ref	F-score: 1.000
synthetic_ref	F-score: 1.000
synthetic_ref	F-score: 1.000
synthetic_ref	F-score: 1.000
synthetic_ref	F-score: 1.000
synthetic_ref	F-score: 1.000
synthetic_ref	F-score: 1.000
synthetic_ref	F-score: 1.000
synthetic_ref	F-score: 1.000
synthetic_ref	F-score: 1.000
synthetic_ref	F-score: 1.000
synthetic_ref	F-score: 1.000
synthetic_ref	F-score: 1.000
synthetic_ref	F-score: 1.000
synthetic_ref	F-score: 1.000
synthetic_ref	F-score: 1.000
synthetic_ref	F-score: 1.023
synthetic_ref	F-score: 1.077
synthetic_ref	F-score: 1.000
synthetic_ref	F-score: 1.000
synthetic_ref	F-score: 1.000
synthetic_ref	F-score: 1.000
synthetic_ref	F-score: 1.000
synthetic_ref	F-score: 1.000
synthetic_ref	F-score: 1.000
synthetic_ref	F-score: 1.000
synthetic_ref	F-score: 1.000
synthetic_ref	F-score: 1.000
synthetic_ref	F-score: 1.000
synthetic_ref	F-score: 1.000
synthetic_ref	F-score: 1.000
synthetic_ref	F-score: 1.000
synthetic_ref	F-score: 1.000
synthetic_ref	F-score: 1.000
synthetic_ref	F-score: 1.000
synthetic_ref	F-score: 1.000
synthetic_ref	F-score: 1.000
synthetic_ref	F-score: 1.000
synthetic_ref	F-score: 1.000
synthetic_ref	F-score: 1.000
synthetic_ref	F-score: 1.000
synthetic_ref	F-score: 1.000
synthetic_ref	F-score: 1.000
synthetic_ref	F-score: 1.000
synthetic_ref	F-score: 1.000
synthetic_ref	F-score: 1.000
synthetic_ref	F-score: 1.000
synthetic_ref	F-score: 1.000
synthetic_ref	F-score: 1.000
synthetic_ref	F-score: 1.000
synthetic_ref	F-score: 1.000
synthetic_ref	F-score: 1.000
synthetic_ref	F-score: 1.000
